equals!!!!!1!!!!
equals!!!!!n-1!!!!
equals!!!!!1!!!!
equals!!!!!i+1!!!!
equals!!!!!i!!!!
equals!!!!!1!!!!
equals!!!!!n!!!!
equals!!!!!1!!!!
equals!!!!!j+1!!!!
equals!!!!!data[min]!!!!
equals!!!!!j!!!!
equals!!!!!data[min]!!!!
equals!!!!!data[i]!!!!
equals!!!!!data[min]+data[i]!!!!
equals!!!!!data[min]!!!!
equals!!!!!data[i]-data[min]!!!!
equals!!!!!data[min]!!!!
equals!!!!!data[i]-data[min]!!!!
DFS is ready to dump ~
SIZE!!15
Path:int data[5];
int n;
int min;
int i=0;
@(i<n-1);
i=i+1;
int i=0;
min=i;
int j=i+1;
@(j<n);
j=j+1;
int j=i+1;
@(data[j]<data[min]);

@(j<n);
j=j+1;
int j=i+1;
@(data[j]<data[min]);

@(j<n);
j=j+1;
int j=i+1;
@(data[j]<data[min]);

@(!(j<n));
j=j+1;

@(data[i]!=data[min]);

data[i]=data[min]+data[i];
data[min]=data[i]-data[min];
data[i]=data[i]-data[min];

warning: a declaration with the name "i" already exists!
warning: a declaration with the name "j" already exists!
warning: a declaration with the name "j" already exists!
warning: a declaration with the name "j" already exists!
debug:solver.cpp:60: input is a c0 path.
debug:solver.cpp:60: input is a c0 path.
infeasible!!!
SMT2:; 
(set-info :status unknown)
(assert
 (let ((?x8 (+ 0 5)))
 (let ((?x10 (+ ?x8 1)))
 (let ((?x11 (+ ?x10 1)))
 (let ((?x6 ((as const (Array Int Int)) 0)))
 (let ((?x12 (store ?x6 ?x11 0)))
 (let ((?x13 (select ?x12 ?x11)))
 (< ?x13 (- (select ?x12 ?x8) 1)))))))))
(assert
 (let ((?x8 (+ 0 5)))
 (let ((?x10 (+ ?x8 1)))
 (let ((?x11 (+ ?x10 1)))
 (let ((?x6 ((as const (Array Int Int)) 0)))
 (let ((?x12 (store ?x6 ?x11 0)))
 (let ((?x18 (store ?x12 ?x11 (+ (select ?x12 ?x11) 1))))
 (let ((?x20 (store ?x18 ?x10 (select ?x18 ?x11))))
 (let ((?x21 (+ ?x11 1)))
 (let ((?x24 (store ?x20 ?x21 (+ (select ?x20 ?x11) 1))))
 (let ((?x25 (select ?x24 ?x21)))
 (< ?x25 (select ?x24 ?x8)))))))))))))
(assert
 (let ((?x8 (+ 0 5)))
 (let ((?x10 (+ ?x8 1)))
 (let ((?x11 (+ ?x10 1)))
 (let ((?x21 (+ ?x11 1)))
 (let ((?x6 ((as const (Array Int Int)) 0)))
 (let ((?x12 (store ?x6 ?x11 0)))
 (let ((?x18 (store ?x12 ?x11 (+ (select ?x12 ?x11) 1))))
 (let ((?x20 (store ?x18 ?x10 (select ?x18 ?x11))))
 (let ((?x24 (store ?x20 ?x21 (+ (select ?x20 ?x11) 1))))
 (let ((?x25 (select ?x24 ?x21)))
 (let ((?x29 (store ?x24 ?x21 (+ ?x25 1))))
 (let ((?x30 (select ?x29 ?x21)))
 (and (<= 0 ?x30) (< ?x30 1)))))))))))))))
(assert
 (let ((?x8 (+ 0 5)))
 (let ((?x10 (+ ?x8 1)))
 (let ((?x11 (+ ?x10 1)))
 (let ((?x21 (+ ?x11 1)))
 (let ((?x6 ((as const (Array Int Int)) 0)))
 (let ((?x12 (store ?x6 ?x11 0)))
 (let ((?x18 (store ?x12 ?x11 (+ (select ?x12 ?x11) 1))))
 (let ((?x20 (store ?x18 ?x10 (select ?x18 ?x11))))
 (let ((?x24 (store ?x20 ?x21 (+ (select ?x20 ?x11) 1))))
 (let ((?x25 (select ?x24 ?x21)))
 (let ((?x29 (store ?x24 ?x21 (+ ?x25 1))))
 (let ((?x34 (select ?x29 ?x10)))
 (and (<= 0 ?x34) (< ?x34 1)))))))))))))))
(assert
 (let ((?x8 (+ 0 5)))
 (let ((?x10 (+ ?x8 1)))
 (let ((?x11 (+ ?x10 1)))
 (let ((?x21 (+ ?x11 1)))
 (let ((?x6 ((as const (Array Int Int)) 0)))
 (let ((?x12 (store ?x6 ?x11 0)))
 (let ((?x18 (store ?x12 ?x11 (+ (select ?x12 ?x11) 1))))
 (let ((?x20 (store ?x18 ?x10 (select ?x18 ?x11))))
 (let ((?x24 (store ?x20 ?x21 (+ (select ?x20 ?x11) 1))))
 (let ((?x25 (select ?x24 ?x21)))
 (let ((?x29 (store ?x24 ?x21 (+ ?x25 1))))
 (let ((?x34 (select ?x29 ?x10)))
 (< (select ?x29 (+ 0 (* 1 (select ?x29 ?x21)))) (select ?x29 (+ 0 (* 1 ?x34)))))))))))))))))
(assert
 (let ((?x8 (+ 0 5)))
 (let ((?x10 (+ ?x8 1)))
 (let ((?x11 (+ ?x10 1)))
 (let ((?x21 (+ ?x11 1)))
 (let ((?x6 ((as const (Array Int Int)) 0)))
 (let ((?x12 (store ?x6 ?x11 0)))
 (let ((?x18 (store ?x12 ?x11 (+ (select ?x12 ?x11) 1))))
 (let ((?x20 (store ?x18 ?x10 (select ?x18 ?x11))))
 (let ((?x24 (store ?x20 ?x21 (+ (select ?x20 ?x11) 1))))
 (let ((?x25 (select ?x24 ?x21)))
 (let ((?x29 (store ?x24 ?x21 (+ ?x25 1))))
 (let ((?x30 (select ?x29 ?x21)))
 (< ?x30 (select ?x29 ?x8)))))))))))))))
(assert
 (let ((?x8 (+ 0 5)))
 (let ((?x10 (+ ?x8 1)))
 (let ((?x11 (+ ?x10 1)))
 (let ((?x21 (+ ?x11 1)))
 (let ((?x6 ((as const (Array Int Int)) 0)))
 (let ((?x12 (store ?x6 ?x11 0)))
 (let ((?x18 (store ?x12 ?x11 (+ (select ?x12 ?x11) 1))))
 (let ((?x20 (store ?x18 ?x10 (select ?x18 ?x11))))
 (let ((?x24 (store ?x20 ?x21 (+ (select ?x20 ?x11) 1))))
 (let ((?x25 (select ?x24 ?x21)))
 (let ((?x29 (store ?x24 ?x21 (+ ?x25 1))))
 (let ((?x30 (select ?x29 ?x21)))
 (let ((?x48 (store ?x29 ?x21 (+ ?x30 1))))
 (let ((?x49 (select ?x48 ?x21)))
 (and (<= 0 ?x49) (< ?x49 1)))))))))))))))))
(assert
 (let ((?x8 (+ 0 5)))
 (let ((?x10 (+ ?x8 1)))
 (let ((?x11 (+ ?x10 1)))
 (let ((?x21 (+ ?x11 1)))
 (let ((?x6 ((as const (Array Int Int)) 0)))
 (let ((?x12 (store ?x6 ?x11 0)))
 (let ((?x18 (store ?x12 ?x11 (+ (select ?x12 ?x11) 1))))
 (let ((?x20 (store ?x18 ?x10 (select ?x18 ?x11))))
 (let ((?x24 (store ?x20 ?x21 (+ (select ?x20 ?x11) 1))))
 (let ((?x25 (select ?x24 ?x21)))
 (let ((?x29 (store ?x24 ?x21 (+ ?x25 1))))
 (let ((?x30 (select ?x29 ?x21)))
 (let ((?x48 (store ?x29 ?x21 (+ ?x30 1))))
 (let ((?x53 (select ?x48 ?x10)))
 (and (<= 0 ?x53) (< ?x53 1)))))))))))))))))
(assert
 (let ((?x8 (+ 0 5)))
 (let ((?x10 (+ ?x8 1)))
 (let ((?x11 (+ ?x10 1)))
 (let ((?x21 (+ ?x11 1)))
 (let ((?x6 ((as const (Array Int Int)) 0)))
 (let ((?x12 (store ?x6 ?x11 0)))
 (let ((?x18 (store ?x12 ?x11 (+ (select ?x12 ?x11) 1))))
 (let ((?x20 (store ?x18 ?x10 (select ?x18 ?x11))))
 (let ((?x24 (store ?x20 ?x21 (+ (select ?x20 ?x11) 1))))
 (let ((?x25 (select ?x24 ?x21)))
 (let ((?x29 (store ?x24 ?x21 (+ ?x25 1))))
 (let ((?x30 (select ?x29 ?x21)))
 (let ((?x48 (store ?x29 ?x21 (+ ?x30 1))))
 (let ((?x53 (select ?x48 ?x10)))
 (< (select ?x48 (+ 0 (* 1 (select ?x48 ?x21)))) (select ?x48 (+ 0 (* 1 ?x53)))))))))))))))))))
(assert
 (let ((?x8 (+ 0 5)))
 (let ((?x10 (+ ?x8 1)))
 (let ((?x11 (+ ?x10 1)))
 (let ((?x21 (+ ?x11 1)))
 (let ((?x6 ((as const (Array Int Int)) 0)))
 (let ((?x12 (store ?x6 ?x11 0)))
 (let ((?x18 (store ?x12 ?x11 (+ (select ?x12 ?x11) 1))))
 (let ((?x20 (store ?x18 ?x10 (select ?x18 ?x11))))
 (let ((?x24 (store ?x20 ?x21 (+ (select ?x20 ?x11) 1))))
 (let ((?x25 (select ?x24 ?x21)))
 (let ((?x29 (store ?x24 ?x21 (+ ?x25 1))))
 (let ((?x30 (select ?x29 ?x21)))
 (let ((?x48 (store ?x29 ?x21 (+ ?x30 1))))
 (let ((?x49 (select ?x48 ?x21)))
 (< ?x49 (select ?x48 ?x8)))))))))))))))))
(assert
 (let ((?x8 (+ 0 5)))
 (let ((?x10 (+ ?x8 1)))
 (let ((?x11 (+ ?x10 1)))
 (let ((?x21 (+ ?x11 1)))
 (let ((?x6 ((as const (Array Int Int)) 0)))
 (let ((?x12 (store ?x6 ?x11 0)))
 (let ((?x18 (store ?x12 ?x11 (+ (select ?x12 ?x11) 1))))
 (let ((?x20 (store ?x18 ?x10 (select ?x18 ?x11))))
 (let ((?x24 (store ?x20 ?x21 (+ (select ?x20 ?x11) 1))))
 (let ((?x25 (select ?x24 ?x21)))
 (let ((?x29 (store ?x24 ?x21 (+ ?x25 1))))
 (let ((?x30 (select ?x29 ?x21)))
 (let ((?x48 (store ?x29 ?x21 (+ ?x30 1))))
 (let ((?x49 (select ?x48 ?x21)))
 (let ((?x67 (store ?x48 ?x21 (+ ?x49 1))))
 (let ((?x68 (select ?x67 ?x21)))
 (and (<= 0 ?x68) (< ?x68 1)))))))))))))))))))
(assert
 (let ((?x8 (+ 0 5)))
 (let ((?x10 (+ ?x8 1)))
 (let ((?x11 (+ ?x10 1)))
 (let ((?x21 (+ ?x11 1)))
 (let ((?x6 ((as const (Array Int Int)) 0)))
 (let ((?x12 (store ?x6 ?x11 0)))
 (let ((?x18 (store ?x12 ?x11 (+ (select ?x12 ?x11) 1))))
 (let ((?x20 (store ?x18 ?x10 (select ?x18 ?x11))))
 (let ((?x24 (store ?x20 ?x21 (+ (select ?x20 ?x11) 1))))
 (let ((?x25 (select ?x24 ?x21)))
 (let ((?x29 (store ?x24 ?x21 (+ ?x25 1))))
 (let ((?x30 (select ?x29 ?x21)))
 (let ((?x48 (store ?x29 ?x21 (+ ?x30 1))))
 (let ((?x49 (select ?x48 ?x21)))
 (let ((?x67 (store ?x48 ?x21 (+ ?x49 1))))
 (let ((?x72 (select ?x67 ?x10)))
 (and (<= 0 ?x72) (< ?x72 1)))))))))))))))))))
(assert
 (let ((?x8 (+ 0 5)))
 (let ((?x10 (+ ?x8 1)))
 (let ((?x11 (+ ?x10 1)))
 (let ((?x21 (+ ?x11 1)))
 (let ((?x6 ((as const (Array Int Int)) 0)))
 (let ((?x12 (store ?x6 ?x11 0)))
 (let ((?x18 (store ?x12 ?x11 (+ (select ?x12 ?x11) 1))))
 (let ((?x20 (store ?x18 ?x10 (select ?x18 ?x11))))
 (let ((?x24 (store ?x20 ?x21 (+ (select ?x20 ?x11) 1))))
 (let ((?x25 (select ?x24 ?x21)))
 (let ((?x29 (store ?x24 ?x21 (+ ?x25 1))))
 (let ((?x30 (select ?x29 ?x21)))
 (let ((?x48 (store ?x29 ?x21 (+ ?x30 1))))
 (let ((?x49 (select ?x48 ?x21)))
 (let ((?x67 (store ?x48 ?x21 (+ ?x49 1))))
 (let ((?x72 (select ?x67 ?x10)))
 (< (select ?x67 (+ 0 (* 1 (select ?x67 ?x21)))) (select ?x67 (+ 0 (* 1 ?x72)))))))))))))))))))))
(assert
 (let ((?x8 (+ 0 5)))
 (let ((?x10 (+ ?x8 1)))
 (let ((?x11 (+ ?x10 1)))
 (let ((?x21 (+ ?x11 1)))
 (let ((?x6 ((as const (Array Int Int)) 0)))
 (let ((?x12 (store ?x6 ?x11 0)))
 (let ((?x18 (store ?x12 ?x11 (+ (select ?x12 ?x11) 1))))
 (let ((?x20 (store ?x18 ?x10 (select ?x18 ?x11))))
 (let ((?x24 (store ?x20 ?x21 (+ (select ?x20 ?x11) 1))))
 (let ((?x25 (select ?x24 ?x21)))
 (let ((?x29 (store ?x24 ?x21 (+ ?x25 1))))
 (let ((?x30 (select ?x29 ?x21)))
 (let ((?x48 (store ?x29 ?x21 (+ ?x30 1))))
 (let ((?x49 (select ?x48 ?x21)))
 (let ((?x67 (store ?x48 ?x21 (+ ?x49 1))))
 (let ((?x68 (select ?x67 ?x21)))
 (not (< ?x68 (select ?x67 ?x8))))))))))))))))))))
(assert
 (let ((?x8 (+ 0 5)))
 (let ((?x10 (+ ?x8 1)))
 (let ((?x11 (+ ?x10 1)))
 (let ((?x21 (+ ?x11 1)))
 (let ((?x6 ((as const (Array Int Int)) 0)))
 (let ((?x12 (store ?x6 ?x11 0)))
 (let ((?x18 (store ?x12 ?x11 (+ (select ?x12 ?x11) 1))))
 (let ((?x20 (store ?x18 ?x10 (select ?x18 ?x11))))
 (let ((?x24 (store ?x20 ?x21 (+ (select ?x20 ?x11) 1))))
 (let ((?x25 (select ?x24 ?x21)))
 (let ((?x29 (store ?x24 ?x21 (+ ?x25 1))))
 (let ((?x30 (select ?x29 ?x21)))
 (let ((?x48 (store ?x29 ?x21 (+ ?x30 1))))
 (let ((?x49 (select ?x48 ?x21)))
 (let ((?x67 (store ?x48 ?x21 (+ ?x49 1))))
 (let ((?x68 (select ?x67 ?x21)))
 (let ((?x87 (store ?x67 ?x21 (+ ?x68 1))))
 (let ((?x88 (select ?x87 ?x11)))
 (and (<= 0 ?x88) (< ?x88 1)))))))))))))))))))))
(assert
 (let ((?x8 (+ 0 5)))
 (let ((?x10 (+ ?x8 1)))
 (let ((?x11 (+ ?x10 1)))
 (let ((?x21 (+ ?x11 1)))
 (let ((?x6 ((as const (Array Int Int)) 0)))
 (let ((?x12 (store ?x6 ?x11 0)))
 (let ((?x18 (store ?x12 ?x11 (+ (select ?x12 ?x11) 1))))
 (let ((?x20 (store ?x18 ?x10 (select ?x18 ?x11))))
 (let ((?x24 (store ?x20 ?x21 (+ (select ?x20 ?x11) 1))))
 (let ((?x25 (select ?x24 ?x21)))
 (let ((?x29 (store ?x24 ?x21 (+ ?x25 1))))
 (let ((?x30 (select ?x29 ?x21)))
 (let ((?x48 (store ?x29 ?x21 (+ ?x30 1))))
 (let ((?x49 (select ?x48 ?x21)))
 (let ((?x67 (store ?x48 ?x21 (+ ?x49 1))))
 (let ((?x68 (select ?x67 ?x21)))
 (let ((?x87 (store ?x67 ?x21 (+ ?x68 1))))
 (let ((?x92 (select ?x87 ?x10)))
 (and (<= 0 ?x92) (< ?x92 1)))))))))))))))))))))
(assert
 (let ((?x8 (+ 0 5)))
 (let ((?x10 (+ ?x8 1)))
 (let ((?x11 (+ ?x10 1)))
 (let ((?x21 (+ ?x11 1)))
 (let ((?x6 ((as const (Array Int Int)) 0)))
 (let ((?x12 (store ?x6 ?x11 0)))
 (let ((?x18 (store ?x12 ?x11 (+ (select ?x12 ?x11) 1))))
 (let ((?x20 (store ?x18 ?x10 (select ?x18 ?x11))))
 (let ((?x24 (store ?x20 ?x21 (+ (select ?x20 ?x11) 1))))
 (let ((?x25 (select ?x24 ?x21)))
 (let ((?x29 (store ?x24 ?x21 (+ ?x25 1))))
 (let ((?x30 (select ?x29 ?x21)))
 (let ((?x48 (store ?x29 ?x21 (+ ?x30 1))))
 (let ((?x49 (select ?x48 ?x21)))
 (let ((?x67 (store ?x48 ?x21 (+ ?x49 1))))
 (let ((?x68 (select ?x67 ?x21)))
 (let ((?x87 (store ?x67 ?x21 (+ ?x68 1))))
 (let ((?x92 (select ?x87 ?x10)))
 (let ((?x101 (select ?x87 (+ 0 (* 1 ?x92)))))
 (let ((?x97 (+ 0 (* 1 (select ?x87 ?x11)))))
 (let ((?x98 (select ?x87 ?x97)))
 (and (distinct ?x98 ?x101) true)))))))))))))))))))))))
(assert
 (let ((?x8 (+ 0 5)))
 (let ((?x10 (+ ?x8 1)))
 (let ((?x11 (+ ?x10 1)))
 (let ((?x21 (+ ?x11 1)))
 (let ((?x6 ((as const (Array Int Int)) 0)))
 (let ((?x12 (store ?x6 ?x11 0)))
 (let ((?x18 (store ?x12 ?x11 (+ (select ?x12 ?x11) 1))))
 (let ((?x20 (store ?x18 ?x10 (select ?x18 ?x11))))
 (let ((?x24 (store ?x20 ?x21 (+ (select ?x20 ?x11) 1))))
 (let ((?x25 (select ?x24 ?x21)))
 (let ((?x29 (store ?x24 ?x21 (+ ?x25 1))))
 (let ((?x30 (select ?x29 ?x21)))
 (let ((?x48 (store ?x29 ?x21 (+ ?x30 1))))
 (let ((?x49 (select ?x48 ?x21)))
 (let ((?x67 (store ?x48 ?x21 (+ ?x49 1))))
 (let ((?x68 (select ?x67 ?x21)))
 (let ((?x87 (store ?x67 ?x21 (+ ?x68 1))))
 (let ((?x92 (select ?x87 ?x10)))
 (and (<= 0 ?x92) (< ?x92 1)))))))))))))))))))))
(assert
 (let ((?x8 (+ 0 5)))
 (let ((?x10 (+ ?x8 1)))
 (let ((?x11 (+ ?x10 1)))
 (let ((?x21 (+ ?x11 1)))
 (let ((?x6 ((as const (Array Int Int)) 0)))
 (let ((?x12 (store ?x6 ?x11 0)))
 (let ((?x18 (store ?x12 ?x11 (+ (select ?x12 ?x11) 1))))
 (let ((?x20 (store ?x18 ?x10 (select ?x18 ?x11))))
 (let ((?x24 (store ?x20 ?x21 (+ (select ?x20 ?x11) 1))))
 (let ((?x25 (select ?x24 ?x21)))
 (let ((?x29 (store ?x24 ?x21 (+ ?x25 1))))
 (let ((?x30 (select ?x29 ?x21)))
 (let ((?x48 (store ?x29 ?x21 (+ ?x30 1))))
 (let ((?x49 (select ?x48 ?x21)))
 (let ((?x67 (store ?x48 ?x21 (+ ?x49 1))))
 (let ((?x68 (select ?x67 ?x21)))
 (let ((?x87 (store ?x67 ?x21 (+ ?x68 1))))
 (let ((?x88 (select ?x87 ?x11)))
 (and (<= 0 ?x88) (< ?x88 1)))))))))))))))))))))
(assert
 (let ((?x8 (+ 0 5)))
 (let ((?x10 (+ ?x8 1)))
 (let ((?x11 (+ ?x10 1)))
 (let ((?x21 (+ ?x11 1)))
 (let ((?x6 ((as const (Array Int Int)) 0)))
 (let ((?x12 (store ?x6 ?x11 0)))
 (let ((?x18 (store ?x12 ?x11 (+ (select ?x12 ?x11) 1))))
 (let ((?x20 (store ?x18 ?x10 (select ?x18 ?x11))))
 (let ((?x24 (store ?x20 ?x21 (+ (select ?x20 ?x11) 1))))
 (let ((?x25 (select ?x24 ?x21)))
 (let ((?x29 (store ?x24 ?x21 (+ ?x25 1))))
 (let ((?x30 (select ?x29 ?x21)))
 (let ((?x48 (store ?x29 ?x21 (+ ?x30 1))))
 (let ((?x49 (select ?x48 ?x21)))
 (let ((?x67 (store ?x48 ?x21 (+ ?x49 1))))
 (let ((?x68 (select ?x67 ?x21)))
 (let ((?x87 (store ?x67 ?x21 (+ ?x68 1))))
 (let ((?x88 (select ?x87 ?x11)))
 (and (<= 0 ?x88) (< ?x88 1)))))))))))))))))))))
(assert
 (let ((?x8 (+ 0 5)))
 (let ((?x10 (+ ?x8 1)))
 (let ((?x11 (+ ?x10 1)))
 (let ((?x21 (+ ?x11 1)))
 (let ((?x6 ((as const (Array Int Int)) 0)))
 (let ((?x12 (store ?x6 ?x11 0)))
 (let ((?x18 (store ?x12 ?x11 (+ (select ?x12 ?x11) 1))))
 (let ((?x20 (store ?x18 ?x10 (select ?x18 ?x11))))
 (let ((?x24 (store ?x20 ?x21 (+ (select ?x20 ?x11) 1))))
 (let ((?x25 (select ?x24 ?x21)))
 (let ((?x29 (store ?x24 ?x21 (+ ?x25 1))))
 (let ((?x30 (select ?x29 ?x21)))
 (let ((?x48 (store ?x29 ?x21 (+ ?x30 1))))
 (let ((?x49 (select ?x48 ?x21)))
 (let ((?x67 (store ?x48 ?x21 (+ ?x49 1))))
 (let ((?x68 (select ?x67 ?x21)))
 (let ((?x87 (store ?x67 ?x21 (+ ?x68 1))))
 (let ((?x88 (select ?x87 ?x11)))
 (let ((?x97 (+ 0 (* 1 ?x88))))
 (let ((?x98 (select ?x87 ?x97)))
 (let ((?x101 (select ?x87 (+ 0 (* 1 (select ?x87 ?x10))))))
 (let ((?x104 (store ?x87 ?x97 (+ ?x101 ?x98))))
 (let ((?x105 (select ?x104 ?x11)))
 (and (<= 0 ?x105) (< ?x105 1))))))))))))))))))))))))))
(assert
 (let ((?x8 (+ 0 5)))
 (let ((?x10 (+ ?x8 1)))
 (let ((?x11 (+ ?x10 1)))
 (let ((?x21 (+ ?x11 1)))
 (let ((?x6 ((as const (Array Int Int)) 0)))
 (let ((?x12 (store ?x6 ?x11 0)))
 (let ((?x18 (store ?x12 ?x11 (+ (select ?x12 ?x11) 1))))
 (let ((?x20 (store ?x18 ?x10 (select ?x18 ?x11))))
 (let ((?x24 (store ?x20 ?x21 (+ (select ?x20 ?x11) 1))))
 (let ((?x25 (select ?x24 ?x21)))
 (let ((?x29 (store ?x24 ?x21 (+ ?x25 1))))
 (let ((?x30 (select ?x29 ?x21)))
 (let ((?x48 (store ?x29 ?x21 (+ ?x30 1))))
 (let ((?x49 (select ?x48 ?x21)))
 (let ((?x67 (store ?x48 ?x21 (+ ?x49 1))))
 (let ((?x68 (select ?x67 ?x21)))
 (let ((?x87 (store ?x67 ?x21 (+ ?x68 1))))
 (let ((?x88 (select ?x87 ?x11)))
 (let ((?x97 (+ 0 (* 1 ?x88))))
 (let ((?x98 (select ?x87 ?x97)))
 (let ((?x101 (select ?x87 (+ 0 (* 1 (select ?x87 ?x10))))))
 (let ((?x104 (store ?x87 ?x97 (+ ?x101 ?x98))))
 (let ((?x109 (select ?x104 ?x10)))
 (and (<= 0 ?x109) (< ?x109 1))))))))))))))))))))))))))
(assert
 (let ((?x8 (+ 0 5)))
 (let ((?x10 (+ ?x8 1)))
 (let ((?x11 (+ ?x10 1)))
 (let ((?x21 (+ ?x11 1)))
 (let ((?x6 ((as const (Array Int Int)) 0)))
 (let ((?x12 (store ?x6 ?x11 0)))
 (let ((?x18 (store ?x12 ?x11 (+ (select ?x12 ?x11) 1))))
 (let ((?x20 (store ?x18 ?x10 (select ?x18 ?x11))))
 (let ((?x24 (store ?x20 ?x21 (+ (select ?x20 ?x11) 1))))
 (let ((?x25 (select ?x24 ?x21)))
 (let ((?x29 (store ?x24 ?x21 (+ ?x25 1))))
 (let ((?x30 (select ?x29 ?x21)))
 (let ((?x48 (store ?x29 ?x21 (+ ?x30 1))))
 (let ((?x49 (select ?x48 ?x21)))
 (let ((?x67 (store ?x48 ?x21 (+ ?x49 1))))
 (let ((?x68 (select ?x67 ?x21)))
 (let ((?x87 (store ?x67 ?x21 (+ ?x68 1))))
 (let ((?x88 (select ?x87 ?x11)))
 (let ((?x97 (+ 0 (* 1 ?x88))))
 (let ((?x98 (select ?x87 ?x97)))
 (let ((?x101 (select ?x87 (+ 0 (* 1 (select ?x87 ?x10))))))
 (let ((?x104 (store ?x87 ?x97 (+ ?x101 ?x98))))
 (let ((?x109 (select ?x104 ?x10)))
 (and (<= 0 ?x109) (< ?x109 1))))))))))))))))))))))))))
(assert
 (let ((?x8 (+ 0 5)))
 (let ((?x10 (+ ?x8 1)))
 (let ((?x11 (+ ?x10 1)))
 (let ((?x21 (+ ?x11 1)))
 (let ((?x6 ((as const (Array Int Int)) 0)))
 (let ((?x12 (store ?x6 ?x11 0)))
 (let ((?x18 (store ?x12 ?x11 (+ (select ?x12 ?x11) 1))))
 (let ((?x20 (store ?x18 ?x10 (select ?x18 ?x11))))
 (let ((?x24 (store ?x20 ?x21 (+ (select ?x20 ?x11) 1))))
 (let ((?x25 (select ?x24 ?x21)))
 (let ((?x29 (store ?x24 ?x21 (+ ?x25 1))))
 (let ((?x30 (select ?x29 ?x21)))
 (let ((?x48 (store ?x29 ?x21 (+ ?x30 1))))
 (let ((?x49 (select ?x48 ?x21)))
 (let ((?x67 (store ?x48 ?x21 (+ ?x49 1))))
 (let ((?x68 (select ?x67 ?x21)))
 (let ((?x87 (store ?x67 ?x21 (+ ?x68 1))))
 (let ((?x88 (select ?x87 ?x11)))
 (let ((?x97 (+ 0 (* 1 ?x88))))
 (let ((?x98 (select ?x87 ?x97)))
 (let ((?x101 (select ?x87 (+ 0 (* 1 (select ?x87 ?x10))))))
 (let ((?x104 (store ?x87 ?x97 (+ ?x101 ?x98))))
 (let ((?x109 (select ?x104 ?x10)))
 (let ((?x114 (+ 0 (* 1 ?x109))))
 (let ((?x119 (- (select ?x104 (+ 0 (* 1 (select ?x104 ?x11)))) (select ?x104 ?x114))))
 (let ((?x120 (store ?x104 ?x114 ?x119)))
 (let ((?x121 (select ?x120 ?x11)))
 (and (<= 0 ?x121) (< ?x121 1))))))))))))))))))))))))))))))
(assert
 (let ((?x8 (+ 0 5)))
 (let ((?x10 (+ ?x8 1)))
 (let ((?x11 (+ ?x10 1)))
 (let ((?x21 (+ ?x11 1)))
 (let ((?x6 ((as const (Array Int Int)) 0)))
 (let ((?x12 (store ?x6 ?x11 0)))
 (let ((?x18 (store ?x12 ?x11 (+ (select ?x12 ?x11) 1))))
 (let ((?x20 (store ?x18 ?x10 (select ?x18 ?x11))))
 (let ((?x24 (store ?x20 ?x21 (+ (select ?x20 ?x11) 1))))
 (let ((?x25 (select ?x24 ?x21)))
 (let ((?x29 (store ?x24 ?x21 (+ ?x25 1))))
 (let ((?x30 (select ?x29 ?x21)))
 (let ((?x48 (store ?x29 ?x21 (+ ?x30 1))))
 (let ((?x49 (select ?x48 ?x21)))
 (let ((?x67 (store ?x48 ?x21 (+ ?x49 1))))
 (let ((?x68 (select ?x67 ?x21)))
 (let ((?x87 (store ?x67 ?x21 (+ ?x68 1))))
 (let ((?x88 (select ?x87 ?x11)))
 (let ((?x97 (+ 0 (* 1 ?x88))))
 (let ((?x98 (select ?x87 ?x97)))
 (let ((?x101 (select ?x87 (+ 0 (* 1 (select ?x87 ?x10))))))
 (let ((?x104 (store ?x87 ?x97 (+ ?x101 ?x98))))
 (let ((?x109 (select ?x104 ?x10)))
 (let ((?x114 (+ 0 (* 1 ?x109))))
 (let ((?x119 (- (select ?x104 (+ 0 (* 1 (select ?x104 ?x11)))) (select ?x104 ?x114))))
 (let ((?x120 (store ?x104 ?x114 ?x119)))
 (let ((?x125 (select ?x120 ?x10)))
 (and (<= 0 ?x125) (< ?x125 1))))))))))))))))))))))))))))))
(assert
 (let ((?x8 (+ 0 5)))
 (let ((?x10 (+ ?x8 1)))
 (let ((?x11 (+ ?x10 1)))
 (let ((?x21 (+ ?x11 1)))
 (let ((?x6 ((as const (Array Int Int)) 0)))
 (let ((?x12 (store ?x6 ?x11 0)))
 (let ((?x18 (store ?x12 ?x11 (+ (select ?x12 ?x11) 1))))
 (let ((?x20 (store ?x18 ?x10 (select ?x18 ?x11))))
 (let ((?x24 (store ?x20 ?x21 (+ (select ?x20 ?x11) 1))))
 (let ((?x25 (select ?x24 ?x21)))
 (let ((?x29 (store ?x24 ?x21 (+ ?x25 1))))
 (let ((?x30 (select ?x29 ?x21)))
 (let ((?x48 (store ?x29 ?x21 (+ ?x30 1))))
 (let ((?x49 (select ?x48 ?x21)))
 (let ((?x67 (store ?x48 ?x21 (+ ?x49 1))))
 (let ((?x68 (select ?x67 ?x21)))
 (let ((?x87 (store ?x67 ?x21 (+ ?x68 1))))
 (let ((?x88 (select ?x87 ?x11)))
 (let ((?x97 (+ 0 (* 1 ?x88))))
 (let ((?x98 (select ?x87 ?x97)))
 (let ((?x101 (select ?x87 (+ 0 (* 1 (select ?x87 ?x10))))))
 (let ((?x104 (store ?x87 ?x97 (+ ?x101 ?x98))))
 (let ((?x109 (select ?x104 ?x10)))
 (let ((?x114 (+ 0 (* 1 ?x109))))
 (let ((?x119 (- (select ?x104 (+ 0 (* 1 (select ?x104 ?x11)))) (select ?x104 ?x114))))
 (let ((?x120 (store ?x104 ?x114 ?x119)))
 (let ((?x121 (select ?x120 ?x11)))
 (and (<= 0 ?x121) (< ?x121 1))))))))))))))))))))))))))))))
(check-sat)

[mem]:17
Path:int data[5];
int n;
int min;
int i=0;
@(i<n-1);
i=i+1;
int i=0;
min=i;
int j=i+1;
@(j<n);
j=j+1;
int j=i+1;
@(data[j]<data[min]);

@(j<n);
j=j+1;
int j=i+1;
@(data[j]<data[min]);

@(j<n);
j=j+1;
int j=i+1;
@(data[j]<data[min]);

@(!(j<n));
j=j+1;

@(!(data[i]!=data[min]));

data[i]=data[min]+data[i];
data[min]=data[i]-data[min];
data[i]=data[i]-data[min];

warning: a declaration with the name "i" already exists!
warning: a declaration with the name "j" already exists!
warning: a declaration with the name "j" already exists!
warning: a declaration with the name "j" already exists!
debug:solver.cpp:60: input is a c0 path.
debug:solver.cpp:60: input is a c0 path.
infeasible!!!
SMT2:; 
(set-info :status unknown)
(assert
 (let ((?x8 (+ 0 5)))
 (let ((?x10 (+ ?x8 1)))
 (let ((?x11 (+ ?x10 1)))
 (let ((?x6 ((as const (Array Int Int)) 0)))
 (let ((?x12 (store ?x6 ?x11 0)))
 (let ((?x13 (select ?x12 ?x11)))
 (< ?x13 (- (select ?x12 ?x8) 1)))))))))
(assert
 (let ((?x8 (+ 0 5)))
 (let ((?x10 (+ ?x8 1)))
 (let ((?x11 (+ ?x10 1)))
 (let ((?x6 ((as const (Array Int Int)) 0)))
 (let ((?x12 (store ?x6 ?x11 0)))
 (let ((?x18 (store ?x12 ?x11 (+ (select ?x12 ?x11) 1))))
 (let ((?x20 (store ?x18 ?x10 (select ?x18 ?x11))))
 (let ((?x21 (+ ?x11 1)))
 (let ((?x24 (store ?x20 ?x21 (+ (select ?x20 ?x11) 1))))
 (let ((?x25 (select ?x24 ?x21)))
 (< ?x25 (select ?x24 ?x8)))))))))))))
(assert
 (let ((?x8 (+ 0 5)))
 (let ((?x10 (+ ?x8 1)))
 (let ((?x11 (+ ?x10 1)))
 (let ((?x21 (+ ?x11 1)))
 (let ((?x6 ((as const (Array Int Int)) 0)))
 (let ((?x12 (store ?x6 ?x11 0)))
 (let ((?x18 (store ?x12 ?x11 (+ (select ?x12 ?x11) 1))))
 (let ((?x20 (store ?x18 ?x10 (select ?x18 ?x11))))
 (let ((?x24 (store ?x20 ?x21 (+ (select ?x20 ?x11) 1))))
 (let ((?x25 (select ?x24 ?x21)))
 (let ((?x29 (store ?x24 ?x21 (+ ?x25 1))))
 (let ((?x30 (select ?x29 ?x21)))
 (and (<= 0 ?x30) (< ?x30 1)))))))))))))))
(assert
 (let ((?x8 (+ 0 5)))
 (let ((?x10 (+ ?x8 1)))
 (let ((?x11 (+ ?x10 1)))
 (let ((?x21 (+ ?x11 1)))
 (let ((?x6 ((as const (Array Int Int)) 0)))
 (let ((?x12 (store ?x6 ?x11 0)))
 (let ((?x18 (store ?x12 ?x11 (+ (select ?x12 ?x11) 1))))
 (let ((?x20 (store ?x18 ?x10 (select ?x18 ?x11))))
 (let ((?x24 (store ?x20 ?x21 (+ (select ?x20 ?x11) 1))))
 (let ((?x25 (select ?x24 ?x21)))
 (let ((?x29 (store ?x24 ?x21 (+ ?x25 1))))
 (let ((?x34 (select ?x29 ?x10)))
 (and (<= 0 ?x34) (< ?x34 1)))))))))))))))
(assert
 (let ((?x8 (+ 0 5)))
 (let ((?x10 (+ ?x8 1)))
 (let ((?x11 (+ ?x10 1)))
 (let ((?x21 (+ ?x11 1)))
 (let ((?x6 ((as const (Array Int Int)) 0)))
 (let ((?x12 (store ?x6 ?x11 0)))
 (let ((?x18 (store ?x12 ?x11 (+ (select ?x12 ?x11) 1))))
 (let ((?x20 (store ?x18 ?x10 (select ?x18 ?x11))))
 (let ((?x24 (store ?x20 ?x21 (+ (select ?x20 ?x11) 1))))
 (let ((?x25 (select ?x24 ?x21)))
 (let ((?x29 (store ?x24 ?x21 (+ ?x25 1))))
 (let ((?x34 (select ?x29 ?x10)))
 (< (select ?x29 (+ 0 (* 1 (select ?x29 ?x21)))) (select ?x29 (+ 0 (* 1 ?x34)))))))))))))))))
(assert
 (let ((?x8 (+ 0 5)))
 (let ((?x10 (+ ?x8 1)))
 (let ((?x11 (+ ?x10 1)))
 (let ((?x21 (+ ?x11 1)))
 (let ((?x6 ((as const (Array Int Int)) 0)))
 (let ((?x12 (store ?x6 ?x11 0)))
 (let ((?x18 (store ?x12 ?x11 (+ (select ?x12 ?x11) 1))))
 (let ((?x20 (store ?x18 ?x10 (select ?x18 ?x11))))
 (let ((?x24 (store ?x20 ?x21 (+ (select ?x20 ?x11) 1))))
 (let ((?x25 (select ?x24 ?x21)))
 (let ((?x29 (store ?x24 ?x21 (+ ?x25 1))))
 (let ((?x30 (select ?x29 ?x21)))
 (< ?x30 (select ?x29 ?x8)))))))))))))))
(assert
 (let ((?x8 (+ 0 5)))
 (let ((?x10 (+ ?x8 1)))
 (let ((?x11 (+ ?x10 1)))
 (let ((?x21 (+ ?x11 1)))
 (let ((?x6 ((as const (Array Int Int)) 0)))
 (let ((?x12 (store ?x6 ?x11 0)))
 (let ((?x18 (store ?x12 ?x11 (+ (select ?x12 ?x11) 1))))
 (let ((?x20 (store ?x18 ?x10 (select ?x18 ?x11))))
 (let ((?x24 (store ?x20 ?x21 (+ (select ?x20 ?x11) 1))))
 (let ((?x25 (select ?x24 ?x21)))
 (let ((?x29 (store ?x24 ?x21 (+ ?x25 1))))
 (let ((?x30 (select ?x29 ?x21)))
 (let ((?x48 (store ?x29 ?x21 (+ ?x30 1))))
 (let ((?x49 (select ?x48 ?x21)))
 (and (<= 0 ?x49) (< ?x49 1)))))))))))))))))
(assert
 (let ((?x8 (+ 0 5)))
 (let ((?x10 (+ ?x8 1)))
 (let ((?x11 (+ ?x10 1)))
 (let ((?x21 (+ ?x11 1)))
 (let ((?x6 ((as const (Array Int Int)) 0)))
 (let ((?x12 (store ?x6 ?x11 0)))
 (let ((?x18 (store ?x12 ?x11 (+ (select ?x12 ?x11) 1))))
 (let ((?x20 (store ?x18 ?x10 (select ?x18 ?x11))))
 (let ((?x24 (store ?x20 ?x21 (+ (select ?x20 ?x11) 1))))
 (let ((?x25 (select ?x24 ?x21)))
 (let ((?x29 (store ?x24 ?x21 (+ ?x25 1))))
 (let ((?x30 (select ?x29 ?x21)))
 (let ((?x48 (store ?x29 ?x21 (+ ?x30 1))))
 (let ((?x53 (select ?x48 ?x10)))
 (and (<= 0 ?x53) (< ?x53 1)))))))))))))))))
(assert
 (let ((?x8 (+ 0 5)))
 (let ((?x10 (+ ?x8 1)))
 (let ((?x11 (+ ?x10 1)))
 (let ((?x21 (+ ?x11 1)))
 (let ((?x6 ((as const (Array Int Int)) 0)))
 (let ((?x12 (store ?x6 ?x11 0)))
 (let ((?x18 (store ?x12 ?x11 (+ (select ?x12 ?x11) 1))))
 (let ((?x20 (store ?x18 ?x10 (select ?x18 ?x11))))
 (let ((?x24 (store ?x20 ?x21 (+ (select ?x20 ?x11) 1))))
 (let ((?x25 (select ?x24 ?x21)))
 (let ((?x29 (store ?x24 ?x21 (+ ?x25 1))))
 (let ((?x30 (select ?x29 ?x21)))
 (let ((?x48 (store ?x29 ?x21 (+ ?x30 1))))
 (let ((?x53 (select ?x48 ?x10)))
 (< (select ?x48 (+ 0 (* 1 (select ?x48 ?x21)))) (select ?x48 (+ 0 (* 1 ?x53)))))))))))))))))))
(assert
 (let ((?x8 (+ 0 5)))
 (let ((?x10 (+ ?x8 1)))
 (let ((?x11 (+ ?x10 1)))
 (let ((?x21 (+ ?x11 1)))
 (let ((?x6 ((as const (Array Int Int)) 0)))
 (let ((?x12 (store ?x6 ?x11 0)))
 (let ((?x18 (store ?x12 ?x11 (+ (select ?x12 ?x11) 1))))
 (let ((?x20 (store ?x18 ?x10 (select ?x18 ?x11))))
 (let ((?x24 (store ?x20 ?x21 (+ (select ?x20 ?x11) 1))))
 (let ((?x25 (select ?x24 ?x21)))
 (let ((?x29 (store ?x24 ?x21 (+ ?x25 1))))
 (let ((?x30 (select ?x29 ?x21)))
 (let ((?x48 (store ?x29 ?x21 (+ ?x30 1))))
 (let ((?x49 (select ?x48 ?x21)))
 (< ?x49 (select ?x48 ?x8)))))))))))))))))
(assert
 (let ((?x8 (+ 0 5)))
 (let ((?x10 (+ ?x8 1)))
 (let ((?x11 (+ ?x10 1)))
 (let ((?x21 (+ ?x11 1)))
 (let ((?x6 ((as const (Array Int Int)) 0)))
 (let ((?x12 (store ?x6 ?x11 0)))
 (let ((?x18 (store ?x12 ?x11 (+ (select ?x12 ?x11) 1))))
 (let ((?x20 (store ?x18 ?x10 (select ?x18 ?x11))))
 (let ((?x24 (store ?x20 ?x21 (+ (select ?x20 ?x11) 1))))
 (let ((?x25 (select ?x24 ?x21)))
 (let ((?x29 (store ?x24 ?x21 (+ ?x25 1))))
 (let ((?x30 (select ?x29 ?x21)))
 (let ((?x48 (store ?x29 ?x21 (+ ?x30 1))))
 (let ((?x49 (select ?x48 ?x21)))
 (let ((?x67 (store ?x48 ?x21 (+ ?x49 1))))
 (let ((?x68 (select ?x67 ?x21)))
 (and (<= 0 ?x68) (< ?x68 1)))))))))))))))))))
(assert
 (let ((?x8 (+ 0 5)))
 (let ((?x10 (+ ?x8 1)))
 (let ((?x11 (+ ?x10 1)))
 (let ((?x21 (+ ?x11 1)))
 (let ((?x6 ((as const (Array Int Int)) 0)))
 (let ((?x12 (store ?x6 ?x11 0)))
 (let ((?x18 (store ?x12 ?x11 (+ (select ?x12 ?x11) 1))))
 (let ((?x20 (store ?x18 ?x10 (select ?x18 ?x11))))
 (let ((?x24 (store ?x20 ?x21 (+ (select ?x20 ?x11) 1))))
 (let ((?x25 (select ?x24 ?x21)))
 (let ((?x29 (store ?x24 ?x21 (+ ?x25 1))))
 (let ((?x30 (select ?x29 ?x21)))
 (let ((?x48 (store ?x29 ?x21 (+ ?x30 1))))
 (let ((?x49 (select ?x48 ?x21)))
 (let ((?x67 (store ?x48 ?x21 (+ ?x49 1))))
 (let ((?x72 (select ?x67 ?x10)))
 (and (<= 0 ?x72) (< ?x72 1)))))))))))))))))))
(assert
 (let ((?x8 (+ 0 5)))
 (let ((?x10 (+ ?x8 1)))
 (let ((?x11 (+ ?x10 1)))
 (let ((?x21 (+ ?x11 1)))
 (let ((?x6 ((as const (Array Int Int)) 0)))
 (let ((?x12 (store ?x6 ?x11 0)))
 (let ((?x18 (store ?x12 ?x11 (+ (select ?x12 ?x11) 1))))
 (let ((?x20 (store ?x18 ?x10 (select ?x18 ?x11))))
 (let ((?x24 (store ?x20 ?x21 (+ (select ?x20 ?x11) 1))))
 (let ((?x25 (select ?x24 ?x21)))
 (let ((?x29 (store ?x24 ?x21 (+ ?x25 1))))
 (let ((?x30 (select ?x29 ?x21)))
 (let ((?x48 (store ?x29 ?x21 (+ ?x30 1))))
 (let ((?x49 (select ?x48 ?x21)))
 (let ((?x67 (store ?x48 ?x21 (+ ?x49 1))))
 (let ((?x72 (select ?x67 ?x10)))
 (< (select ?x67 (+ 0 (* 1 (select ?x67 ?x21)))) (select ?x67 (+ 0 (* 1 ?x72)))))))))))))))))))))
(assert
 (let ((?x8 (+ 0 5)))
 (let ((?x10 (+ ?x8 1)))
 (let ((?x11 (+ ?x10 1)))
 (let ((?x21 (+ ?x11 1)))
 (let ((?x6 ((as const (Array Int Int)) 0)))
 (let ((?x12 (store ?x6 ?x11 0)))
 (let ((?x18 (store ?x12 ?x11 (+ (select ?x12 ?x11) 1))))
 (let ((?x20 (store ?x18 ?x10 (select ?x18 ?x11))))
 (let ((?x24 (store ?x20 ?x21 (+ (select ?x20 ?x11) 1))))
 (let ((?x25 (select ?x24 ?x21)))
 (let ((?x29 (store ?x24 ?x21 (+ ?x25 1))))
 (let ((?x30 (select ?x29 ?x21)))
 (let ((?x48 (store ?x29 ?x21 (+ ?x30 1))))
 (let ((?x49 (select ?x48 ?x21)))
 (let ((?x67 (store ?x48 ?x21 (+ ?x49 1))))
 (let ((?x68 (select ?x67 ?x21)))
 (not (< ?x68 (select ?x67 ?x8))))))))))))))))))))
(assert
 (let ((?x8 (+ 0 5)))
 (let ((?x10 (+ ?x8 1)))
 (let ((?x11 (+ ?x10 1)))
 (let ((?x21 (+ ?x11 1)))
 (let ((?x6 ((as const (Array Int Int)) 0)))
 (let ((?x12 (store ?x6 ?x11 0)))
 (let ((?x18 (store ?x12 ?x11 (+ (select ?x12 ?x11) 1))))
 (let ((?x20 (store ?x18 ?x10 (select ?x18 ?x11))))
 (let ((?x24 (store ?x20 ?x21 (+ (select ?x20 ?x11) 1))))
 (let ((?x25 (select ?x24 ?x21)))
 (let ((?x29 (store ?x24 ?x21 (+ ?x25 1))))
 (let ((?x30 (select ?x29 ?x21)))
 (let ((?x48 (store ?x29 ?x21 (+ ?x30 1))))
 (let ((?x49 (select ?x48 ?x21)))
 (let ((?x67 (store ?x48 ?x21 (+ ?x49 1))))
 (let ((?x68 (select ?x67 ?x21)))
 (let ((?x87 (store ?x67 ?x21 (+ ?x68 1))))
 (let ((?x88 (select ?x87 ?x11)))
 (and (<= 0 ?x88) (< ?x88 1)))))))))))))))))))))
(assert
 (let ((?x8 (+ 0 5)))
 (let ((?x10 (+ ?x8 1)))
 (let ((?x11 (+ ?x10 1)))
 (let ((?x21 (+ ?x11 1)))
 (let ((?x6 ((as const (Array Int Int)) 0)))
 (let ((?x12 (store ?x6 ?x11 0)))
 (let ((?x18 (store ?x12 ?x11 (+ (select ?x12 ?x11) 1))))
 (let ((?x20 (store ?x18 ?x10 (select ?x18 ?x11))))
 (let ((?x24 (store ?x20 ?x21 (+ (select ?x20 ?x11) 1))))
 (let ((?x25 (select ?x24 ?x21)))
 (let ((?x29 (store ?x24 ?x21 (+ ?x25 1))))
 (let ((?x30 (select ?x29 ?x21)))
 (let ((?x48 (store ?x29 ?x21 (+ ?x30 1))))
 (let ((?x49 (select ?x48 ?x21)))
 (let ((?x67 (store ?x48 ?x21 (+ ?x49 1))))
 (let ((?x68 (select ?x67 ?x21)))
 (let ((?x87 (store ?x67 ?x21 (+ ?x68 1))))
 (let ((?x92 (select ?x87 ?x10)))
 (and (<= 0 ?x92) (< ?x92 1)))))))))))))))))))))
(assert
 (let ((?x8 (+ 0 5)))
 (let ((?x10 (+ ?x8 1)))
 (let ((?x11 (+ ?x10 1)))
 (let ((?x21 (+ ?x11 1)))
 (let ((?x6 ((as const (Array Int Int)) 0)))
 (let ((?x12 (store ?x6 ?x11 0)))
 (let ((?x18 (store ?x12 ?x11 (+ (select ?x12 ?x11) 1))))
 (let ((?x20 (store ?x18 ?x10 (select ?x18 ?x11))))
 (let ((?x24 (store ?x20 ?x21 (+ (select ?x20 ?x11) 1))))
 (let ((?x25 (select ?x24 ?x21)))
 (let ((?x29 (store ?x24 ?x21 (+ ?x25 1))))
 (let ((?x30 (select ?x29 ?x21)))
 (let ((?x48 (store ?x29 ?x21 (+ ?x30 1))))
 (let ((?x49 (select ?x48 ?x21)))
 (let ((?x67 (store ?x48 ?x21 (+ ?x49 1))))
 (let ((?x68 (select ?x67 ?x21)))
 (let ((?x87 (store ?x67 ?x21 (+ ?x68 1))))
 (let ((?x92 (select ?x87 ?x10)))
 (let ((?x101 (select ?x87 (+ 0 (* 1 ?x92)))))
 (let ((?x97 (+ 0 (* 1 (select ?x87 ?x11)))))
 (let ((?x98 (select ?x87 ?x97)))
 (not (and (distinct ?x98 ?x101) true))))))))))))))))))))))))
(assert
 (let ((?x8 (+ 0 5)))
 (let ((?x10 (+ ?x8 1)))
 (let ((?x11 (+ ?x10 1)))
 (let ((?x21 (+ ?x11 1)))
 (let ((?x6 ((as const (Array Int Int)) 0)))
 (let ((?x12 (store ?x6 ?x11 0)))
 (let ((?x18 (store ?x12 ?x11 (+ (select ?x12 ?x11) 1))))
 (let ((?x20 (store ?x18 ?x10 (select ?x18 ?x11))))
 (let ((?x24 (store ?x20 ?x21 (+ (select ?x20 ?x11) 1))))
 (let ((?x25 (select ?x24 ?x21)))
 (let ((?x29 (store ?x24 ?x21 (+ ?x25 1))))
 (let ((?x30 (select ?x29 ?x21)))
 (let ((?x48 (store ?x29 ?x21 (+ ?x30 1))))
 (let ((?x49 (select ?x48 ?x21)))
 (let ((?x67 (store ?x48 ?x21 (+ ?x49 1))))
 (let ((?x68 (select ?x67 ?x21)))
 (let ((?x87 (store ?x67 ?x21 (+ ?x68 1))))
 (let ((?x92 (select ?x87 ?x10)))
 (and (<= 0 ?x92) (< ?x92 1)))))))))))))))))))))
(assert
 (let ((?x8 (+ 0 5)))
 (let ((?x10 (+ ?x8 1)))
 (let ((?x11 (+ ?x10 1)))
 (let ((?x21 (+ ?x11 1)))
 (let ((?x6 ((as const (Array Int Int)) 0)))
 (let ((?x12 (store ?x6 ?x11 0)))
 (let ((?x18 (store ?x12 ?x11 (+ (select ?x12 ?x11) 1))))
 (let ((?x20 (store ?x18 ?x10 (select ?x18 ?x11))))
 (let ((?x24 (store ?x20 ?x21 (+ (select ?x20 ?x11) 1))))
 (let ((?x25 (select ?x24 ?x21)))
 (let ((?x29 (store ?x24 ?x21 (+ ?x25 1))))
 (let ((?x30 (select ?x29 ?x21)))
 (let ((?x48 (store ?x29 ?x21 (+ ?x30 1))))
 (let ((?x49 (select ?x48 ?x21)))
 (let ((?x67 (store ?x48 ?x21 (+ ?x49 1))))
 (let ((?x68 (select ?x67 ?x21)))
 (let ((?x87 (store ?x67 ?x21 (+ ?x68 1))))
 (let ((?x88 (select ?x87 ?x11)))
 (and (<= 0 ?x88) (< ?x88 1)))))))))))))))))))))
(assert
 (let ((?x8 (+ 0 5)))
 (let ((?x10 (+ ?x8 1)))
 (let ((?x11 (+ ?x10 1)))
 (let ((?x21 (+ ?x11 1)))
 (let ((?x6 ((as const (Array Int Int)) 0)))
 (let ((?x12 (store ?x6 ?x11 0)))
 (let ((?x18 (store ?x12 ?x11 (+ (select ?x12 ?x11) 1))))
 (let ((?x20 (store ?x18 ?x10 (select ?x18 ?x11))))
 (let ((?x24 (store ?x20 ?x21 (+ (select ?x20 ?x11) 1))))
 (let ((?x25 (select ?x24 ?x21)))
 (let ((?x29 (store ?x24 ?x21 (+ ?x25 1))))
 (let ((?x30 (select ?x29 ?x21)))
 (let ((?x48 (store ?x29 ?x21 (+ ?x30 1))))
 (let ((?x49 (select ?x48 ?x21)))
 (let ((?x67 (store ?x48 ?x21 (+ ?x49 1))))
 (let ((?x68 (select ?x67 ?x21)))
 (let ((?x87 (store ?x67 ?x21 (+ ?x68 1))))
 (let ((?x88 (select ?x87 ?x11)))
 (and (<= 0 ?x88) (< ?x88 1)))))))))))))))))))))
(assert
 (let ((?x8 (+ 0 5)))
 (let ((?x10 (+ ?x8 1)))
 (let ((?x11 (+ ?x10 1)))
 (let ((?x21 (+ ?x11 1)))
 (let ((?x6 ((as const (Array Int Int)) 0)))
 (let ((?x12 (store ?x6 ?x11 0)))
 (let ((?x18 (store ?x12 ?x11 (+ (select ?x12 ?x11) 1))))
 (let ((?x20 (store ?x18 ?x10 (select ?x18 ?x11))))
 (let ((?x24 (store ?x20 ?x21 (+ (select ?x20 ?x11) 1))))
 (let ((?x25 (select ?x24 ?x21)))
 (let ((?x29 (store ?x24 ?x21 (+ ?x25 1))))
 (let ((?x30 (select ?x29 ?x21)))
 (let ((?x48 (store ?x29 ?x21 (+ ?x30 1))))
 (let ((?x49 (select ?x48 ?x21)))
 (let ((?x67 (store ?x48 ?x21 (+ ?x49 1))))
 (let ((?x68 (select ?x67 ?x21)))
 (let ((?x87 (store ?x67 ?x21 (+ ?x68 1))))
 (let ((?x88 (select ?x87 ?x11)))
 (let ((?x97 (+ 0 (* 1 ?x88))))
 (let ((?x98 (select ?x87 ?x97)))
 (let ((?x101 (select ?x87 (+ 0 (* 1 (select ?x87 ?x10))))))
 (let ((?x105 (store ?x87 ?x97 (+ ?x101 ?x98))))
 (let ((?x106 (select ?x105 ?x11)))
 (and (<= 0 ?x106) (< ?x106 1))))))))))))))))))))))))))
(assert
 (let ((?x8 (+ 0 5)))
 (let ((?x10 (+ ?x8 1)))
 (let ((?x11 (+ ?x10 1)))
 (let ((?x21 (+ ?x11 1)))
 (let ((?x6 ((as const (Array Int Int)) 0)))
 (let ((?x12 (store ?x6 ?x11 0)))
 (let ((?x18 (store ?x12 ?x11 (+ (select ?x12 ?x11) 1))))
 (let ((?x20 (store ?x18 ?x10 (select ?x18 ?x11))))
 (let ((?x24 (store ?x20 ?x21 (+ (select ?x20 ?x11) 1))))
 (let ((?x25 (select ?x24 ?x21)))
 (let ((?x29 (store ?x24 ?x21 (+ ?x25 1))))
 (let ((?x30 (select ?x29 ?x21)))
 (let ((?x48 (store ?x29 ?x21 (+ ?x30 1))))
 (let ((?x49 (select ?x48 ?x21)))
 (let ((?x67 (store ?x48 ?x21 (+ ?x49 1))))
 (let ((?x68 (select ?x67 ?x21)))
 (let ((?x87 (store ?x67 ?x21 (+ ?x68 1))))
 (let ((?x88 (select ?x87 ?x11)))
 (let ((?x97 (+ 0 (* 1 ?x88))))
 (let ((?x98 (select ?x87 ?x97)))
 (let ((?x101 (select ?x87 (+ 0 (* 1 (select ?x87 ?x10))))))
 (let ((?x105 (store ?x87 ?x97 (+ ?x101 ?x98))))
 (let ((?x110 (select ?x105 ?x10)))
 (and (<= 0 ?x110) (< ?x110 1))))))))))))))))))))))))))
(assert
 (let ((?x8 (+ 0 5)))
 (let ((?x10 (+ ?x8 1)))
 (let ((?x11 (+ ?x10 1)))
 (let ((?x21 (+ ?x11 1)))
 (let ((?x6 ((as const (Array Int Int)) 0)))
 (let ((?x12 (store ?x6 ?x11 0)))
 (let ((?x18 (store ?x12 ?x11 (+ (select ?x12 ?x11) 1))))
 (let ((?x20 (store ?x18 ?x10 (select ?x18 ?x11))))
 (let ((?x24 (store ?x20 ?x21 (+ (select ?x20 ?x11) 1))))
 (let ((?x25 (select ?x24 ?x21)))
 (let ((?x29 (store ?x24 ?x21 (+ ?x25 1))))
 (let ((?x30 (select ?x29 ?x21)))
 (let ((?x48 (store ?x29 ?x21 (+ ?x30 1))))
 (let ((?x49 (select ?x48 ?x21)))
 (let ((?x67 (store ?x48 ?x21 (+ ?x49 1))))
 (let ((?x68 (select ?x67 ?x21)))
 (let ((?x87 (store ?x67 ?x21 (+ ?x68 1))))
 (let ((?x88 (select ?x87 ?x11)))
 (let ((?x97 (+ 0 (* 1 ?x88))))
 (let ((?x98 (select ?x87 ?x97)))
 (let ((?x101 (select ?x87 (+ 0 (* 1 (select ?x87 ?x10))))))
 (let ((?x105 (store ?x87 ?x97 (+ ?x101 ?x98))))
 (let ((?x110 (select ?x105 ?x10)))
 (and (<= 0 ?x110) (< ?x110 1))))))))))))))))))))))))))
(assert
 (let ((?x8 (+ 0 5)))
 (let ((?x10 (+ ?x8 1)))
 (let ((?x11 (+ ?x10 1)))
 (let ((?x21 (+ ?x11 1)))
 (let ((?x6 ((as const (Array Int Int)) 0)))
 (let ((?x12 (store ?x6 ?x11 0)))
 (let ((?x18 (store ?x12 ?x11 (+ (select ?x12 ?x11) 1))))
 (let ((?x20 (store ?x18 ?x10 (select ?x18 ?x11))))
 (let ((?x24 (store ?x20 ?x21 (+ (select ?x20 ?x11) 1))))
 (let ((?x25 (select ?x24 ?x21)))
 (let ((?x29 (store ?x24 ?x21 (+ ?x25 1))))
 (let ((?x30 (select ?x29 ?x21)))
 (let ((?x48 (store ?x29 ?x21 (+ ?x30 1))))
 (let ((?x49 (select ?x48 ?x21)))
 (let ((?x67 (store ?x48 ?x21 (+ ?x49 1))))
 (let ((?x68 (select ?x67 ?x21)))
 (let ((?x87 (store ?x67 ?x21 (+ ?x68 1))))
 (let ((?x88 (select ?x87 ?x11)))
 (let ((?x97 (+ 0 (* 1 ?x88))))
 (let ((?x98 (select ?x87 ?x97)))
 (let ((?x101 (select ?x87 (+ 0 (* 1 (select ?x87 ?x10))))))
 (let ((?x105 (store ?x87 ?x97 (+ ?x101 ?x98))))
 (let ((?x110 (select ?x105 ?x10)))
 (let ((?x115 (+ 0 (* 1 ?x110))))
 (let ((?x120 (- (select ?x105 (+ 0 (* 1 (select ?x105 ?x11)))) (select ?x105 ?x115))))
 (let ((?x121 (store ?x105 ?x115 ?x120)))
 (let ((?x122 (select ?x121 ?x11)))
 (and (<= 0 ?x122) (< ?x122 1))))))))))))))))))))))))))))))
(assert
 (let ((?x8 (+ 0 5)))
 (let ((?x10 (+ ?x8 1)))
 (let ((?x11 (+ ?x10 1)))
 (let ((?x21 (+ ?x11 1)))
 (let ((?x6 ((as const (Array Int Int)) 0)))
 (let ((?x12 (store ?x6 ?x11 0)))
 (let ((?x18 (store ?x12 ?x11 (+ (select ?x12 ?x11) 1))))
 (let ((?x20 (store ?x18 ?x10 (select ?x18 ?x11))))
 (let ((?x24 (store ?x20 ?x21 (+ (select ?x20 ?x11) 1))))
 (let ((?x25 (select ?x24 ?x21)))
 (let ((?x29 (store ?x24 ?x21 (+ ?x25 1))))
 (let ((?x30 (select ?x29 ?x21)))
 (let ((?x48 (store ?x29 ?x21 (+ ?x30 1))))
 (let ((?x49 (select ?x48 ?x21)))
 (let ((?x67 (store ?x48 ?x21 (+ ?x49 1))))
 (let ((?x68 (select ?x67 ?x21)))
 (let ((?x87 (store ?x67 ?x21 (+ ?x68 1))))
 (let ((?x88 (select ?x87 ?x11)))
 (let ((?x97 (+ 0 (* 1 ?x88))))
 (let ((?x98 (select ?x87 ?x97)))
 (let ((?x101 (select ?x87 (+ 0 (* 1 (select ?x87 ?x10))))))
 (let ((?x105 (store ?x87 ?x97 (+ ?x101 ?x98))))
 (let ((?x110 (select ?x105 ?x10)))
 (let ((?x115 (+ 0 (* 1 ?x110))))
 (let ((?x120 (- (select ?x105 (+ 0 (* 1 (select ?x105 ?x11)))) (select ?x105 ?x115))))
 (let ((?x121 (store ?x105 ?x115 ?x120)))
 (let ((?x126 (select ?x121 ?x10)))
 (and (<= 0 ?x126) (< ?x126 1))))))))))))))))))))))))))))))
(assert
 (let ((?x8 (+ 0 5)))
 (let ((?x10 (+ ?x8 1)))
 (let ((?x11 (+ ?x10 1)))
 (let ((?x21 (+ ?x11 1)))
 (let ((?x6 ((as const (Array Int Int)) 0)))
 (let ((?x12 (store ?x6 ?x11 0)))
 (let ((?x18 (store ?x12 ?x11 (+ (select ?x12 ?x11) 1))))
 (let ((?x20 (store ?x18 ?x10 (select ?x18 ?x11))))
 (let ((?x24 (store ?x20 ?x21 (+ (select ?x20 ?x11) 1))))
 (let ((?x25 (select ?x24 ?x21)))
 (let ((?x29 (store ?x24 ?x21 (+ ?x25 1))))
 (let ((?x30 (select ?x29 ?x21)))
 (let ((?x48 (store ?x29 ?x21 (+ ?x30 1))))
 (let ((?x49 (select ?x48 ?x21)))
 (let ((?x67 (store ?x48 ?x21 (+ ?x49 1))))
 (let ((?x68 (select ?x67 ?x21)))
 (let ((?x87 (store ?x67 ?x21 (+ ?x68 1))))
 (let ((?x88 (select ?x87 ?x11)))
 (let ((?x97 (+ 0 (* 1 ?x88))))
 (let ((?x98 (select ?x87 ?x97)))
 (let ((?x101 (select ?x87 (+ 0 (* 1 (select ?x87 ?x10))))))
 (let ((?x105 (store ?x87 ?x97 (+ ?x101 ?x98))))
 (let ((?x110 (select ?x105 ?x10)))
 (let ((?x115 (+ 0 (* 1 ?x110))))
 (let ((?x120 (- (select ?x105 (+ 0 (* 1 (select ?x105 ?x11)))) (select ?x105 ?x115))))
 (let ((?x121 (store ?x105 ?x115 ?x120)))
 (let ((?x122 (select ?x121 ?x11)))
 (and (<= 0 ?x122) (< ?x122 1))))))))))))))))))))))))))))))
(check-sat)

[mem]:17
Path:int data[5];
int n;
int min;
int i=0;
@(i<n-1);
i=i+1;
int i=0;
min=i;
int j=i+1;
@(j<n);
j=j+1;
int j=i+1;
@(data[j]<data[min]);

@(j<n);
j=j+1;
int j=i+1;
@(data[j]<data[min]);

@(j<n);
j=j+1;
int j=i+1;
@(!(data[j]<data[min]));

min=j;

@(!(j<n));
j=j+1;

@(data[i]!=data[min]);

data[i]=data[min]+data[i];
data[min]=data[i]-data[min];
data[i]=data[i]-data[min];

warning: a declaration with the name "i" already exists!
warning: a declaration with the name "j" already exists!
warning: a declaration with the name "j" already exists!
warning: a declaration with the name "j" already exists!
debug:solver.cpp:60: input is a c0 path.
debug:solver.cpp:60: input is a c0 path.
infeasible!!!
SMT2:; 
(set-info :status unknown)
(assert
 (let ((?x8 (+ 0 5)))
 (let ((?x10 (+ ?x8 1)))
 (let ((?x11 (+ ?x10 1)))
 (let ((?x6 ((as const (Array Int Int)) 0)))
 (let ((?x12 (store ?x6 ?x11 0)))
 (let ((?x13 (select ?x12 ?x11)))
 (< ?x13 (- (select ?x12 ?x8) 1)))))))))
(assert
 (let ((?x8 (+ 0 5)))
 (let ((?x10 (+ ?x8 1)))
 (let ((?x11 (+ ?x10 1)))
 (let ((?x6 ((as const (Array Int Int)) 0)))
 (let ((?x12 (store ?x6 ?x11 0)))
 (let ((?x18 (store ?x12 ?x11 (+ (select ?x12 ?x11) 1))))
 (let ((?x20 (store ?x18 ?x10 (select ?x18 ?x11))))
 (let ((?x21 (+ ?x11 1)))
 (let ((?x24 (store ?x20 ?x21 (+ (select ?x20 ?x11) 1))))
 (let ((?x25 (select ?x24 ?x21)))
 (< ?x25 (select ?x24 ?x8)))))))))))))
(assert
 (let ((?x8 (+ 0 5)))
 (let ((?x10 (+ ?x8 1)))
 (let ((?x11 (+ ?x10 1)))
 (let ((?x21 (+ ?x11 1)))
 (let ((?x6 ((as const (Array Int Int)) 0)))
 (let ((?x12 (store ?x6 ?x11 0)))
 (let ((?x18 (store ?x12 ?x11 (+ (select ?x12 ?x11) 1))))
 (let ((?x20 (store ?x18 ?x10 (select ?x18 ?x11))))
 (let ((?x24 (store ?x20 ?x21 (+ (select ?x20 ?x11) 1))))
 (let ((?x25 (select ?x24 ?x21)))
 (let ((?x29 (store ?x24 ?x21 (+ ?x25 1))))
 (let ((?x30 (select ?x29 ?x21)))
 (and (<= 0 ?x30) (< ?x30 1)))))))))))))))
(assert
 (let ((?x8 (+ 0 5)))
 (let ((?x10 (+ ?x8 1)))
 (let ((?x11 (+ ?x10 1)))
 (let ((?x21 (+ ?x11 1)))
 (let ((?x6 ((as const (Array Int Int)) 0)))
 (let ((?x12 (store ?x6 ?x11 0)))
 (let ((?x18 (store ?x12 ?x11 (+ (select ?x12 ?x11) 1))))
 (let ((?x20 (store ?x18 ?x10 (select ?x18 ?x11))))
 (let ((?x24 (store ?x20 ?x21 (+ (select ?x20 ?x11) 1))))
 (let ((?x25 (select ?x24 ?x21)))
 (let ((?x29 (store ?x24 ?x21 (+ ?x25 1))))
 (let ((?x34 (select ?x29 ?x10)))
 (and (<= 0 ?x34) (< ?x34 1)))))))))))))))
(assert
 (let ((?x8 (+ 0 5)))
 (let ((?x10 (+ ?x8 1)))
 (let ((?x11 (+ ?x10 1)))
 (let ((?x21 (+ ?x11 1)))
 (let ((?x6 ((as const (Array Int Int)) 0)))
 (let ((?x12 (store ?x6 ?x11 0)))
 (let ((?x18 (store ?x12 ?x11 (+ (select ?x12 ?x11) 1))))
 (let ((?x20 (store ?x18 ?x10 (select ?x18 ?x11))))
 (let ((?x24 (store ?x20 ?x21 (+ (select ?x20 ?x11) 1))))
 (let ((?x25 (select ?x24 ?x21)))
 (let ((?x29 (store ?x24 ?x21 (+ ?x25 1))))
 (let ((?x34 (select ?x29 ?x10)))
 (< (select ?x29 (+ 0 (* 1 (select ?x29 ?x21)))) (select ?x29 (+ 0 (* 1 ?x34)))))))))))))))))
(assert
 (let ((?x8 (+ 0 5)))
 (let ((?x10 (+ ?x8 1)))
 (let ((?x11 (+ ?x10 1)))
 (let ((?x21 (+ ?x11 1)))
 (let ((?x6 ((as const (Array Int Int)) 0)))
 (let ((?x12 (store ?x6 ?x11 0)))
 (let ((?x18 (store ?x12 ?x11 (+ (select ?x12 ?x11) 1))))
 (let ((?x20 (store ?x18 ?x10 (select ?x18 ?x11))))
 (let ((?x24 (store ?x20 ?x21 (+ (select ?x20 ?x11) 1))))
 (let ((?x25 (select ?x24 ?x21)))
 (let ((?x29 (store ?x24 ?x21 (+ ?x25 1))))
 (let ((?x30 (select ?x29 ?x21)))
 (< ?x30 (select ?x29 ?x8)))))))))))))))
(assert
 (let ((?x8 (+ 0 5)))
 (let ((?x10 (+ ?x8 1)))
 (let ((?x11 (+ ?x10 1)))
 (let ((?x21 (+ ?x11 1)))
 (let ((?x6 ((as const (Array Int Int)) 0)))
 (let ((?x12 (store ?x6 ?x11 0)))
 (let ((?x18 (store ?x12 ?x11 (+ (select ?x12 ?x11) 1))))
 (let ((?x20 (store ?x18 ?x10 (select ?x18 ?x11))))
 (let ((?x24 (store ?x20 ?x21 (+ (select ?x20 ?x11) 1))))
 (let ((?x25 (select ?x24 ?x21)))
 (let ((?x29 (store ?x24 ?x21 (+ ?x25 1))))
 (let ((?x30 (select ?x29 ?x21)))
 (let ((?x48 (store ?x29 ?x21 (+ ?x30 1))))
 (let ((?x49 (select ?x48 ?x21)))
 (and (<= 0 ?x49) (< ?x49 1)))))))))))))))))
(assert
 (let ((?x8 (+ 0 5)))
 (let ((?x10 (+ ?x8 1)))
 (let ((?x11 (+ ?x10 1)))
 (let ((?x21 (+ ?x11 1)))
 (let ((?x6 ((as const (Array Int Int)) 0)))
 (let ((?x12 (store ?x6 ?x11 0)))
 (let ((?x18 (store ?x12 ?x11 (+ (select ?x12 ?x11) 1))))
 (let ((?x20 (store ?x18 ?x10 (select ?x18 ?x11))))
 (let ((?x24 (store ?x20 ?x21 (+ (select ?x20 ?x11) 1))))
 (let ((?x25 (select ?x24 ?x21)))
 (let ((?x29 (store ?x24 ?x21 (+ ?x25 1))))
 (let ((?x30 (select ?x29 ?x21)))
 (let ((?x48 (store ?x29 ?x21 (+ ?x30 1))))
 (let ((?x53 (select ?x48 ?x10)))
 (and (<= 0 ?x53) (< ?x53 1)))))))))))))))))
(assert
 (let ((?x8 (+ 0 5)))
 (let ((?x10 (+ ?x8 1)))
 (let ((?x11 (+ ?x10 1)))
 (let ((?x21 (+ ?x11 1)))
 (let ((?x6 ((as const (Array Int Int)) 0)))
 (let ((?x12 (store ?x6 ?x11 0)))
 (let ((?x18 (store ?x12 ?x11 (+ (select ?x12 ?x11) 1))))
 (let ((?x20 (store ?x18 ?x10 (select ?x18 ?x11))))
 (let ((?x24 (store ?x20 ?x21 (+ (select ?x20 ?x11) 1))))
 (let ((?x25 (select ?x24 ?x21)))
 (let ((?x29 (store ?x24 ?x21 (+ ?x25 1))))
 (let ((?x30 (select ?x29 ?x21)))
 (let ((?x48 (store ?x29 ?x21 (+ ?x30 1))))
 (let ((?x53 (select ?x48 ?x10)))
 (< (select ?x48 (+ 0 (* 1 (select ?x48 ?x21)))) (select ?x48 (+ 0 (* 1 ?x53)))))))))))))))))))
(assert
 (let ((?x8 (+ 0 5)))
 (let ((?x10 (+ ?x8 1)))
 (let ((?x11 (+ ?x10 1)))
 (let ((?x21 (+ ?x11 1)))
 (let ((?x6 ((as const (Array Int Int)) 0)))
 (let ((?x12 (store ?x6 ?x11 0)))
 (let ((?x18 (store ?x12 ?x11 (+ (select ?x12 ?x11) 1))))
 (let ((?x20 (store ?x18 ?x10 (select ?x18 ?x11))))
 (let ((?x24 (store ?x20 ?x21 (+ (select ?x20 ?x11) 1))))
 (let ((?x25 (select ?x24 ?x21)))
 (let ((?x29 (store ?x24 ?x21 (+ ?x25 1))))
 (let ((?x30 (select ?x29 ?x21)))
 (let ((?x48 (store ?x29 ?x21 (+ ?x30 1))))
 (let ((?x49 (select ?x48 ?x21)))
 (< ?x49 (select ?x48 ?x8)))))))))))))))))
(assert
 (let ((?x8 (+ 0 5)))
 (let ((?x10 (+ ?x8 1)))
 (let ((?x11 (+ ?x10 1)))
 (let ((?x21 (+ ?x11 1)))
 (let ((?x6 ((as const (Array Int Int)) 0)))
 (let ((?x12 (store ?x6 ?x11 0)))
 (let ((?x18 (store ?x12 ?x11 (+ (select ?x12 ?x11) 1))))
 (let ((?x20 (store ?x18 ?x10 (select ?x18 ?x11))))
 (let ((?x24 (store ?x20 ?x21 (+ (select ?x20 ?x11) 1))))
 (let ((?x25 (select ?x24 ?x21)))
 (let ((?x29 (store ?x24 ?x21 (+ ?x25 1))))
 (let ((?x30 (select ?x29 ?x21)))
 (let ((?x48 (store ?x29 ?x21 (+ ?x30 1))))
 (let ((?x49 (select ?x48 ?x21)))
 (let ((?x67 (store ?x48 ?x21 (+ ?x49 1))))
 (let ((?x68 (select ?x67 ?x21)))
 (and (<= 0 ?x68) (< ?x68 1)))))))))))))))))))
(assert
 (let ((?x8 (+ 0 5)))
 (let ((?x10 (+ ?x8 1)))
 (let ((?x11 (+ ?x10 1)))
 (let ((?x21 (+ ?x11 1)))
 (let ((?x6 ((as const (Array Int Int)) 0)))
 (let ((?x12 (store ?x6 ?x11 0)))
 (let ((?x18 (store ?x12 ?x11 (+ (select ?x12 ?x11) 1))))
 (let ((?x20 (store ?x18 ?x10 (select ?x18 ?x11))))
 (let ((?x24 (store ?x20 ?x21 (+ (select ?x20 ?x11) 1))))
 (let ((?x25 (select ?x24 ?x21)))
 (let ((?x29 (store ?x24 ?x21 (+ ?x25 1))))
 (let ((?x30 (select ?x29 ?x21)))
 (let ((?x48 (store ?x29 ?x21 (+ ?x30 1))))
 (let ((?x49 (select ?x48 ?x21)))
 (let ((?x67 (store ?x48 ?x21 (+ ?x49 1))))
 (let ((?x72 (select ?x67 ?x10)))
 (and (<= 0 ?x72) (< ?x72 1)))))))))))))))))))
(assert
 (let ((?x8 (+ 0 5)))
 (let ((?x10 (+ ?x8 1)))
 (let ((?x11 (+ ?x10 1)))
 (let ((?x21 (+ ?x11 1)))
 (let ((?x6 ((as const (Array Int Int)) 0)))
 (let ((?x12 (store ?x6 ?x11 0)))
 (let ((?x18 (store ?x12 ?x11 (+ (select ?x12 ?x11) 1))))
 (let ((?x20 (store ?x18 ?x10 (select ?x18 ?x11))))
 (let ((?x24 (store ?x20 ?x21 (+ (select ?x20 ?x11) 1))))
 (let ((?x25 (select ?x24 ?x21)))
 (let ((?x29 (store ?x24 ?x21 (+ ?x25 1))))
 (let ((?x30 (select ?x29 ?x21)))
 (let ((?x48 (store ?x29 ?x21 (+ ?x30 1))))
 (let ((?x49 (select ?x48 ?x21)))
 (let ((?x67 (store ?x48 ?x21 (+ ?x49 1))))
 (let ((?x72 (select ?x67 ?x10)))
 (let (($x82 (< (select ?x67 (+ 0 (* 1 (select ?x67 ?x21)))) (select ?x67 (+ 0 (* 1 ?x72))))))
 (not $x82)))))))))))))))))))
(assert
 (let ((?x8 (+ 0 5)))
 (let ((?x10 (+ ?x8 1)))
 (let ((?x11 (+ ?x10 1)))
 (let ((?x21 (+ ?x11 1)))
 (let ((?x6 ((as const (Array Int Int)) 0)))
 (let ((?x12 (store ?x6 ?x11 0)))
 (let ((?x18 (store ?x12 ?x11 (+ (select ?x12 ?x11) 1))))
 (let ((?x20 (store ?x18 ?x10 (select ?x18 ?x11))))
 (let ((?x24 (store ?x20 ?x21 (+ (select ?x20 ?x11) 1))))
 (let ((?x25 (select ?x24 ?x21)))
 (let ((?x29 (store ?x24 ?x21 (+ ?x25 1))))
 (let ((?x30 (select ?x29 ?x21)))
 (let ((?x48 (store ?x29 ?x21 (+ ?x30 1))))
 (let ((?x49 (select ?x48 ?x21)))
 (let ((?x67 (store ?x48 ?x21 (+ ?x49 1))))
 (let ((?x68 (select ?x67 ?x21)))
 (let ((?x84 (store ?x67 ?x10 ?x68)))
 (let ((?x85 (select ?x84 ?x21)))
 (not (< ?x85 (select ?x84 ?x8))))))))))))))))))))))
(assert
 (let ((?x8 (+ 0 5)))
 (let ((?x10 (+ ?x8 1)))
 (let ((?x11 (+ ?x10 1)))
 (let ((?x21 (+ ?x11 1)))
 (let ((?x6 ((as const (Array Int Int)) 0)))
 (let ((?x12 (store ?x6 ?x11 0)))
 (let ((?x18 (store ?x12 ?x11 (+ (select ?x12 ?x11) 1))))
 (let ((?x20 (store ?x18 ?x10 (select ?x18 ?x11))))
 (let ((?x24 (store ?x20 ?x21 (+ (select ?x20 ?x11) 1))))
 (let ((?x25 (select ?x24 ?x21)))
 (let ((?x29 (store ?x24 ?x21 (+ ?x25 1))))
 (let ((?x30 (select ?x29 ?x21)))
 (let ((?x48 (store ?x29 ?x21 (+ ?x30 1))))
 (let ((?x49 (select ?x48 ?x21)))
 (let ((?x67 (store ?x48 ?x21 (+ ?x49 1))))
 (let ((?x68 (select ?x67 ?x21)))
 (let ((?x84 (store ?x67 ?x10 ?x68)))
 (let ((?x85 (select ?x84 ?x21)))
 (let ((?x90 (store ?x84 ?x21 (+ ?x85 1))))
 (let ((?x91 (select ?x90 ?x11)))
 (and (<= 0 ?x91) (< ?x91 1)))))))))))))))))))))))
(assert
 (let ((?x8 (+ 0 5)))
 (let ((?x10 (+ ?x8 1)))
 (let ((?x11 (+ ?x10 1)))
 (let ((?x21 (+ ?x11 1)))
 (let ((?x6 ((as const (Array Int Int)) 0)))
 (let ((?x12 (store ?x6 ?x11 0)))
 (let ((?x18 (store ?x12 ?x11 (+ (select ?x12 ?x11) 1))))
 (let ((?x20 (store ?x18 ?x10 (select ?x18 ?x11))))
 (let ((?x24 (store ?x20 ?x21 (+ (select ?x20 ?x11) 1))))
 (let ((?x25 (select ?x24 ?x21)))
 (let ((?x29 (store ?x24 ?x21 (+ ?x25 1))))
 (let ((?x30 (select ?x29 ?x21)))
 (let ((?x48 (store ?x29 ?x21 (+ ?x30 1))))
 (let ((?x49 (select ?x48 ?x21)))
 (let ((?x67 (store ?x48 ?x21 (+ ?x49 1))))
 (let ((?x68 (select ?x67 ?x21)))
 (let ((?x84 (store ?x67 ?x10 ?x68)))
 (let ((?x85 (select ?x84 ?x21)))
 (let ((?x90 (store ?x84 ?x21 (+ ?x85 1))))
 (let ((?x95 (select ?x90 ?x10)))
 (and (<= 0 ?x95) (< ?x95 1)))))))))))))))))))))))
(assert
 (let ((?x8 (+ 0 5)))
 (let ((?x10 (+ ?x8 1)))
 (let ((?x11 (+ ?x10 1)))
 (let ((?x21 (+ ?x11 1)))
 (let ((?x6 ((as const (Array Int Int)) 0)))
 (let ((?x12 (store ?x6 ?x11 0)))
 (let ((?x18 (store ?x12 ?x11 (+ (select ?x12 ?x11) 1))))
 (let ((?x20 (store ?x18 ?x10 (select ?x18 ?x11))))
 (let ((?x24 (store ?x20 ?x21 (+ (select ?x20 ?x11) 1))))
 (let ((?x25 (select ?x24 ?x21)))
 (let ((?x29 (store ?x24 ?x21 (+ ?x25 1))))
 (let ((?x30 (select ?x29 ?x21)))
 (let ((?x48 (store ?x29 ?x21 (+ ?x30 1))))
 (let ((?x49 (select ?x48 ?x21)))
 (let ((?x67 (store ?x48 ?x21 (+ ?x49 1))))
 (let ((?x68 (select ?x67 ?x21)))
 (let ((?x84 (store ?x67 ?x10 ?x68)))
 (let ((?x85 (select ?x84 ?x21)))
 (let ((?x90 (store ?x84 ?x21 (+ ?x85 1))))
 (let ((?x95 (select ?x90 ?x10)))
 (let ((?x104 (select ?x90 (+ 0 (* 1 ?x95)))))
 (let ((?x100 (+ 0 (* 1 (select ?x90 ?x11)))))
 (let ((?x101 (select ?x90 ?x100)))
 (and (distinct ?x101 ?x104) true)))))))))))))))))))))))))
(assert
 (let ((?x8 (+ 0 5)))
 (let ((?x10 (+ ?x8 1)))
 (let ((?x11 (+ ?x10 1)))
 (let ((?x21 (+ ?x11 1)))
 (let ((?x6 ((as const (Array Int Int)) 0)))
 (let ((?x12 (store ?x6 ?x11 0)))
 (let ((?x18 (store ?x12 ?x11 (+ (select ?x12 ?x11) 1))))
 (let ((?x20 (store ?x18 ?x10 (select ?x18 ?x11))))
 (let ((?x24 (store ?x20 ?x21 (+ (select ?x20 ?x11) 1))))
 (let ((?x25 (select ?x24 ?x21)))
 (let ((?x29 (store ?x24 ?x21 (+ ?x25 1))))
 (let ((?x30 (select ?x29 ?x21)))
 (let ((?x48 (store ?x29 ?x21 (+ ?x30 1))))
 (let ((?x49 (select ?x48 ?x21)))
 (let ((?x67 (store ?x48 ?x21 (+ ?x49 1))))
 (let ((?x68 (select ?x67 ?x21)))
 (let ((?x84 (store ?x67 ?x10 ?x68)))
 (let ((?x85 (select ?x84 ?x21)))
 (let ((?x90 (store ?x84 ?x21 (+ ?x85 1))))
 (let ((?x95 (select ?x90 ?x10)))
 (and (<= 0 ?x95) (< ?x95 1)))))))))))))))))))))))
(assert
 (let ((?x8 (+ 0 5)))
 (let ((?x10 (+ ?x8 1)))
 (let ((?x11 (+ ?x10 1)))
 (let ((?x21 (+ ?x11 1)))
 (let ((?x6 ((as const (Array Int Int)) 0)))
 (let ((?x12 (store ?x6 ?x11 0)))
 (let ((?x18 (store ?x12 ?x11 (+ (select ?x12 ?x11) 1))))
 (let ((?x20 (store ?x18 ?x10 (select ?x18 ?x11))))
 (let ((?x24 (store ?x20 ?x21 (+ (select ?x20 ?x11) 1))))
 (let ((?x25 (select ?x24 ?x21)))
 (let ((?x29 (store ?x24 ?x21 (+ ?x25 1))))
 (let ((?x30 (select ?x29 ?x21)))
 (let ((?x48 (store ?x29 ?x21 (+ ?x30 1))))
 (let ((?x49 (select ?x48 ?x21)))
 (let ((?x67 (store ?x48 ?x21 (+ ?x49 1))))
 (let ((?x68 (select ?x67 ?x21)))
 (let ((?x84 (store ?x67 ?x10 ?x68)))
 (let ((?x85 (select ?x84 ?x21)))
 (let ((?x90 (store ?x84 ?x21 (+ ?x85 1))))
 (let ((?x91 (select ?x90 ?x11)))
 (and (<= 0 ?x91) (< ?x91 1)))))))))))))))))))))))
(assert
 (let ((?x8 (+ 0 5)))
 (let ((?x10 (+ ?x8 1)))
 (let ((?x11 (+ ?x10 1)))
 (let ((?x21 (+ ?x11 1)))
 (let ((?x6 ((as const (Array Int Int)) 0)))
 (let ((?x12 (store ?x6 ?x11 0)))
 (let ((?x18 (store ?x12 ?x11 (+ (select ?x12 ?x11) 1))))
 (let ((?x20 (store ?x18 ?x10 (select ?x18 ?x11))))
 (let ((?x24 (store ?x20 ?x21 (+ (select ?x20 ?x11) 1))))
 (let ((?x25 (select ?x24 ?x21)))
 (let ((?x29 (store ?x24 ?x21 (+ ?x25 1))))
 (let ((?x30 (select ?x29 ?x21)))
 (let ((?x48 (store ?x29 ?x21 (+ ?x30 1))))
 (let ((?x49 (select ?x48 ?x21)))
 (let ((?x67 (store ?x48 ?x21 (+ ?x49 1))))
 (let ((?x68 (select ?x67 ?x21)))
 (let ((?x84 (store ?x67 ?x10 ?x68)))
 (let ((?x85 (select ?x84 ?x21)))
 (let ((?x90 (store ?x84 ?x21 (+ ?x85 1))))
 (let ((?x91 (select ?x90 ?x11)))
 (and (<= 0 ?x91) (< ?x91 1)))))))))))))))))))))))
(assert
 (let ((?x8 (+ 0 5)))
 (let ((?x10 (+ ?x8 1)))
 (let ((?x11 (+ ?x10 1)))
 (let ((?x21 (+ ?x11 1)))
 (let ((?x6 ((as const (Array Int Int)) 0)))
 (let ((?x12 (store ?x6 ?x11 0)))
 (let ((?x18 (store ?x12 ?x11 (+ (select ?x12 ?x11) 1))))
 (let ((?x20 (store ?x18 ?x10 (select ?x18 ?x11))))
 (let ((?x24 (store ?x20 ?x21 (+ (select ?x20 ?x11) 1))))
 (let ((?x25 (select ?x24 ?x21)))
 (let ((?x29 (store ?x24 ?x21 (+ ?x25 1))))
 (let ((?x30 (select ?x29 ?x21)))
 (let ((?x48 (store ?x29 ?x21 (+ ?x30 1))))
 (let ((?x49 (select ?x48 ?x21)))
 (let ((?x67 (store ?x48 ?x21 (+ ?x49 1))))
 (let ((?x68 (select ?x67 ?x21)))
 (let ((?x84 (store ?x67 ?x10 ?x68)))
 (let ((?x85 (select ?x84 ?x21)))
 (let ((?x90 (store ?x84 ?x21 (+ ?x85 1))))
 (let ((?x91 (select ?x90 ?x11)))
 (let ((?x100 (+ 0 (* 1 ?x91))))
 (let ((?x101 (select ?x90 ?x100)))
 (let ((?x104 (select ?x90 (+ 0 (* 1 (select ?x90 ?x10))))))
 (let ((?x107 (store ?x90 ?x100 (+ ?x104 ?x101))))
 (let ((?x108 (select ?x107 ?x11)))
 (and (<= 0 ?x108) (< ?x108 1))))))))))))))))))))))))))))
(assert
 (let ((?x8 (+ 0 5)))
 (let ((?x10 (+ ?x8 1)))
 (let ((?x11 (+ ?x10 1)))
 (let ((?x21 (+ ?x11 1)))
 (let ((?x6 ((as const (Array Int Int)) 0)))
 (let ((?x12 (store ?x6 ?x11 0)))
 (let ((?x18 (store ?x12 ?x11 (+ (select ?x12 ?x11) 1))))
 (let ((?x20 (store ?x18 ?x10 (select ?x18 ?x11))))
 (let ((?x24 (store ?x20 ?x21 (+ (select ?x20 ?x11) 1))))
 (let ((?x25 (select ?x24 ?x21)))
 (let ((?x29 (store ?x24 ?x21 (+ ?x25 1))))
 (let ((?x30 (select ?x29 ?x21)))
 (let ((?x48 (store ?x29 ?x21 (+ ?x30 1))))
 (let ((?x49 (select ?x48 ?x21)))
 (let ((?x67 (store ?x48 ?x21 (+ ?x49 1))))
 (let ((?x68 (select ?x67 ?x21)))
 (let ((?x84 (store ?x67 ?x10 ?x68)))
 (let ((?x85 (select ?x84 ?x21)))
 (let ((?x90 (store ?x84 ?x21 (+ ?x85 1))))
 (let ((?x91 (select ?x90 ?x11)))
 (let ((?x100 (+ 0 (* 1 ?x91))))
 (let ((?x101 (select ?x90 ?x100)))
 (let ((?x104 (select ?x90 (+ 0 (* 1 (select ?x90 ?x10))))))
 (let ((?x107 (store ?x90 ?x100 (+ ?x104 ?x101))))
 (let ((?x112 (select ?x107 ?x10)))
 (and (<= 0 ?x112) (< ?x112 1))))))))))))))))))))))))))))
(assert
 (let ((?x8 (+ 0 5)))
 (let ((?x10 (+ ?x8 1)))
 (let ((?x11 (+ ?x10 1)))
 (let ((?x21 (+ ?x11 1)))
 (let ((?x6 ((as const (Array Int Int)) 0)))
 (let ((?x12 (store ?x6 ?x11 0)))
 (let ((?x18 (store ?x12 ?x11 (+ (select ?x12 ?x11) 1))))
 (let ((?x20 (store ?x18 ?x10 (select ?x18 ?x11))))
 (let ((?x24 (store ?x20 ?x21 (+ (select ?x20 ?x11) 1))))
 (let ((?x25 (select ?x24 ?x21)))
 (let ((?x29 (store ?x24 ?x21 (+ ?x25 1))))
 (let ((?x30 (select ?x29 ?x21)))
 (let ((?x48 (store ?x29 ?x21 (+ ?x30 1))))
 (let ((?x49 (select ?x48 ?x21)))
 (let ((?x67 (store ?x48 ?x21 (+ ?x49 1))))
 (let ((?x68 (select ?x67 ?x21)))
 (let ((?x84 (store ?x67 ?x10 ?x68)))
 (let ((?x85 (select ?x84 ?x21)))
 (let ((?x90 (store ?x84 ?x21 (+ ?x85 1))))
 (let ((?x91 (select ?x90 ?x11)))
 (let ((?x100 (+ 0 (* 1 ?x91))))
 (let ((?x101 (select ?x90 ?x100)))
 (let ((?x104 (select ?x90 (+ 0 (* 1 (select ?x90 ?x10))))))
 (let ((?x107 (store ?x90 ?x100 (+ ?x104 ?x101))))
 (let ((?x112 (select ?x107 ?x10)))
 (and (<= 0 ?x112) (< ?x112 1))))))))))))))))))))))))))))
(assert
 (let ((?x8 (+ 0 5)))
 (let ((?x10 (+ ?x8 1)))
 (let ((?x11 (+ ?x10 1)))
 (let ((?x21 (+ ?x11 1)))
 (let ((?x6 ((as const (Array Int Int)) 0)))
 (let ((?x12 (store ?x6 ?x11 0)))
 (let ((?x18 (store ?x12 ?x11 (+ (select ?x12 ?x11) 1))))
 (let ((?x20 (store ?x18 ?x10 (select ?x18 ?x11))))
 (let ((?x24 (store ?x20 ?x21 (+ (select ?x20 ?x11) 1))))
 (let ((?x25 (select ?x24 ?x21)))
 (let ((?x29 (store ?x24 ?x21 (+ ?x25 1))))
 (let ((?x30 (select ?x29 ?x21)))
 (let ((?x48 (store ?x29 ?x21 (+ ?x30 1))))
 (let ((?x49 (select ?x48 ?x21)))
 (let ((?x67 (store ?x48 ?x21 (+ ?x49 1))))
 (let ((?x68 (select ?x67 ?x21)))
 (let ((?x84 (store ?x67 ?x10 ?x68)))
 (let ((?x85 (select ?x84 ?x21)))
 (let ((?x90 (store ?x84 ?x21 (+ ?x85 1))))
 (let ((?x91 (select ?x90 ?x11)))
 (let ((?x100 (+ 0 (* 1 ?x91))))
 (let ((?x101 (select ?x90 ?x100)))
 (let ((?x104 (select ?x90 (+ 0 (* 1 (select ?x90 ?x10))))))
 (let ((?x107 (store ?x90 ?x100 (+ ?x104 ?x101))))
 (let ((?x112 (select ?x107 ?x10)))
 (let ((?x117 (+ 0 (* 1 ?x112))))
 (let ((?x122 (- (select ?x107 (+ 0 (* 1 (select ?x107 ?x11)))) (select ?x107 ?x117))))
 (let ((?x123 (store ?x107 ?x117 ?x122)))
 (let ((?x124 (select ?x123 ?x11)))
 (and (<= 0 ?x124) (< ?x124 1))))))))))))))))))))))))))))))))
(assert
 (let ((?x8 (+ 0 5)))
 (let ((?x10 (+ ?x8 1)))
 (let ((?x11 (+ ?x10 1)))
 (let ((?x21 (+ ?x11 1)))
 (let ((?x6 ((as const (Array Int Int)) 0)))
 (let ((?x12 (store ?x6 ?x11 0)))
 (let ((?x18 (store ?x12 ?x11 (+ (select ?x12 ?x11) 1))))
 (let ((?x20 (store ?x18 ?x10 (select ?x18 ?x11))))
 (let ((?x24 (store ?x20 ?x21 (+ (select ?x20 ?x11) 1))))
 (let ((?x25 (select ?x24 ?x21)))
 (let ((?x29 (store ?x24 ?x21 (+ ?x25 1))))
 (let ((?x30 (select ?x29 ?x21)))
 (let ((?x48 (store ?x29 ?x21 (+ ?x30 1))))
 (let ((?x49 (select ?x48 ?x21)))
 (let ((?x67 (store ?x48 ?x21 (+ ?x49 1))))
 (let ((?x68 (select ?x67 ?x21)))
 (let ((?x84 (store ?x67 ?x10 ?x68)))
 (let ((?x85 (select ?x84 ?x21)))
 (let ((?x90 (store ?x84 ?x21 (+ ?x85 1))))
 (let ((?x91 (select ?x90 ?x11)))
 (let ((?x100 (+ 0 (* 1 ?x91))))
 (let ((?x101 (select ?x90 ?x100)))
 (let ((?x104 (select ?x90 (+ 0 (* 1 (select ?x90 ?x10))))))
 (let ((?x107 (store ?x90 ?x100 (+ ?x104 ?x101))))
 (let ((?x112 (select ?x107 ?x10)))
 (let ((?x117 (+ 0 (* 1 ?x112))))
 (let ((?x122 (- (select ?x107 (+ 0 (* 1 (select ?x107 ?x11)))) (select ?x107 ?x117))))
 (let ((?x123 (store ?x107 ?x117 ?x122)))
 (let ((?x128 (select ?x123 ?x10)))
 (and (<= 0 ?x128) (< ?x128 1))))))))))))))))))))))))))))))))
(assert
 (let ((?x8 (+ 0 5)))
 (let ((?x10 (+ ?x8 1)))
 (let ((?x11 (+ ?x10 1)))
 (let ((?x21 (+ ?x11 1)))
 (let ((?x6 ((as const (Array Int Int)) 0)))
 (let ((?x12 (store ?x6 ?x11 0)))
 (let ((?x18 (store ?x12 ?x11 (+ (select ?x12 ?x11) 1))))
 (let ((?x20 (store ?x18 ?x10 (select ?x18 ?x11))))
 (let ((?x24 (store ?x20 ?x21 (+ (select ?x20 ?x11) 1))))
 (let ((?x25 (select ?x24 ?x21)))
 (let ((?x29 (store ?x24 ?x21 (+ ?x25 1))))
 (let ((?x30 (select ?x29 ?x21)))
 (let ((?x48 (store ?x29 ?x21 (+ ?x30 1))))
 (let ((?x49 (select ?x48 ?x21)))
 (let ((?x67 (store ?x48 ?x21 (+ ?x49 1))))
 (let ((?x68 (select ?x67 ?x21)))
 (let ((?x84 (store ?x67 ?x10 ?x68)))
 (let ((?x85 (select ?x84 ?x21)))
 (let ((?x90 (store ?x84 ?x21 (+ ?x85 1))))
 (let ((?x91 (select ?x90 ?x11)))
 (let ((?x100 (+ 0 (* 1 ?x91))))
 (let ((?x101 (select ?x90 ?x100)))
 (let ((?x104 (select ?x90 (+ 0 (* 1 (select ?x90 ?x10))))))
 (let ((?x107 (store ?x90 ?x100 (+ ?x104 ?x101))))
 (let ((?x112 (select ?x107 ?x10)))
 (let ((?x117 (+ 0 (* 1 ?x112))))
 (let ((?x122 (- (select ?x107 (+ 0 (* 1 (select ?x107 ?x11)))) (select ?x107 ?x117))))
 (let ((?x123 (store ?x107 ?x117 ?x122)))
 (let ((?x124 (select ?x123 ?x11)))
 (and (<= 0 ?x124) (< ?x124 1))))))))))))))))))))))))))))))))
(check-sat)

[mem]:17
Path:int data[5];
int n;
int min;
int i=0;
@(i<n-1);
i=i+1;
int i=0;
min=i;
int j=i+1;
@(j<n);
j=j+1;
int j=i+1;
@(data[j]<data[min]);

@(j<n);
j=j+1;
int j=i+1;
@(data[j]<data[min]);

@(j<n);
j=j+1;
int j=i+1;
@(!(data[j]<data[min]));

min=j;

@(!(j<n));
j=j+1;

@(!(data[i]!=data[min]));

data[i]=data[min]+data[i];
data[min]=data[i]-data[min];
data[i]=data[i]-data[min];

warning: a declaration with the name "i" already exists!
warning: a declaration with the name "j" already exists!
warning: a declaration with the name "j" already exists!
warning: a declaration with the name "j" already exists!
debug:solver.cpp:60: input is a c0 path.
debug:solver.cpp:60: input is a c0 path.
infeasible!!!
SMT2:; 
(set-info :status unknown)
(assert
 (let ((?x8 (+ 0 5)))
 (let ((?x10 (+ ?x8 1)))
 (let ((?x11 (+ ?x10 1)))
 (let ((?x6 ((as const (Array Int Int)) 0)))
 (let ((?x12 (store ?x6 ?x11 0)))
 (let ((?x13 (select ?x12 ?x11)))
 (< ?x13 (- (select ?x12 ?x8) 1)))))))))
(assert
 (let ((?x8 (+ 0 5)))
 (let ((?x10 (+ ?x8 1)))
 (let ((?x11 (+ ?x10 1)))
 (let ((?x6 ((as const (Array Int Int)) 0)))
 (let ((?x12 (store ?x6 ?x11 0)))
 (let ((?x18 (store ?x12 ?x11 (+ (select ?x12 ?x11) 1))))
 (let ((?x20 (store ?x18 ?x10 (select ?x18 ?x11))))
 (let ((?x21 (+ ?x11 1)))
 (let ((?x24 (store ?x20 ?x21 (+ (select ?x20 ?x11) 1))))
 (let ((?x25 (select ?x24 ?x21)))
 (< ?x25 (select ?x24 ?x8)))))))))))))
(assert
 (let ((?x8 (+ 0 5)))
 (let ((?x10 (+ ?x8 1)))
 (let ((?x11 (+ ?x10 1)))
 (let ((?x21 (+ ?x11 1)))
 (let ((?x6 ((as const (Array Int Int)) 0)))
 (let ((?x12 (store ?x6 ?x11 0)))
 (let ((?x18 (store ?x12 ?x11 (+ (select ?x12 ?x11) 1))))
 (let ((?x20 (store ?x18 ?x10 (select ?x18 ?x11))))
 (let ((?x24 (store ?x20 ?x21 (+ (select ?x20 ?x11) 1))))
 (let ((?x25 (select ?x24 ?x21)))
 (let ((?x29 (store ?x24 ?x21 (+ ?x25 1))))
 (let ((?x30 (select ?x29 ?x21)))
 (and (<= 0 ?x30) (< ?x30 1)))))))))))))))
(assert
 (let ((?x8 (+ 0 5)))
 (let ((?x10 (+ ?x8 1)))
 (let ((?x11 (+ ?x10 1)))
 (let ((?x21 (+ ?x11 1)))
 (let ((?x6 ((as const (Array Int Int)) 0)))
 (let ((?x12 (store ?x6 ?x11 0)))
 (let ((?x18 (store ?x12 ?x11 (+ (select ?x12 ?x11) 1))))
 (let ((?x20 (store ?x18 ?x10 (select ?x18 ?x11))))
 (let ((?x24 (store ?x20 ?x21 (+ (select ?x20 ?x11) 1))))
 (let ((?x25 (select ?x24 ?x21)))
 (let ((?x29 (store ?x24 ?x21 (+ ?x25 1))))
 (let ((?x34 (select ?x29 ?x10)))
 (and (<= 0 ?x34) (< ?x34 1)))))))))))))))
(assert
 (let ((?x8 (+ 0 5)))
 (let ((?x10 (+ ?x8 1)))
 (let ((?x11 (+ ?x10 1)))
 (let ((?x21 (+ ?x11 1)))
 (let ((?x6 ((as const (Array Int Int)) 0)))
 (let ((?x12 (store ?x6 ?x11 0)))
 (let ((?x18 (store ?x12 ?x11 (+ (select ?x12 ?x11) 1))))
 (let ((?x20 (store ?x18 ?x10 (select ?x18 ?x11))))
 (let ((?x24 (store ?x20 ?x21 (+ (select ?x20 ?x11) 1))))
 (let ((?x25 (select ?x24 ?x21)))
 (let ((?x29 (store ?x24 ?x21 (+ ?x25 1))))
 (let ((?x34 (select ?x29 ?x10)))
 (< (select ?x29 (+ 0 (* 1 (select ?x29 ?x21)))) (select ?x29 (+ 0 (* 1 ?x34)))))))))))))))))
(assert
 (let ((?x8 (+ 0 5)))
 (let ((?x10 (+ ?x8 1)))
 (let ((?x11 (+ ?x10 1)))
 (let ((?x21 (+ ?x11 1)))
 (let ((?x6 ((as const (Array Int Int)) 0)))
 (let ((?x12 (store ?x6 ?x11 0)))
 (let ((?x18 (store ?x12 ?x11 (+ (select ?x12 ?x11) 1))))
 (let ((?x20 (store ?x18 ?x10 (select ?x18 ?x11))))
 (let ((?x24 (store ?x20 ?x21 (+ (select ?x20 ?x11) 1))))
 (let ((?x25 (select ?x24 ?x21)))
 (let ((?x29 (store ?x24 ?x21 (+ ?x25 1))))
 (let ((?x30 (select ?x29 ?x21)))
 (< ?x30 (select ?x29 ?x8)))))))))))))))
(assert
 (let ((?x8 (+ 0 5)))
 (let ((?x10 (+ ?x8 1)))
 (let ((?x11 (+ ?x10 1)))
 (let ((?x21 (+ ?x11 1)))
 (let ((?x6 ((as const (Array Int Int)) 0)))
 (let ((?x12 (store ?x6 ?x11 0)))
 (let ((?x18 (store ?x12 ?x11 (+ (select ?x12 ?x11) 1))))
 (let ((?x20 (store ?x18 ?x10 (select ?x18 ?x11))))
 (let ((?x24 (store ?x20 ?x21 (+ (select ?x20 ?x11) 1))))
 (let ((?x25 (select ?x24 ?x21)))
 (let ((?x29 (store ?x24 ?x21 (+ ?x25 1))))
 (let ((?x30 (select ?x29 ?x21)))
 (let ((?x48 (store ?x29 ?x21 (+ ?x30 1))))
 (let ((?x49 (select ?x48 ?x21)))
 (and (<= 0 ?x49) (< ?x49 1)))))))))))))))))
(assert
 (let ((?x8 (+ 0 5)))
 (let ((?x10 (+ ?x8 1)))
 (let ((?x11 (+ ?x10 1)))
 (let ((?x21 (+ ?x11 1)))
 (let ((?x6 ((as const (Array Int Int)) 0)))
 (let ((?x12 (store ?x6 ?x11 0)))
 (let ((?x18 (store ?x12 ?x11 (+ (select ?x12 ?x11) 1))))
 (let ((?x20 (store ?x18 ?x10 (select ?x18 ?x11))))
 (let ((?x24 (store ?x20 ?x21 (+ (select ?x20 ?x11) 1))))
 (let ((?x25 (select ?x24 ?x21)))
 (let ((?x29 (store ?x24 ?x21 (+ ?x25 1))))
 (let ((?x30 (select ?x29 ?x21)))
 (let ((?x48 (store ?x29 ?x21 (+ ?x30 1))))
 (let ((?x53 (select ?x48 ?x10)))
 (and (<= 0 ?x53) (< ?x53 1)))))))))))))))))
(assert
 (let ((?x8 (+ 0 5)))
 (let ((?x10 (+ ?x8 1)))
 (let ((?x11 (+ ?x10 1)))
 (let ((?x21 (+ ?x11 1)))
 (let ((?x6 ((as const (Array Int Int)) 0)))
 (let ((?x12 (store ?x6 ?x11 0)))
 (let ((?x18 (store ?x12 ?x11 (+ (select ?x12 ?x11) 1))))
 (let ((?x20 (store ?x18 ?x10 (select ?x18 ?x11))))
 (let ((?x24 (store ?x20 ?x21 (+ (select ?x20 ?x11) 1))))
 (let ((?x25 (select ?x24 ?x21)))
 (let ((?x29 (store ?x24 ?x21 (+ ?x25 1))))
 (let ((?x30 (select ?x29 ?x21)))
 (let ((?x48 (store ?x29 ?x21 (+ ?x30 1))))
 (let ((?x53 (select ?x48 ?x10)))
 (< (select ?x48 (+ 0 (* 1 (select ?x48 ?x21)))) (select ?x48 (+ 0 (* 1 ?x53)))))))))))))))))))
(assert
 (let ((?x8 (+ 0 5)))
 (let ((?x10 (+ ?x8 1)))
 (let ((?x11 (+ ?x10 1)))
 (let ((?x21 (+ ?x11 1)))
 (let ((?x6 ((as const (Array Int Int)) 0)))
 (let ((?x12 (store ?x6 ?x11 0)))
 (let ((?x18 (store ?x12 ?x11 (+ (select ?x12 ?x11) 1))))
 (let ((?x20 (store ?x18 ?x10 (select ?x18 ?x11))))
 (let ((?x24 (store ?x20 ?x21 (+ (select ?x20 ?x11) 1))))
 (let ((?x25 (select ?x24 ?x21)))
 (let ((?x29 (store ?x24 ?x21 (+ ?x25 1))))
 (let ((?x30 (select ?x29 ?x21)))
 (let ((?x48 (store ?x29 ?x21 (+ ?x30 1))))
 (let ((?x49 (select ?x48 ?x21)))
 (< ?x49 (select ?x48 ?x8)))))))))))))))))
(assert
 (let ((?x8 (+ 0 5)))
 (let ((?x10 (+ ?x8 1)))
 (let ((?x11 (+ ?x10 1)))
 (let ((?x21 (+ ?x11 1)))
 (let ((?x6 ((as const (Array Int Int)) 0)))
 (let ((?x12 (store ?x6 ?x11 0)))
 (let ((?x18 (store ?x12 ?x11 (+ (select ?x12 ?x11) 1))))
 (let ((?x20 (store ?x18 ?x10 (select ?x18 ?x11))))
 (let ((?x24 (store ?x20 ?x21 (+ (select ?x20 ?x11) 1))))
 (let ((?x25 (select ?x24 ?x21)))
 (let ((?x29 (store ?x24 ?x21 (+ ?x25 1))))
 (let ((?x30 (select ?x29 ?x21)))
 (let ((?x48 (store ?x29 ?x21 (+ ?x30 1))))
 (let ((?x49 (select ?x48 ?x21)))
 (let ((?x67 (store ?x48 ?x21 (+ ?x49 1))))
 (let ((?x68 (select ?x67 ?x21)))
 (and (<= 0 ?x68) (< ?x68 1)))))))))))))))))))
(assert
 (let ((?x8 (+ 0 5)))
 (let ((?x10 (+ ?x8 1)))
 (let ((?x11 (+ ?x10 1)))
 (let ((?x21 (+ ?x11 1)))
 (let ((?x6 ((as const (Array Int Int)) 0)))
 (let ((?x12 (store ?x6 ?x11 0)))
 (let ((?x18 (store ?x12 ?x11 (+ (select ?x12 ?x11) 1))))
 (let ((?x20 (store ?x18 ?x10 (select ?x18 ?x11))))
 (let ((?x24 (store ?x20 ?x21 (+ (select ?x20 ?x11) 1))))
 (let ((?x25 (select ?x24 ?x21)))
 (let ((?x29 (store ?x24 ?x21 (+ ?x25 1))))
 (let ((?x30 (select ?x29 ?x21)))
 (let ((?x48 (store ?x29 ?x21 (+ ?x30 1))))
 (let ((?x49 (select ?x48 ?x21)))
 (let ((?x67 (store ?x48 ?x21 (+ ?x49 1))))
 (let ((?x72 (select ?x67 ?x10)))
 (and (<= 0 ?x72) (< ?x72 1)))))))))))))))))))
(assert
 (let ((?x8 (+ 0 5)))
 (let ((?x10 (+ ?x8 1)))
 (let ((?x11 (+ ?x10 1)))
 (let ((?x21 (+ ?x11 1)))
 (let ((?x6 ((as const (Array Int Int)) 0)))
 (let ((?x12 (store ?x6 ?x11 0)))
 (let ((?x18 (store ?x12 ?x11 (+ (select ?x12 ?x11) 1))))
 (let ((?x20 (store ?x18 ?x10 (select ?x18 ?x11))))
 (let ((?x24 (store ?x20 ?x21 (+ (select ?x20 ?x11) 1))))
 (let ((?x25 (select ?x24 ?x21)))
 (let ((?x29 (store ?x24 ?x21 (+ ?x25 1))))
 (let ((?x30 (select ?x29 ?x21)))
 (let ((?x48 (store ?x29 ?x21 (+ ?x30 1))))
 (let ((?x49 (select ?x48 ?x21)))
 (let ((?x67 (store ?x48 ?x21 (+ ?x49 1))))
 (let ((?x72 (select ?x67 ?x10)))
 (let (($x82 (< (select ?x67 (+ 0 (* 1 (select ?x67 ?x21)))) (select ?x67 (+ 0 (* 1 ?x72))))))
 (not $x82)))))))))))))))))))
(assert
 (let ((?x8 (+ 0 5)))
 (let ((?x10 (+ ?x8 1)))
 (let ((?x11 (+ ?x10 1)))
 (let ((?x21 (+ ?x11 1)))
 (let ((?x6 ((as const (Array Int Int)) 0)))
 (let ((?x12 (store ?x6 ?x11 0)))
 (let ((?x18 (store ?x12 ?x11 (+ (select ?x12 ?x11) 1))))
 (let ((?x20 (store ?x18 ?x10 (select ?x18 ?x11))))
 (let ((?x24 (store ?x20 ?x21 (+ (select ?x20 ?x11) 1))))
 (let ((?x25 (select ?x24 ?x21)))
 (let ((?x29 (store ?x24 ?x21 (+ ?x25 1))))
 (let ((?x30 (select ?x29 ?x21)))
 (let ((?x48 (store ?x29 ?x21 (+ ?x30 1))))
 (let ((?x49 (select ?x48 ?x21)))
 (let ((?x67 (store ?x48 ?x21 (+ ?x49 1))))
 (let ((?x68 (select ?x67 ?x21)))
 (let ((?x84 (store ?x67 ?x10 ?x68)))
 (let ((?x85 (select ?x84 ?x21)))
 (not (< ?x85 (select ?x84 ?x8))))))))))))))))))))))
(assert
 (let ((?x8 (+ 0 5)))
 (let ((?x10 (+ ?x8 1)))
 (let ((?x11 (+ ?x10 1)))
 (let ((?x21 (+ ?x11 1)))
 (let ((?x6 ((as const (Array Int Int)) 0)))
 (let ((?x12 (store ?x6 ?x11 0)))
 (let ((?x18 (store ?x12 ?x11 (+ (select ?x12 ?x11) 1))))
 (let ((?x20 (store ?x18 ?x10 (select ?x18 ?x11))))
 (let ((?x24 (store ?x20 ?x21 (+ (select ?x20 ?x11) 1))))
 (let ((?x25 (select ?x24 ?x21)))
 (let ((?x29 (store ?x24 ?x21 (+ ?x25 1))))
 (let ((?x30 (select ?x29 ?x21)))
 (let ((?x48 (store ?x29 ?x21 (+ ?x30 1))))
 (let ((?x49 (select ?x48 ?x21)))
 (let ((?x67 (store ?x48 ?x21 (+ ?x49 1))))
 (let ((?x68 (select ?x67 ?x21)))
 (let ((?x84 (store ?x67 ?x10 ?x68)))
 (let ((?x85 (select ?x84 ?x21)))
 (let ((?x90 (store ?x84 ?x21 (+ ?x85 1))))
 (let ((?x91 (select ?x90 ?x11)))
 (and (<= 0 ?x91) (< ?x91 1)))))))))))))))))))))))
(assert
 (let ((?x8 (+ 0 5)))
 (let ((?x10 (+ ?x8 1)))
 (let ((?x11 (+ ?x10 1)))
 (let ((?x21 (+ ?x11 1)))
 (let ((?x6 ((as const (Array Int Int)) 0)))
 (let ((?x12 (store ?x6 ?x11 0)))
 (let ((?x18 (store ?x12 ?x11 (+ (select ?x12 ?x11) 1))))
 (let ((?x20 (store ?x18 ?x10 (select ?x18 ?x11))))
 (let ((?x24 (store ?x20 ?x21 (+ (select ?x20 ?x11) 1))))
 (let ((?x25 (select ?x24 ?x21)))
 (let ((?x29 (store ?x24 ?x21 (+ ?x25 1))))
 (let ((?x30 (select ?x29 ?x21)))
 (let ((?x48 (store ?x29 ?x21 (+ ?x30 1))))
 (let ((?x49 (select ?x48 ?x21)))
 (let ((?x67 (store ?x48 ?x21 (+ ?x49 1))))
 (let ((?x68 (select ?x67 ?x21)))
 (let ((?x84 (store ?x67 ?x10 ?x68)))
 (let ((?x85 (select ?x84 ?x21)))
 (let ((?x90 (store ?x84 ?x21 (+ ?x85 1))))
 (let ((?x95 (select ?x90 ?x10)))
 (and (<= 0 ?x95) (< ?x95 1)))))))))))))))))))))))
(assert
 (let ((?x8 (+ 0 5)))
 (let ((?x10 (+ ?x8 1)))
 (let ((?x11 (+ ?x10 1)))
 (let ((?x21 (+ ?x11 1)))
 (let ((?x6 ((as const (Array Int Int)) 0)))
 (let ((?x12 (store ?x6 ?x11 0)))
 (let ((?x18 (store ?x12 ?x11 (+ (select ?x12 ?x11) 1))))
 (let ((?x20 (store ?x18 ?x10 (select ?x18 ?x11))))
 (let ((?x24 (store ?x20 ?x21 (+ (select ?x20 ?x11) 1))))
 (let ((?x25 (select ?x24 ?x21)))
 (let ((?x29 (store ?x24 ?x21 (+ ?x25 1))))
 (let ((?x30 (select ?x29 ?x21)))
 (let ((?x48 (store ?x29 ?x21 (+ ?x30 1))))
 (let ((?x49 (select ?x48 ?x21)))
 (let ((?x67 (store ?x48 ?x21 (+ ?x49 1))))
 (let ((?x68 (select ?x67 ?x21)))
 (let ((?x84 (store ?x67 ?x10 ?x68)))
 (let ((?x85 (select ?x84 ?x21)))
 (let ((?x90 (store ?x84 ?x21 (+ ?x85 1))))
 (let ((?x95 (select ?x90 ?x10)))
 (let ((?x104 (select ?x90 (+ 0 (* 1 ?x95)))))
 (let ((?x100 (+ 0 (* 1 (select ?x90 ?x11)))))
 (let ((?x101 (select ?x90 ?x100)))
 (not (and (distinct ?x101 ?x104) true))))))))))))))))))))))))))
(assert
 (let ((?x8 (+ 0 5)))
 (let ((?x10 (+ ?x8 1)))
 (let ((?x11 (+ ?x10 1)))
 (let ((?x21 (+ ?x11 1)))
 (let ((?x6 ((as const (Array Int Int)) 0)))
 (let ((?x12 (store ?x6 ?x11 0)))
 (let ((?x18 (store ?x12 ?x11 (+ (select ?x12 ?x11) 1))))
 (let ((?x20 (store ?x18 ?x10 (select ?x18 ?x11))))
 (let ((?x24 (store ?x20 ?x21 (+ (select ?x20 ?x11) 1))))
 (let ((?x25 (select ?x24 ?x21)))
 (let ((?x29 (store ?x24 ?x21 (+ ?x25 1))))
 (let ((?x30 (select ?x29 ?x21)))
 (let ((?x48 (store ?x29 ?x21 (+ ?x30 1))))
 (let ((?x49 (select ?x48 ?x21)))
 (let ((?x67 (store ?x48 ?x21 (+ ?x49 1))))
 (let ((?x68 (select ?x67 ?x21)))
 (let ((?x84 (store ?x67 ?x10 ?x68)))
 (let ((?x85 (select ?x84 ?x21)))
 (let ((?x90 (store ?x84 ?x21 (+ ?x85 1))))
 (let ((?x95 (select ?x90 ?x10)))
 (and (<= 0 ?x95) (< ?x95 1)))))))))))))))))))))))
(assert
 (let ((?x8 (+ 0 5)))
 (let ((?x10 (+ ?x8 1)))
 (let ((?x11 (+ ?x10 1)))
 (let ((?x21 (+ ?x11 1)))
 (let ((?x6 ((as const (Array Int Int)) 0)))
 (let ((?x12 (store ?x6 ?x11 0)))
 (let ((?x18 (store ?x12 ?x11 (+ (select ?x12 ?x11) 1))))
 (let ((?x20 (store ?x18 ?x10 (select ?x18 ?x11))))
 (let ((?x24 (store ?x20 ?x21 (+ (select ?x20 ?x11) 1))))
 (let ((?x25 (select ?x24 ?x21)))
 (let ((?x29 (store ?x24 ?x21 (+ ?x25 1))))
 (let ((?x30 (select ?x29 ?x21)))
 (let ((?x48 (store ?x29 ?x21 (+ ?x30 1))))
 (let ((?x49 (select ?x48 ?x21)))
 (let ((?x67 (store ?x48 ?x21 (+ ?x49 1))))
 (let ((?x68 (select ?x67 ?x21)))
 (let ((?x84 (store ?x67 ?x10 ?x68)))
 (let ((?x85 (select ?x84 ?x21)))
 (let ((?x90 (store ?x84 ?x21 (+ ?x85 1))))
 (let ((?x91 (select ?x90 ?x11)))
 (and (<= 0 ?x91) (< ?x91 1)))))))))))))))))))))))
(assert
 (let ((?x8 (+ 0 5)))
 (let ((?x10 (+ ?x8 1)))
 (let ((?x11 (+ ?x10 1)))
 (let ((?x21 (+ ?x11 1)))
 (let ((?x6 ((as const (Array Int Int)) 0)))
 (let ((?x12 (store ?x6 ?x11 0)))
 (let ((?x18 (store ?x12 ?x11 (+ (select ?x12 ?x11) 1))))
 (let ((?x20 (store ?x18 ?x10 (select ?x18 ?x11))))
 (let ((?x24 (store ?x20 ?x21 (+ (select ?x20 ?x11) 1))))
 (let ((?x25 (select ?x24 ?x21)))
 (let ((?x29 (store ?x24 ?x21 (+ ?x25 1))))
 (let ((?x30 (select ?x29 ?x21)))
 (let ((?x48 (store ?x29 ?x21 (+ ?x30 1))))
 (let ((?x49 (select ?x48 ?x21)))
 (let ((?x67 (store ?x48 ?x21 (+ ?x49 1))))
 (let ((?x68 (select ?x67 ?x21)))
 (let ((?x84 (store ?x67 ?x10 ?x68)))
 (let ((?x85 (select ?x84 ?x21)))
 (let ((?x90 (store ?x84 ?x21 (+ ?x85 1))))
 (let ((?x91 (select ?x90 ?x11)))
 (and (<= 0 ?x91) (< ?x91 1)))))))))))))))))))))))
(assert
 (let ((?x8 (+ 0 5)))
 (let ((?x10 (+ ?x8 1)))
 (let ((?x11 (+ ?x10 1)))
 (let ((?x21 (+ ?x11 1)))
 (let ((?x6 ((as const (Array Int Int)) 0)))
 (let ((?x12 (store ?x6 ?x11 0)))
 (let ((?x18 (store ?x12 ?x11 (+ (select ?x12 ?x11) 1))))
 (let ((?x20 (store ?x18 ?x10 (select ?x18 ?x11))))
 (let ((?x24 (store ?x20 ?x21 (+ (select ?x20 ?x11) 1))))
 (let ((?x25 (select ?x24 ?x21)))
 (let ((?x29 (store ?x24 ?x21 (+ ?x25 1))))
 (let ((?x30 (select ?x29 ?x21)))
 (let ((?x48 (store ?x29 ?x21 (+ ?x30 1))))
 (let ((?x49 (select ?x48 ?x21)))
 (let ((?x67 (store ?x48 ?x21 (+ ?x49 1))))
 (let ((?x68 (select ?x67 ?x21)))
 (let ((?x84 (store ?x67 ?x10 ?x68)))
 (let ((?x85 (select ?x84 ?x21)))
 (let ((?x90 (store ?x84 ?x21 (+ ?x85 1))))
 (let ((?x91 (select ?x90 ?x11)))
 (let ((?x100 (+ 0 (* 1 ?x91))))
 (let ((?x101 (select ?x90 ?x100)))
 (let ((?x104 (select ?x90 (+ 0 (* 1 (select ?x90 ?x10))))))
 (let ((?x108 (store ?x90 ?x100 (+ ?x104 ?x101))))
 (let ((?x109 (select ?x108 ?x11)))
 (and (<= 0 ?x109) (< ?x109 1))))))))))))))))))))))))))))
(assert
 (let ((?x8 (+ 0 5)))
 (let ((?x10 (+ ?x8 1)))
 (let ((?x11 (+ ?x10 1)))
 (let ((?x21 (+ ?x11 1)))
 (let ((?x6 ((as const (Array Int Int)) 0)))
 (let ((?x12 (store ?x6 ?x11 0)))
 (let ((?x18 (store ?x12 ?x11 (+ (select ?x12 ?x11) 1))))
 (let ((?x20 (store ?x18 ?x10 (select ?x18 ?x11))))
 (let ((?x24 (store ?x20 ?x21 (+ (select ?x20 ?x11) 1))))
 (let ((?x25 (select ?x24 ?x21)))
 (let ((?x29 (store ?x24 ?x21 (+ ?x25 1))))
 (let ((?x30 (select ?x29 ?x21)))
 (let ((?x48 (store ?x29 ?x21 (+ ?x30 1))))
 (let ((?x49 (select ?x48 ?x21)))
 (let ((?x67 (store ?x48 ?x21 (+ ?x49 1))))
 (let ((?x68 (select ?x67 ?x21)))
 (let ((?x84 (store ?x67 ?x10 ?x68)))
 (let ((?x85 (select ?x84 ?x21)))
 (let ((?x90 (store ?x84 ?x21 (+ ?x85 1))))
 (let ((?x91 (select ?x90 ?x11)))
 (let ((?x100 (+ 0 (* 1 ?x91))))
 (let ((?x101 (select ?x90 ?x100)))
 (let ((?x104 (select ?x90 (+ 0 (* 1 (select ?x90 ?x10))))))
 (let ((?x108 (store ?x90 ?x100 (+ ?x104 ?x101))))
 (let ((?x113 (select ?x108 ?x10)))
 (and (<= 0 ?x113) (< ?x113 1))))))))))))))))))))))))))))
(assert
 (let ((?x8 (+ 0 5)))
 (let ((?x10 (+ ?x8 1)))
 (let ((?x11 (+ ?x10 1)))
 (let ((?x21 (+ ?x11 1)))
 (let ((?x6 ((as const (Array Int Int)) 0)))
 (let ((?x12 (store ?x6 ?x11 0)))
 (let ((?x18 (store ?x12 ?x11 (+ (select ?x12 ?x11) 1))))
 (let ((?x20 (store ?x18 ?x10 (select ?x18 ?x11))))
 (let ((?x24 (store ?x20 ?x21 (+ (select ?x20 ?x11) 1))))
 (let ((?x25 (select ?x24 ?x21)))
 (let ((?x29 (store ?x24 ?x21 (+ ?x25 1))))
 (let ((?x30 (select ?x29 ?x21)))
 (let ((?x48 (store ?x29 ?x21 (+ ?x30 1))))
 (let ((?x49 (select ?x48 ?x21)))
 (let ((?x67 (store ?x48 ?x21 (+ ?x49 1))))
 (let ((?x68 (select ?x67 ?x21)))
 (let ((?x84 (store ?x67 ?x10 ?x68)))
 (let ((?x85 (select ?x84 ?x21)))
 (let ((?x90 (store ?x84 ?x21 (+ ?x85 1))))
 (let ((?x91 (select ?x90 ?x11)))
 (let ((?x100 (+ 0 (* 1 ?x91))))
 (let ((?x101 (select ?x90 ?x100)))
 (let ((?x104 (select ?x90 (+ 0 (* 1 (select ?x90 ?x10))))))
 (let ((?x108 (store ?x90 ?x100 (+ ?x104 ?x101))))
 (let ((?x113 (select ?x108 ?x10)))
 (and (<= 0 ?x113) (< ?x113 1))))))))))))))))))))))))))))
(assert
 (let ((?x8 (+ 0 5)))
 (let ((?x10 (+ ?x8 1)))
 (let ((?x11 (+ ?x10 1)))
 (let ((?x21 (+ ?x11 1)))
 (let ((?x6 ((as const (Array Int Int)) 0)))
 (let ((?x12 (store ?x6 ?x11 0)))
 (let ((?x18 (store ?x12 ?x11 (+ (select ?x12 ?x11) 1))))
 (let ((?x20 (store ?x18 ?x10 (select ?x18 ?x11))))
 (let ((?x24 (store ?x20 ?x21 (+ (select ?x20 ?x11) 1))))
 (let ((?x25 (select ?x24 ?x21)))
 (let ((?x29 (store ?x24 ?x21 (+ ?x25 1))))
 (let ((?x30 (select ?x29 ?x21)))
 (let ((?x48 (store ?x29 ?x21 (+ ?x30 1))))
 (let ((?x49 (select ?x48 ?x21)))
 (let ((?x67 (store ?x48 ?x21 (+ ?x49 1))))
 (let ((?x68 (select ?x67 ?x21)))
 (let ((?x84 (store ?x67 ?x10 ?x68)))
 (let ((?x85 (select ?x84 ?x21)))
 (let ((?x90 (store ?x84 ?x21 (+ ?x85 1))))
 (let ((?x91 (select ?x90 ?x11)))
 (let ((?x100 (+ 0 (* 1 ?x91))))
 (let ((?x101 (select ?x90 ?x100)))
 (let ((?x104 (select ?x90 (+ 0 (* 1 (select ?x90 ?x10))))))
 (let ((?x108 (store ?x90 ?x100 (+ ?x104 ?x101))))
 (let ((?x113 (select ?x108 ?x10)))
 (let ((?x118 (+ 0 (* 1 ?x113))))
 (let ((?x123 (- (select ?x108 (+ 0 (* 1 (select ?x108 ?x11)))) (select ?x108 ?x118))))
 (let ((?x124 (store ?x108 ?x118 ?x123)))
 (let ((?x125 (select ?x124 ?x11)))
 (and (<= 0 ?x125) (< ?x125 1))))))))))))))))))))))))))))))))
(assert
 (let ((?x8 (+ 0 5)))
 (let ((?x10 (+ ?x8 1)))
 (let ((?x11 (+ ?x10 1)))
 (let ((?x21 (+ ?x11 1)))
 (let ((?x6 ((as const (Array Int Int)) 0)))
 (let ((?x12 (store ?x6 ?x11 0)))
 (let ((?x18 (store ?x12 ?x11 (+ (select ?x12 ?x11) 1))))
 (let ((?x20 (store ?x18 ?x10 (select ?x18 ?x11))))
 (let ((?x24 (store ?x20 ?x21 (+ (select ?x20 ?x11) 1))))
 (let ((?x25 (select ?x24 ?x21)))
 (let ((?x29 (store ?x24 ?x21 (+ ?x25 1))))
 (let ((?x30 (select ?x29 ?x21)))
 (let ((?x48 (store ?x29 ?x21 (+ ?x30 1))))
 (let ((?x49 (select ?x48 ?x21)))
 (let ((?x67 (store ?x48 ?x21 (+ ?x49 1))))
 (let ((?x68 (select ?x67 ?x21)))
 (let ((?x84 (store ?x67 ?x10 ?x68)))
 (let ((?x85 (select ?x84 ?x21)))
 (let ((?x90 (store ?x84 ?x21 (+ ?x85 1))))
 (let ((?x91 (select ?x90 ?x11)))
 (let ((?x100 (+ 0 (* 1 ?x91))))
 (let ((?x101 (select ?x90 ?x100)))
 (let ((?x104 (select ?x90 (+ 0 (* 1 (select ?x90 ?x10))))))
 (let ((?x108 (store ?x90 ?x100 (+ ?x104 ?x101))))
 (let ((?x113 (select ?x108 ?x10)))
 (let ((?x118 (+ 0 (* 1 ?x113))))
 (let ((?x123 (- (select ?x108 (+ 0 (* 1 (select ?x108 ?x11)))) (select ?x108 ?x118))))
 (let ((?x124 (store ?x108 ?x118 ?x123)))
 (let ((?x129 (select ?x124 ?x10)))
 (and (<= 0 ?x129) (< ?x129 1))))))))))))))))))))))))))))))))
(assert
 (let ((?x8 (+ 0 5)))
 (let ((?x10 (+ ?x8 1)))
 (let ((?x11 (+ ?x10 1)))
 (let ((?x21 (+ ?x11 1)))
 (let ((?x6 ((as const (Array Int Int)) 0)))
 (let ((?x12 (store ?x6 ?x11 0)))
 (let ((?x18 (store ?x12 ?x11 (+ (select ?x12 ?x11) 1))))
 (let ((?x20 (store ?x18 ?x10 (select ?x18 ?x11))))
 (let ((?x24 (store ?x20 ?x21 (+ (select ?x20 ?x11) 1))))
 (let ((?x25 (select ?x24 ?x21)))
 (let ((?x29 (store ?x24 ?x21 (+ ?x25 1))))
 (let ((?x30 (select ?x29 ?x21)))
 (let ((?x48 (store ?x29 ?x21 (+ ?x30 1))))
 (let ((?x49 (select ?x48 ?x21)))
 (let ((?x67 (store ?x48 ?x21 (+ ?x49 1))))
 (let ((?x68 (select ?x67 ?x21)))
 (let ((?x84 (store ?x67 ?x10 ?x68)))
 (let ((?x85 (select ?x84 ?x21)))
 (let ((?x90 (store ?x84 ?x21 (+ ?x85 1))))
 (let ((?x91 (select ?x90 ?x11)))
 (let ((?x100 (+ 0 (* 1 ?x91))))
 (let ((?x101 (select ?x90 ?x100)))
 (let ((?x104 (select ?x90 (+ 0 (* 1 (select ?x90 ?x10))))))
 (let ((?x108 (store ?x90 ?x100 (+ ?x104 ?x101))))
 (let ((?x113 (select ?x108 ?x10)))
 (let ((?x118 (+ 0 (* 1 ?x113))))
 (let ((?x123 (- (select ?x108 (+ 0 (* 1 (select ?x108 ?x11)))) (select ?x108 ?x118))))
 (let ((?x124 (store ?x108 ?x118 ?x123)))
 (let ((?x125 (select ?x124 ?x11)))
 (and (<= 0 ?x125) (< ?x125 1))))))))))))))))))))))))))))))))
(check-sat)

[mem]:17
Path:int data[5];
int n;
int min;
int i=0;
@(i<n-1);
i=i+1;
int i=0;
min=i;
int j=i+1;
@(j<n);
j=j+1;
int j=i+1;
@(data[j]<data[min]);

@(j<n);
j=j+1;
int j=i+1;
@(!(data[j]<data[min]));

min=j;

@(j<n);
j=j+1;
int j=i+1;
@(data[j]<data[min]);

@(!(j<n));
j=j+1;

@(data[i]!=data[min]);

data[i]=data[min]+data[i];
data[min]=data[i]-data[min];
data[i]=data[i]-data[min];

warning: a declaration with the name "i" already exists!
warning: a declaration with the name "j" already exists!
warning: a declaration with the name "j" already exists!
warning: a declaration with the name "j" already exists!
debug:solver.cpp:60: input is a c0 path.
debug:solver.cpp:60: input is a c0 path.
infeasible!!!
SMT2:; 
(set-info :status unknown)
(assert
 (let ((?x8 (+ 0 5)))
 (let ((?x10 (+ ?x8 1)))
 (let ((?x11 (+ ?x10 1)))
 (let ((?x6 ((as const (Array Int Int)) 0)))
 (let ((?x12 (store ?x6 ?x11 0)))
 (let ((?x13 (select ?x12 ?x11)))
 (< ?x13 (- (select ?x12 ?x8) 1)))))))))
(assert
 (let ((?x8 (+ 0 5)))
 (let ((?x10 (+ ?x8 1)))
 (let ((?x11 (+ ?x10 1)))
 (let ((?x6 ((as const (Array Int Int)) 0)))
 (let ((?x12 (store ?x6 ?x11 0)))
 (let ((?x18 (store ?x12 ?x11 (+ (select ?x12 ?x11) 1))))
 (let ((?x20 (store ?x18 ?x10 (select ?x18 ?x11))))
 (let ((?x21 (+ ?x11 1)))
 (let ((?x24 (store ?x20 ?x21 (+ (select ?x20 ?x11) 1))))
 (let ((?x25 (select ?x24 ?x21)))
 (< ?x25 (select ?x24 ?x8)))))))))))))
(assert
 (let ((?x8 (+ 0 5)))
 (let ((?x10 (+ ?x8 1)))
 (let ((?x11 (+ ?x10 1)))
 (let ((?x21 (+ ?x11 1)))
 (let ((?x6 ((as const (Array Int Int)) 0)))
 (let ((?x12 (store ?x6 ?x11 0)))
 (let ((?x18 (store ?x12 ?x11 (+ (select ?x12 ?x11) 1))))
 (let ((?x20 (store ?x18 ?x10 (select ?x18 ?x11))))
 (let ((?x24 (store ?x20 ?x21 (+ (select ?x20 ?x11) 1))))
 (let ((?x25 (select ?x24 ?x21)))
 (let ((?x29 (store ?x24 ?x21 (+ ?x25 1))))
 (let ((?x30 (select ?x29 ?x21)))
 (and (<= 0 ?x30) (< ?x30 1)))))))))))))))
(assert
 (let ((?x8 (+ 0 5)))
 (let ((?x10 (+ ?x8 1)))
 (let ((?x11 (+ ?x10 1)))
 (let ((?x21 (+ ?x11 1)))
 (let ((?x6 ((as const (Array Int Int)) 0)))
 (let ((?x12 (store ?x6 ?x11 0)))
 (let ((?x18 (store ?x12 ?x11 (+ (select ?x12 ?x11) 1))))
 (let ((?x20 (store ?x18 ?x10 (select ?x18 ?x11))))
 (let ((?x24 (store ?x20 ?x21 (+ (select ?x20 ?x11) 1))))
 (let ((?x25 (select ?x24 ?x21)))
 (let ((?x29 (store ?x24 ?x21 (+ ?x25 1))))
 (let ((?x34 (select ?x29 ?x10)))
 (and (<= 0 ?x34) (< ?x34 1)))))))))))))))
(assert
 (let ((?x8 (+ 0 5)))
 (let ((?x10 (+ ?x8 1)))
 (let ((?x11 (+ ?x10 1)))
 (let ((?x21 (+ ?x11 1)))
 (let ((?x6 ((as const (Array Int Int)) 0)))
 (let ((?x12 (store ?x6 ?x11 0)))
 (let ((?x18 (store ?x12 ?x11 (+ (select ?x12 ?x11) 1))))
 (let ((?x20 (store ?x18 ?x10 (select ?x18 ?x11))))
 (let ((?x24 (store ?x20 ?x21 (+ (select ?x20 ?x11) 1))))
 (let ((?x25 (select ?x24 ?x21)))
 (let ((?x29 (store ?x24 ?x21 (+ ?x25 1))))
 (let ((?x34 (select ?x29 ?x10)))
 (< (select ?x29 (+ 0 (* 1 (select ?x29 ?x21)))) (select ?x29 (+ 0 (* 1 ?x34)))))))))))))))))
(assert
 (let ((?x8 (+ 0 5)))
 (let ((?x10 (+ ?x8 1)))
 (let ((?x11 (+ ?x10 1)))
 (let ((?x21 (+ ?x11 1)))
 (let ((?x6 ((as const (Array Int Int)) 0)))
 (let ((?x12 (store ?x6 ?x11 0)))
 (let ((?x18 (store ?x12 ?x11 (+ (select ?x12 ?x11) 1))))
 (let ((?x20 (store ?x18 ?x10 (select ?x18 ?x11))))
 (let ((?x24 (store ?x20 ?x21 (+ (select ?x20 ?x11) 1))))
 (let ((?x25 (select ?x24 ?x21)))
 (let ((?x29 (store ?x24 ?x21 (+ ?x25 1))))
 (let ((?x30 (select ?x29 ?x21)))
 (< ?x30 (select ?x29 ?x8)))))))))))))))
(assert
 (let ((?x8 (+ 0 5)))
 (let ((?x10 (+ ?x8 1)))
 (let ((?x11 (+ ?x10 1)))
 (let ((?x21 (+ ?x11 1)))
 (let ((?x6 ((as const (Array Int Int)) 0)))
 (let ((?x12 (store ?x6 ?x11 0)))
 (let ((?x18 (store ?x12 ?x11 (+ (select ?x12 ?x11) 1))))
 (let ((?x20 (store ?x18 ?x10 (select ?x18 ?x11))))
 (let ((?x24 (store ?x20 ?x21 (+ (select ?x20 ?x11) 1))))
 (let ((?x25 (select ?x24 ?x21)))
 (let ((?x29 (store ?x24 ?x21 (+ ?x25 1))))
 (let ((?x30 (select ?x29 ?x21)))
 (let ((?x48 (store ?x29 ?x21 (+ ?x30 1))))
 (let ((?x49 (select ?x48 ?x21)))
 (and (<= 0 ?x49) (< ?x49 1)))))))))))))))))
(assert
 (let ((?x8 (+ 0 5)))
 (let ((?x10 (+ ?x8 1)))
 (let ((?x11 (+ ?x10 1)))
 (let ((?x21 (+ ?x11 1)))
 (let ((?x6 ((as const (Array Int Int)) 0)))
 (let ((?x12 (store ?x6 ?x11 0)))
 (let ((?x18 (store ?x12 ?x11 (+ (select ?x12 ?x11) 1))))
 (let ((?x20 (store ?x18 ?x10 (select ?x18 ?x11))))
 (let ((?x24 (store ?x20 ?x21 (+ (select ?x20 ?x11) 1))))
 (let ((?x25 (select ?x24 ?x21)))
 (let ((?x29 (store ?x24 ?x21 (+ ?x25 1))))
 (let ((?x30 (select ?x29 ?x21)))
 (let ((?x48 (store ?x29 ?x21 (+ ?x30 1))))
 (let ((?x53 (select ?x48 ?x10)))
 (and (<= 0 ?x53) (< ?x53 1)))))))))))))))))
(assert
 (let ((?x8 (+ 0 5)))
 (let ((?x10 (+ ?x8 1)))
 (let ((?x11 (+ ?x10 1)))
 (let ((?x21 (+ ?x11 1)))
 (let ((?x6 ((as const (Array Int Int)) 0)))
 (let ((?x12 (store ?x6 ?x11 0)))
 (let ((?x18 (store ?x12 ?x11 (+ (select ?x12 ?x11) 1))))
 (let ((?x20 (store ?x18 ?x10 (select ?x18 ?x11))))
 (let ((?x24 (store ?x20 ?x21 (+ (select ?x20 ?x11) 1))))
 (let ((?x25 (select ?x24 ?x21)))
 (let ((?x29 (store ?x24 ?x21 (+ ?x25 1))))
 (let ((?x30 (select ?x29 ?x21)))
 (let ((?x48 (store ?x29 ?x21 (+ ?x30 1))))
 (let ((?x53 (select ?x48 ?x10)))
 (let (($x63 (< (select ?x48 (+ 0 (* 1 (select ?x48 ?x21)))) (select ?x48 (+ 0 (* 1 ?x53))))))
 (not $x63)))))))))))))))))
(assert
 (let ((?x8 (+ 0 5)))
 (let ((?x10 (+ ?x8 1)))
 (let ((?x11 (+ ?x10 1)))
 (let ((?x21 (+ ?x11 1)))
 (let ((?x6 ((as const (Array Int Int)) 0)))
 (let ((?x12 (store ?x6 ?x11 0)))
 (let ((?x18 (store ?x12 ?x11 (+ (select ?x12 ?x11) 1))))
 (let ((?x20 (store ?x18 ?x10 (select ?x18 ?x11))))
 (let ((?x24 (store ?x20 ?x21 (+ (select ?x20 ?x11) 1))))
 (let ((?x25 (select ?x24 ?x21)))
 (let ((?x29 (store ?x24 ?x21 (+ ?x25 1))))
 (let ((?x30 (select ?x29 ?x21)))
 (let ((?x48 (store ?x29 ?x21 (+ ?x30 1))))
 (let ((?x49 (select ?x48 ?x21)))
 (let ((?x65 (store ?x48 ?x10 ?x49)))
 (let ((?x66 (select ?x65 ?x21)))
 (< ?x66 (select ?x65 ?x8)))))))))))))))))))
(assert
 (let ((?x8 (+ 0 5)))
 (let ((?x10 (+ ?x8 1)))
 (let ((?x11 (+ ?x10 1)))
 (let ((?x21 (+ ?x11 1)))
 (let ((?x6 ((as const (Array Int Int)) 0)))
 (let ((?x12 (store ?x6 ?x11 0)))
 (let ((?x18 (store ?x12 ?x11 (+ (select ?x12 ?x11) 1))))
 (let ((?x20 (store ?x18 ?x10 (select ?x18 ?x11))))
 (let ((?x24 (store ?x20 ?x21 (+ (select ?x20 ?x11) 1))))
 (let ((?x25 (select ?x24 ?x21)))
 (let ((?x29 (store ?x24 ?x21 (+ ?x25 1))))
 (let ((?x30 (select ?x29 ?x21)))
 (let ((?x48 (store ?x29 ?x21 (+ ?x30 1))))
 (let ((?x49 (select ?x48 ?x21)))
 (let ((?x65 (store ?x48 ?x10 ?x49)))
 (let ((?x66 (select ?x65 ?x21)))
 (let ((?x70 (store ?x65 ?x21 (+ ?x66 1))))
 (let ((?x71 (select ?x70 ?x21)))
 (and (<= 0 ?x71) (< ?x71 1)))))))))))))))))))))
(assert
 (let ((?x8 (+ 0 5)))
 (let ((?x10 (+ ?x8 1)))
 (let ((?x11 (+ ?x10 1)))
 (let ((?x21 (+ ?x11 1)))
 (let ((?x6 ((as const (Array Int Int)) 0)))
 (let ((?x12 (store ?x6 ?x11 0)))
 (let ((?x18 (store ?x12 ?x11 (+ (select ?x12 ?x11) 1))))
 (let ((?x20 (store ?x18 ?x10 (select ?x18 ?x11))))
 (let ((?x24 (store ?x20 ?x21 (+ (select ?x20 ?x11) 1))))
 (let ((?x25 (select ?x24 ?x21)))
 (let ((?x29 (store ?x24 ?x21 (+ ?x25 1))))
 (let ((?x30 (select ?x29 ?x21)))
 (let ((?x48 (store ?x29 ?x21 (+ ?x30 1))))
 (let ((?x49 (select ?x48 ?x21)))
 (let ((?x65 (store ?x48 ?x10 ?x49)))
 (let ((?x66 (select ?x65 ?x21)))
 (let ((?x70 (store ?x65 ?x21 (+ ?x66 1))))
 (let ((?x75 (select ?x70 ?x10)))
 (and (<= 0 ?x75) (< ?x75 1)))))))))))))))))))))
(assert
 (let ((?x8 (+ 0 5)))
 (let ((?x10 (+ ?x8 1)))
 (let ((?x11 (+ ?x10 1)))
 (let ((?x21 (+ ?x11 1)))
 (let ((?x6 ((as const (Array Int Int)) 0)))
 (let ((?x12 (store ?x6 ?x11 0)))
 (let ((?x18 (store ?x12 ?x11 (+ (select ?x12 ?x11) 1))))
 (let ((?x20 (store ?x18 ?x10 (select ?x18 ?x11))))
 (let ((?x24 (store ?x20 ?x21 (+ (select ?x20 ?x11) 1))))
 (let ((?x25 (select ?x24 ?x21)))
 (let ((?x29 (store ?x24 ?x21 (+ ?x25 1))))
 (let ((?x30 (select ?x29 ?x21)))
 (let ((?x48 (store ?x29 ?x21 (+ ?x30 1))))
 (let ((?x49 (select ?x48 ?x21)))
 (let ((?x65 (store ?x48 ?x10 ?x49)))
 (let ((?x66 (select ?x65 ?x21)))
 (let ((?x70 (store ?x65 ?x21 (+ ?x66 1))))
 (let ((?x75 (select ?x70 ?x10)))
 (< (select ?x70 (+ 0 (* 1 (select ?x70 ?x21)))) (select ?x70 (+ 0 (* 1 ?x75)))))))))))))))))))))))
(assert
 (let ((?x8 (+ 0 5)))
 (let ((?x10 (+ ?x8 1)))
 (let ((?x11 (+ ?x10 1)))
 (let ((?x21 (+ ?x11 1)))
 (let ((?x6 ((as const (Array Int Int)) 0)))
 (let ((?x12 (store ?x6 ?x11 0)))
 (let ((?x18 (store ?x12 ?x11 (+ (select ?x12 ?x11) 1))))
 (let ((?x20 (store ?x18 ?x10 (select ?x18 ?x11))))
 (let ((?x24 (store ?x20 ?x21 (+ (select ?x20 ?x11) 1))))
 (let ((?x25 (select ?x24 ?x21)))
 (let ((?x29 (store ?x24 ?x21 (+ ?x25 1))))
 (let ((?x30 (select ?x29 ?x21)))
 (let ((?x48 (store ?x29 ?x21 (+ ?x30 1))))
 (let ((?x49 (select ?x48 ?x21)))
 (let ((?x65 (store ?x48 ?x10 ?x49)))
 (let ((?x66 (select ?x65 ?x21)))
 (let ((?x70 (store ?x65 ?x21 (+ ?x66 1))))
 (let ((?x71 (select ?x70 ?x21)))
 (not (< ?x71 (select ?x70 ?x8))))))))))))))))))))))
(assert
 (let ((?x8 (+ 0 5)))
 (let ((?x10 (+ ?x8 1)))
 (let ((?x11 (+ ?x10 1)))
 (let ((?x21 (+ ?x11 1)))
 (let ((?x6 ((as const (Array Int Int)) 0)))
 (let ((?x12 (store ?x6 ?x11 0)))
 (let ((?x18 (store ?x12 ?x11 (+ (select ?x12 ?x11) 1))))
 (let ((?x20 (store ?x18 ?x10 (select ?x18 ?x11))))
 (let ((?x24 (store ?x20 ?x21 (+ (select ?x20 ?x11) 1))))
 (let ((?x25 (select ?x24 ?x21)))
 (let ((?x29 (store ?x24 ?x21 (+ ?x25 1))))
 (let ((?x30 (select ?x29 ?x21)))
 (let ((?x48 (store ?x29 ?x21 (+ ?x30 1))))
 (let ((?x49 (select ?x48 ?x21)))
 (let ((?x65 (store ?x48 ?x10 ?x49)))
 (let ((?x66 (select ?x65 ?x21)))
 (let ((?x70 (store ?x65 ?x21 (+ ?x66 1))))
 (let ((?x71 (select ?x70 ?x21)))
 (let ((?x90 (store ?x70 ?x21 (+ ?x71 1))))
 (let ((?x91 (select ?x90 ?x11)))
 (and (<= 0 ?x91) (< ?x91 1)))))))))))))))))))))))
(assert
 (let ((?x8 (+ 0 5)))
 (let ((?x10 (+ ?x8 1)))
 (let ((?x11 (+ ?x10 1)))
 (let ((?x21 (+ ?x11 1)))
 (let ((?x6 ((as const (Array Int Int)) 0)))
 (let ((?x12 (store ?x6 ?x11 0)))
 (let ((?x18 (store ?x12 ?x11 (+ (select ?x12 ?x11) 1))))
 (let ((?x20 (store ?x18 ?x10 (select ?x18 ?x11))))
 (let ((?x24 (store ?x20 ?x21 (+ (select ?x20 ?x11) 1))))
 (let ((?x25 (select ?x24 ?x21)))
 (let ((?x29 (store ?x24 ?x21 (+ ?x25 1))))
 (let ((?x30 (select ?x29 ?x21)))
 (let ((?x48 (store ?x29 ?x21 (+ ?x30 1))))
 (let ((?x49 (select ?x48 ?x21)))
 (let ((?x65 (store ?x48 ?x10 ?x49)))
 (let ((?x66 (select ?x65 ?x21)))
 (let ((?x70 (store ?x65 ?x21 (+ ?x66 1))))
 (let ((?x71 (select ?x70 ?x21)))
 (let ((?x90 (store ?x70 ?x21 (+ ?x71 1))))
 (let ((?x95 (select ?x90 ?x10)))
 (and (<= 0 ?x95) (< ?x95 1)))))))))))))))))))))))
(assert
 (let ((?x8 (+ 0 5)))
 (let ((?x10 (+ ?x8 1)))
 (let ((?x11 (+ ?x10 1)))
 (let ((?x21 (+ ?x11 1)))
 (let ((?x6 ((as const (Array Int Int)) 0)))
 (let ((?x12 (store ?x6 ?x11 0)))
 (let ((?x18 (store ?x12 ?x11 (+ (select ?x12 ?x11) 1))))
 (let ((?x20 (store ?x18 ?x10 (select ?x18 ?x11))))
 (let ((?x24 (store ?x20 ?x21 (+ (select ?x20 ?x11) 1))))
 (let ((?x25 (select ?x24 ?x21)))
 (let ((?x29 (store ?x24 ?x21 (+ ?x25 1))))
 (let ((?x30 (select ?x29 ?x21)))
 (let ((?x48 (store ?x29 ?x21 (+ ?x30 1))))
 (let ((?x49 (select ?x48 ?x21)))
 (let ((?x65 (store ?x48 ?x10 ?x49)))
 (let ((?x66 (select ?x65 ?x21)))
 (let ((?x70 (store ?x65 ?x21 (+ ?x66 1))))
 (let ((?x71 (select ?x70 ?x21)))
 (let ((?x90 (store ?x70 ?x21 (+ ?x71 1))))
 (let ((?x95 (select ?x90 ?x10)))
 (let ((?x104 (select ?x90 (+ 0 (* 1 ?x95)))))
 (let ((?x100 (+ 0 (* 1 (select ?x90 ?x11)))))
 (let ((?x101 (select ?x90 ?x100)))
 (and (distinct ?x101 ?x104) true)))))))))))))))))))))))))
(assert
 (let ((?x8 (+ 0 5)))
 (let ((?x10 (+ ?x8 1)))
 (let ((?x11 (+ ?x10 1)))
 (let ((?x21 (+ ?x11 1)))
 (let ((?x6 ((as const (Array Int Int)) 0)))
 (let ((?x12 (store ?x6 ?x11 0)))
 (let ((?x18 (store ?x12 ?x11 (+ (select ?x12 ?x11) 1))))
 (let ((?x20 (store ?x18 ?x10 (select ?x18 ?x11))))
 (let ((?x24 (store ?x20 ?x21 (+ (select ?x20 ?x11) 1))))
 (let ((?x25 (select ?x24 ?x21)))
 (let ((?x29 (store ?x24 ?x21 (+ ?x25 1))))
 (let ((?x30 (select ?x29 ?x21)))
 (let ((?x48 (store ?x29 ?x21 (+ ?x30 1))))
 (let ((?x49 (select ?x48 ?x21)))
 (let ((?x65 (store ?x48 ?x10 ?x49)))
 (let ((?x66 (select ?x65 ?x21)))
 (let ((?x70 (store ?x65 ?x21 (+ ?x66 1))))
 (let ((?x71 (select ?x70 ?x21)))
 (let ((?x90 (store ?x70 ?x21 (+ ?x71 1))))
 (let ((?x95 (select ?x90 ?x10)))
 (and (<= 0 ?x95) (< ?x95 1)))))))))))))))))))))))
(assert
 (let ((?x8 (+ 0 5)))
 (let ((?x10 (+ ?x8 1)))
 (let ((?x11 (+ ?x10 1)))
 (let ((?x21 (+ ?x11 1)))
 (let ((?x6 ((as const (Array Int Int)) 0)))
 (let ((?x12 (store ?x6 ?x11 0)))
 (let ((?x18 (store ?x12 ?x11 (+ (select ?x12 ?x11) 1))))
 (let ((?x20 (store ?x18 ?x10 (select ?x18 ?x11))))
 (let ((?x24 (store ?x20 ?x21 (+ (select ?x20 ?x11) 1))))
 (let ((?x25 (select ?x24 ?x21)))
 (let ((?x29 (store ?x24 ?x21 (+ ?x25 1))))
 (let ((?x30 (select ?x29 ?x21)))
 (let ((?x48 (store ?x29 ?x21 (+ ?x30 1))))
 (let ((?x49 (select ?x48 ?x21)))
 (let ((?x65 (store ?x48 ?x10 ?x49)))
 (let ((?x66 (select ?x65 ?x21)))
 (let ((?x70 (store ?x65 ?x21 (+ ?x66 1))))
 (let ((?x71 (select ?x70 ?x21)))
 (let ((?x90 (store ?x70 ?x21 (+ ?x71 1))))
 (let ((?x91 (select ?x90 ?x11)))
 (and (<= 0 ?x91) (< ?x91 1)))))))))))))))))))))))
(assert
 (let ((?x8 (+ 0 5)))
 (let ((?x10 (+ ?x8 1)))
 (let ((?x11 (+ ?x10 1)))
 (let ((?x21 (+ ?x11 1)))
 (let ((?x6 ((as const (Array Int Int)) 0)))
 (let ((?x12 (store ?x6 ?x11 0)))
 (let ((?x18 (store ?x12 ?x11 (+ (select ?x12 ?x11) 1))))
 (let ((?x20 (store ?x18 ?x10 (select ?x18 ?x11))))
 (let ((?x24 (store ?x20 ?x21 (+ (select ?x20 ?x11) 1))))
 (let ((?x25 (select ?x24 ?x21)))
 (let ((?x29 (store ?x24 ?x21 (+ ?x25 1))))
 (let ((?x30 (select ?x29 ?x21)))
 (let ((?x48 (store ?x29 ?x21 (+ ?x30 1))))
 (let ((?x49 (select ?x48 ?x21)))
 (let ((?x65 (store ?x48 ?x10 ?x49)))
 (let ((?x66 (select ?x65 ?x21)))
 (let ((?x70 (store ?x65 ?x21 (+ ?x66 1))))
 (let ((?x71 (select ?x70 ?x21)))
 (let ((?x90 (store ?x70 ?x21 (+ ?x71 1))))
 (let ((?x91 (select ?x90 ?x11)))
 (and (<= 0 ?x91) (< ?x91 1)))))))))))))))))))))))
(assert
 (let ((?x8 (+ 0 5)))
 (let ((?x10 (+ ?x8 1)))
 (let ((?x11 (+ ?x10 1)))
 (let ((?x21 (+ ?x11 1)))
 (let ((?x6 ((as const (Array Int Int)) 0)))
 (let ((?x12 (store ?x6 ?x11 0)))
 (let ((?x18 (store ?x12 ?x11 (+ (select ?x12 ?x11) 1))))
 (let ((?x20 (store ?x18 ?x10 (select ?x18 ?x11))))
 (let ((?x24 (store ?x20 ?x21 (+ (select ?x20 ?x11) 1))))
 (let ((?x25 (select ?x24 ?x21)))
 (let ((?x29 (store ?x24 ?x21 (+ ?x25 1))))
 (let ((?x30 (select ?x29 ?x21)))
 (let ((?x48 (store ?x29 ?x21 (+ ?x30 1))))
 (let ((?x49 (select ?x48 ?x21)))
 (let ((?x65 (store ?x48 ?x10 ?x49)))
 (let ((?x66 (select ?x65 ?x21)))
 (let ((?x70 (store ?x65 ?x21 (+ ?x66 1))))
 (let ((?x71 (select ?x70 ?x21)))
 (let ((?x90 (store ?x70 ?x21 (+ ?x71 1))))
 (let ((?x91 (select ?x90 ?x11)))
 (let ((?x100 (+ 0 (* 1 ?x91))))
 (let ((?x101 (select ?x90 ?x100)))
 (let ((?x104 (select ?x90 (+ 0 (* 1 (select ?x90 ?x10))))))
 (let ((?x107 (store ?x90 ?x100 (+ ?x104 ?x101))))
 (let ((?x108 (select ?x107 ?x11)))
 (and (<= 0 ?x108) (< ?x108 1))))))))))))))))))))))))))))
(assert
 (let ((?x8 (+ 0 5)))
 (let ((?x10 (+ ?x8 1)))
 (let ((?x11 (+ ?x10 1)))
 (let ((?x21 (+ ?x11 1)))
 (let ((?x6 ((as const (Array Int Int)) 0)))
 (let ((?x12 (store ?x6 ?x11 0)))
 (let ((?x18 (store ?x12 ?x11 (+ (select ?x12 ?x11) 1))))
 (let ((?x20 (store ?x18 ?x10 (select ?x18 ?x11))))
 (let ((?x24 (store ?x20 ?x21 (+ (select ?x20 ?x11) 1))))
 (let ((?x25 (select ?x24 ?x21)))
 (let ((?x29 (store ?x24 ?x21 (+ ?x25 1))))
 (let ((?x30 (select ?x29 ?x21)))
 (let ((?x48 (store ?x29 ?x21 (+ ?x30 1))))
 (let ((?x49 (select ?x48 ?x21)))
 (let ((?x65 (store ?x48 ?x10 ?x49)))
 (let ((?x66 (select ?x65 ?x21)))
 (let ((?x70 (store ?x65 ?x21 (+ ?x66 1))))
 (let ((?x71 (select ?x70 ?x21)))
 (let ((?x90 (store ?x70 ?x21 (+ ?x71 1))))
 (let ((?x91 (select ?x90 ?x11)))
 (let ((?x100 (+ 0 (* 1 ?x91))))
 (let ((?x101 (select ?x90 ?x100)))
 (let ((?x104 (select ?x90 (+ 0 (* 1 (select ?x90 ?x10))))))
 (let ((?x107 (store ?x90 ?x100 (+ ?x104 ?x101))))
 (let ((?x112 (select ?x107 ?x10)))
 (and (<= 0 ?x112) (< ?x112 1))))))))))))))))))))))))))))
(assert
 (let ((?x8 (+ 0 5)))
 (let ((?x10 (+ ?x8 1)))
 (let ((?x11 (+ ?x10 1)))
 (let ((?x21 (+ ?x11 1)))
 (let ((?x6 ((as const (Array Int Int)) 0)))
 (let ((?x12 (store ?x6 ?x11 0)))
 (let ((?x18 (store ?x12 ?x11 (+ (select ?x12 ?x11) 1))))
 (let ((?x20 (store ?x18 ?x10 (select ?x18 ?x11))))
 (let ((?x24 (store ?x20 ?x21 (+ (select ?x20 ?x11) 1))))
 (let ((?x25 (select ?x24 ?x21)))
 (let ((?x29 (store ?x24 ?x21 (+ ?x25 1))))
 (let ((?x30 (select ?x29 ?x21)))
 (let ((?x48 (store ?x29 ?x21 (+ ?x30 1))))
 (let ((?x49 (select ?x48 ?x21)))
 (let ((?x65 (store ?x48 ?x10 ?x49)))
 (let ((?x66 (select ?x65 ?x21)))
 (let ((?x70 (store ?x65 ?x21 (+ ?x66 1))))
 (let ((?x71 (select ?x70 ?x21)))
 (let ((?x90 (store ?x70 ?x21 (+ ?x71 1))))
 (let ((?x91 (select ?x90 ?x11)))
 (let ((?x100 (+ 0 (* 1 ?x91))))
 (let ((?x101 (select ?x90 ?x100)))
 (let ((?x104 (select ?x90 (+ 0 (* 1 (select ?x90 ?x10))))))
 (let ((?x107 (store ?x90 ?x100 (+ ?x104 ?x101))))
 (let ((?x112 (select ?x107 ?x10)))
 (and (<= 0 ?x112) (< ?x112 1))))))))))))))))))))))))))))
(assert
 (let ((?x8 (+ 0 5)))
 (let ((?x10 (+ ?x8 1)))
 (let ((?x11 (+ ?x10 1)))
 (let ((?x21 (+ ?x11 1)))
 (let ((?x6 ((as const (Array Int Int)) 0)))
 (let ((?x12 (store ?x6 ?x11 0)))
 (let ((?x18 (store ?x12 ?x11 (+ (select ?x12 ?x11) 1))))
 (let ((?x20 (store ?x18 ?x10 (select ?x18 ?x11))))
 (let ((?x24 (store ?x20 ?x21 (+ (select ?x20 ?x11) 1))))
 (let ((?x25 (select ?x24 ?x21)))
 (let ((?x29 (store ?x24 ?x21 (+ ?x25 1))))
 (let ((?x30 (select ?x29 ?x21)))
 (let ((?x48 (store ?x29 ?x21 (+ ?x30 1))))
 (let ((?x49 (select ?x48 ?x21)))
 (let ((?x65 (store ?x48 ?x10 ?x49)))
 (let ((?x66 (select ?x65 ?x21)))
 (let ((?x70 (store ?x65 ?x21 (+ ?x66 1))))
 (let ((?x71 (select ?x70 ?x21)))
 (let ((?x90 (store ?x70 ?x21 (+ ?x71 1))))
 (let ((?x91 (select ?x90 ?x11)))
 (let ((?x100 (+ 0 (* 1 ?x91))))
 (let ((?x101 (select ?x90 ?x100)))
 (let ((?x104 (select ?x90 (+ 0 (* 1 (select ?x90 ?x10))))))
 (let ((?x107 (store ?x90 ?x100 (+ ?x104 ?x101))))
 (let ((?x112 (select ?x107 ?x10)))
 (let ((?x117 (+ 0 (* 1 ?x112))))
 (let ((?x122 (- (select ?x107 (+ 0 (* 1 (select ?x107 ?x11)))) (select ?x107 ?x117))))
 (let ((?x123 (store ?x107 ?x117 ?x122)))
 (let ((?x124 (select ?x123 ?x11)))
 (and (<= 0 ?x124) (< ?x124 1))))))))))))))))))))))))))))))))
(assert
 (let ((?x8 (+ 0 5)))
 (let ((?x10 (+ ?x8 1)))
 (let ((?x11 (+ ?x10 1)))
 (let ((?x21 (+ ?x11 1)))
 (let ((?x6 ((as const (Array Int Int)) 0)))
 (let ((?x12 (store ?x6 ?x11 0)))
 (let ((?x18 (store ?x12 ?x11 (+ (select ?x12 ?x11) 1))))
 (let ((?x20 (store ?x18 ?x10 (select ?x18 ?x11))))
 (let ((?x24 (store ?x20 ?x21 (+ (select ?x20 ?x11) 1))))
 (let ((?x25 (select ?x24 ?x21)))
 (let ((?x29 (store ?x24 ?x21 (+ ?x25 1))))
 (let ((?x30 (select ?x29 ?x21)))
 (let ((?x48 (store ?x29 ?x21 (+ ?x30 1))))
 (let ((?x49 (select ?x48 ?x21)))
 (let ((?x65 (store ?x48 ?x10 ?x49)))
 (let ((?x66 (select ?x65 ?x21)))
 (let ((?x70 (store ?x65 ?x21 (+ ?x66 1))))
 (let ((?x71 (select ?x70 ?x21)))
 (let ((?x90 (store ?x70 ?x21 (+ ?x71 1))))
 (let ((?x91 (select ?x90 ?x11)))
 (let ((?x100 (+ 0 (* 1 ?x91))))
 (let ((?x101 (select ?x90 ?x100)))
 (let ((?x104 (select ?x90 (+ 0 (* 1 (select ?x90 ?x10))))))
 (let ((?x107 (store ?x90 ?x100 (+ ?x104 ?x101))))
 (let ((?x112 (select ?x107 ?x10)))
 (let ((?x117 (+ 0 (* 1 ?x112))))
 (let ((?x122 (- (select ?x107 (+ 0 (* 1 (select ?x107 ?x11)))) (select ?x107 ?x117))))
 (let ((?x123 (store ?x107 ?x117 ?x122)))
 (let ((?x128 (select ?x123 ?x10)))
 (and (<= 0 ?x128) (< ?x128 1))))))))))))))))))))))))))))))))
(assert
 (let ((?x8 (+ 0 5)))
 (let ((?x10 (+ ?x8 1)))
 (let ((?x11 (+ ?x10 1)))
 (let ((?x21 (+ ?x11 1)))
 (let ((?x6 ((as const (Array Int Int)) 0)))
 (let ((?x12 (store ?x6 ?x11 0)))
 (let ((?x18 (store ?x12 ?x11 (+ (select ?x12 ?x11) 1))))
 (let ((?x20 (store ?x18 ?x10 (select ?x18 ?x11))))
 (let ((?x24 (store ?x20 ?x21 (+ (select ?x20 ?x11) 1))))
 (let ((?x25 (select ?x24 ?x21)))
 (let ((?x29 (store ?x24 ?x21 (+ ?x25 1))))
 (let ((?x30 (select ?x29 ?x21)))
 (let ((?x48 (store ?x29 ?x21 (+ ?x30 1))))
 (let ((?x49 (select ?x48 ?x21)))
 (let ((?x65 (store ?x48 ?x10 ?x49)))
 (let ((?x66 (select ?x65 ?x21)))
 (let ((?x70 (store ?x65 ?x21 (+ ?x66 1))))
 (let ((?x71 (select ?x70 ?x21)))
 (let ((?x90 (store ?x70 ?x21 (+ ?x71 1))))
 (let ((?x91 (select ?x90 ?x11)))
 (let ((?x100 (+ 0 (* 1 ?x91))))
 (let ((?x101 (select ?x90 ?x100)))
 (let ((?x104 (select ?x90 (+ 0 (* 1 (select ?x90 ?x10))))))
 (let ((?x107 (store ?x90 ?x100 (+ ?x104 ?x101))))
 (let ((?x112 (select ?x107 ?x10)))
 (let ((?x117 (+ 0 (* 1 ?x112))))
 (let ((?x122 (- (select ?x107 (+ 0 (* 1 (select ?x107 ?x11)))) (select ?x107 ?x117))))
 (let ((?x123 (store ?x107 ?x117 ?x122)))
 (let ((?x124 (select ?x123 ?x11)))
 (and (<= 0 ?x124) (< ?x124 1))))))))))))))))))))))))))))))))
(check-sat)

[mem]:17
Path:int data[5];
int n;
int min;
int i=0;
@(i<n-1);
i=i+1;
int i=0;
min=i;
int j=i+1;
@(j<n);
j=j+1;
int j=i+1;
@(data[j]<data[min]);

@(j<n);
j=j+1;
int j=i+1;
@(!(data[j]<data[min]));

min=j;

@(j<n);
j=j+1;
int j=i+1;
@(data[j]<data[min]);

@(!(j<n));
j=j+1;

@(!(data[i]!=data[min]));

data[i]=data[min]+data[i];
data[min]=data[i]-data[min];
data[i]=data[i]-data[min];

warning: a declaration with the name "i" already exists!
warning: a declaration with the name "j" already exists!
warning: a declaration with the name "j" already exists!
warning: a declaration with the name "j" already exists!
debug:solver.cpp:60: input is a c0 path.
debug:solver.cpp:60: input is a c0 path.
infeasible!!!
SMT2:; 
(set-info :status unknown)
(assert
 (let ((?x8 (+ 0 5)))
 (let ((?x10 (+ ?x8 1)))
 (let ((?x11 (+ ?x10 1)))
 (let ((?x6 ((as const (Array Int Int)) 0)))
 (let ((?x12 (store ?x6 ?x11 0)))
 (let ((?x13 (select ?x12 ?x11)))
 (< ?x13 (- (select ?x12 ?x8) 1)))))))))
(assert
 (let ((?x8 (+ 0 5)))
 (let ((?x10 (+ ?x8 1)))
 (let ((?x11 (+ ?x10 1)))
 (let ((?x6 ((as const (Array Int Int)) 0)))
 (let ((?x12 (store ?x6 ?x11 0)))
 (let ((?x18 (store ?x12 ?x11 (+ (select ?x12 ?x11) 1))))
 (let ((?x20 (store ?x18 ?x10 (select ?x18 ?x11))))
 (let ((?x21 (+ ?x11 1)))
 (let ((?x24 (store ?x20 ?x21 (+ (select ?x20 ?x11) 1))))
 (let ((?x25 (select ?x24 ?x21)))
 (< ?x25 (select ?x24 ?x8)))))))))))))
(assert
 (let ((?x8 (+ 0 5)))
 (let ((?x10 (+ ?x8 1)))
 (let ((?x11 (+ ?x10 1)))
 (let ((?x21 (+ ?x11 1)))
 (let ((?x6 ((as const (Array Int Int)) 0)))
 (let ((?x12 (store ?x6 ?x11 0)))
 (let ((?x18 (store ?x12 ?x11 (+ (select ?x12 ?x11) 1))))
 (let ((?x20 (store ?x18 ?x10 (select ?x18 ?x11))))
 (let ((?x24 (store ?x20 ?x21 (+ (select ?x20 ?x11) 1))))
 (let ((?x25 (select ?x24 ?x21)))
 (let ((?x29 (store ?x24 ?x21 (+ ?x25 1))))
 (let ((?x30 (select ?x29 ?x21)))
 (and (<= 0 ?x30) (< ?x30 1)))))))))))))))
(assert
 (let ((?x8 (+ 0 5)))
 (let ((?x10 (+ ?x8 1)))
 (let ((?x11 (+ ?x10 1)))
 (let ((?x21 (+ ?x11 1)))
 (let ((?x6 ((as const (Array Int Int)) 0)))
 (let ((?x12 (store ?x6 ?x11 0)))
 (let ((?x18 (store ?x12 ?x11 (+ (select ?x12 ?x11) 1))))
 (let ((?x20 (store ?x18 ?x10 (select ?x18 ?x11))))
 (let ((?x24 (store ?x20 ?x21 (+ (select ?x20 ?x11) 1))))
 (let ((?x25 (select ?x24 ?x21)))
 (let ((?x29 (store ?x24 ?x21 (+ ?x25 1))))
 (let ((?x34 (select ?x29 ?x10)))
 (and (<= 0 ?x34) (< ?x34 1)))))))))))))))
(assert
 (let ((?x8 (+ 0 5)))
 (let ((?x10 (+ ?x8 1)))
 (let ((?x11 (+ ?x10 1)))
 (let ((?x21 (+ ?x11 1)))
 (let ((?x6 ((as const (Array Int Int)) 0)))
 (let ((?x12 (store ?x6 ?x11 0)))
 (let ((?x18 (store ?x12 ?x11 (+ (select ?x12 ?x11) 1))))
 (let ((?x20 (store ?x18 ?x10 (select ?x18 ?x11))))
 (let ((?x24 (store ?x20 ?x21 (+ (select ?x20 ?x11) 1))))
 (let ((?x25 (select ?x24 ?x21)))
 (let ((?x29 (store ?x24 ?x21 (+ ?x25 1))))
 (let ((?x34 (select ?x29 ?x10)))
 (< (select ?x29 (+ 0 (* 1 (select ?x29 ?x21)))) (select ?x29 (+ 0 (* 1 ?x34)))))))))))))))))
(assert
 (let ((?x8 (+ 0 5)))
 (let ((?x10 (+ ?x8 1)))
 (let ((?x11 (+ ?x10 1)))
 (let ((?x21 (+ ?x11 1)))
 (let ((?x6 ((as const (Array Int Int)) 0)))
 (let ((?x12 (store ?x6 ?x11 0)))
 (let ((?x18 (store ?x12 ?x11 (+ (select ?x12 ?x11) 1))))
 (let ((?x20 (store ?x18 ?x10 (select ?x18 ?x11))))
 (let ((?x24 (store ?x20 ?x21 (+ (select ?x20 ?x11) 1))))
 (let ((?x25 (select ?x24 ?x21)))
 (let ((?x29 (store ?x24 ?x21 (+ ?x25 1))))
 (let ((?x30 (select ?x29 ?x21)))
 (< ?x30 (select ?x29 ?x8)))))))))))))))
(assert
 (let ((?x8 (+ 0 5)))
 (let ((?x10 (+ ?x8 1)))
 (let ((?x11 (+ ?x10 1)))
 (let ((?x21 (+ ?x11 1)))
 (let ((?x6 ((as const (Array Int Int)) 0)))
 (let ((?x12 (store ?x6 ?x11 0)))
 (let ((?x18 (store ?x12 ?x11 (+ (select ?x12 ?x11) 1))))
 (let ((?x20 (store ?x18 ?x10 (select ?x18 ?x11))))
 (let ((?x24 (store ?x20 ?x21 (+ (select ?x20 ?x11) 1))))
 (let ((?x25 (select ?x24 ?x21)))
 (let ((?x29 (store ?x24 ?x21 (+ ?x25 1))))
 (let ((?x30 (select ?x29 ?x21)))
 (let ((?x48 (store ?x29 ?x21 (+ ?x30 1))))
 (let ((?x49 (select ?x48 ?x21)))
 (and (<= 0 ?x49) (< ?x49 1)))))))))))))))))
(assert
 (let ((?x8 (+ 0 5)))
 (let ((?x10 (+ ?x8 1)))
 (let ((?x11 (+ ?x10 1)))
 (let ((?x21 (+ ?x11 1)))
 (let ((?x6 ((as const (Array Int Int)) 0)))
 (let ((?x12 (store ?x6 ?x11 0)))
 (let ((?x18 (store ?x12 ?x11 (+ (select ?x12 ?x11) 1))))
 (let ((?x20 (store ?x18 ?x10 (select ?x18 ?x11))))
 (let ((?x24 (store ?x20 ?x21 (+ (select ?x20 ?x11) 1))))
 (let ((?x25 (select ?x24 ?x21)))
 (let ((?x29 (store ?x24 ?x21 (+ ?x25 1))))
 (let ((?x30 (select ?x29 ?x21)))
 (let ((?x48 (store ?x29 ?x21 (+ ?x30 1))))
 (let ((?x53 (select ?x48 ?x10)))
 (and (<= 0 ?x53) (< ?x53 1)))))))))))))))))
(assert
 (let ((?x8 (+ 0 5)))
 (let ((?x10 (+ ?x8 1)))
 (let ((?x11 (+ ?x10 1)))
 (let ((?x21 (+ ?x11 1)))
 (let ((?x6 ((as const (Array Int Int)) 0)))
 (let ((?x12 (store ?x6 ?x11 0)))
 (let ((?x18 (store ?x12 ?x11 (+ (select ?x12 ?x11) 1))))
 (let ((?x20 (store ?x18 ?x10 (select ?x18 ?x11))))
 (let ((?x24 (store ?x20 ?x21 (+ (select ?x20 ?x11) 1))))
 (let ((?x25 (select ?x24 ?x21)))
 (let ((?x29 (store ?x24 ?x21 (+ ?x25 1))))
 (let ((?x30 (select ?x29 ?x21)))
 (let ((?x48 (store ?x29 ?x21 (+ ?x30 1))))
 (let ((?x53 (select ?x48 ?x10)))
 (let (($x63 (< (select ?x48 (+ 0 (* 1 (select ?x48 ?x21)))) (select ?x48 (+ 0 (* 1 ?x53))))))
 (not $x63)))))))))))))))))
(assert
 (let ((?x8 (+ 0 5)))
 (let ((?x10 (+ ?x8 1)))
 (let ((?x11 (+ ?x10 1)))
 (let ((?x21 (+ ?x11 1)))
 (let ((?x6 ((as const (Array Int Int)) 0)))
 (let ((?x12 (store ?x6 ?x11 0)))
 (let ((?x18 (store ?x12 ?x11 (+ (select ?x12 ?x11) 1))))
 (let ((?x20 (store ?x18 ?x10 (select ?x18 ?x11))))
 (let ((?x24 (store ?x20 ?x21 (+ (select ?x20 ?x11) 1))))
 (let ((?x25 (select ?x24 ?x21)))
 (let ((?x29 (store ?x24 ?x21 (+ ?x25 1))))
 (let ((?x30 (select ?x29 ?x21)))
 (let ((?x48 (store ?x29 ?x21 (+ ?x30 1))))
 (let ((?x49 (select ?x48 ?x21)))
 (let ((?x65 (store ?x48 ?x10 ?x49)))
 (let ((?x66 (select ?x65 ?x21)))
 (< ?x66 (select ?x65 ?x8)))))))))))))))))))
(assert
 (let ((?x8 (+ 0 5)))
 (let ((?x10 (+ ?x8 1)))
 (let ((?x11 (+ ?x10 1)))
 (let ((?x21 (+ ?x11 1)))
 (let ((?x6 ((as const (Array Int Int)) 0)))
 (let ((?x12 (store ?x6 ?x11 0)))
 (let ((?x18 (store ?x12 ?x11 (+ (select ?x12 ?x11) 1))))
 (let ((?x20 (store ?x18 ?x10 (select ?x18 ?x11))))
 (let ((?x24 (store ?x20 ?x21 (+ (select ?x20 ?x11) 1))))
 (let ((?x25 (select ?x24 ?x21)))
 (let ((?x29 (store ?x24 ?x21 (+ ?x25 1))))
 (let ((?x30 (select ?x29 ?x21)))
 (let ((?x48 (store ?x29 ?x21 (+ ?x30 1))))
 (let ((?x49 (select ?x48 ?x21)))
 (let ((?x65 (store ?x48 ?x10 ?x49)))
 (let ((?x66 (select ?x65 ?x21)))
 (let ((?x70 (store ?x65 ?x21 (+ ?x66 1))))
 (let ((?x71 (select ?x70 ?x21)))
 (and (<= 0 ?x71) (< ?x71 1)))))))))))))))))))))
(assert
 (let ((?x8 (+ 0 5)))
 (let ((?x10 (+ ?x8 1)))
 (let ((?x11 (+ ?x10 1)))
 (let ((?x21 (+ ?x11 1)))
 (let ((?x6 ((as const (Array Int Int)) 0)))
 (let ((?x12 (store ?x6 ?x11 0)))
 (let ((?x18 (store ?x12 ?x11 (+ (select ?x12 ?x11) 1))))
 (let ((?x20 (store ?x18 ?x10 (select ?x18 ?x11))))
 (let ((?x24 (store ?x20 ?x21 (+ (select ?x20 ?x11) 1))))
 (let ((?x25 (select ?x24 ?x21)))
 (let ((?x29 (store ?x24 ?x21 (+ ?x25 1))))
 (let ((?x30 (select ?x29 ?x21)))
 (let ((?x48 (store ?x29 ?x21 (+ ?x30 1))))
 (let ((?x49 (select ?x48 ?x21)))
 (let ((?x65 (store ?x48 ?x10 ?x49)))
 (let ((?x66 (select ?x65 ?x21)))
 (let ((?x70 (store ?x65 ?x21 (+ ?x66 1))))
 (let ((?x75 (select ?x70 ?x10)))
 (and (<= 0 ?x75) (< ?x75 1)))))))))))))))))))))
(assert
 (let ((?x8 (+ 0 5)))
 (let ((?x10 (+ ?x8 1)))
 (let ((?x11 (+ ?x10 1)))
 (let ((?x21 (+ ?x11 1)))
 (let ((?x6 ((as const (Array Int Int)) 0)))
 (let ((?x12 (store ?x6 ?x11 0)))
 (let ((?x18 (store ?x12 ?x11 (+ (select ?x12 ?x11) 1))))
 (let ((?x20 (store ?x18 ?x10 (select ?x18 ?x11))))
 (let ((?x24 (store ?x20 ?x21 (+ (select ?x20 ?x11) 1))))
 (let ((?x25 (select ?x24 ?x21)))
 (let ((?x29 (store ?x24 ?x21 (+ ?x25 1))))
 (let ((?x30 (select ?x29 ?x21)))
 (let ((?x48 (store ?x29 ?x21 (+ ?x30 1))))
 (let ((?x49 (select ?x48 ?x21)))
 (let ((?x65 (store ?x48 ?x10 ?x49)))
 (let ((?x66 (select ?x65 ?x21)))
 (let ((?x70 (store ?x65 ?x21 (+ ?x66 1))))
 (let ((?x75 (select ?x70 ?x10)))
 (< (select ?x70 (+ 0 (* 1 (select ?x70 ?x21)))) (select ?x70 (+ 0 (* 1 ?x75)))))))))))))))))))))))
(assert
 (let ((?x8 (+ 0 5)))
 (let ((?x10 (+ ?x8 1)))
 (let ((?x11 (+ ?x10 1)))
 (let ((?x21 (+ ?x11 1)))
 (let ((?x6 ((as const (Array Int Int)) 0)))
 (let ((?x12 (store ?x6 ?x11 0)))
 (let ((?x18 (store ?x12 ?x11 (+ (select ?x12 ?x11) 1))))
 (let ((?x20 (store ?x18 ?x10 (select ?x18 ?x11))))
 (let ((?x24 (store ?x20 ?x21 (+ (select ?x20 ?x11) 1))))
 (let ((?x25 (select ?x24 ?x21)))
 (let ((?x29 (store ?x24 ?x21 (+ ?x25 1))))
 (let ((?x30 (select ?x29 ?x21)))
 (let ((?x48 (store ?x29 ?x21 (+ ?x30 1))))
 (let ((?x49 (select ?x48 ?x21)))
 (let ((?x65 (store ?x48 ?x10 ?x49)))
 (let ((?x66 (select ?x65 ?x21)))
 (let ((?x70 (store ?x65 ?x21 (+ ?x66 1))))
 (let ((?x71 (select ?x70 ?x21)))
 (not (< ?x71 (select ?x70 ?x8))))))))))))))))))))))
(assert
 (let ((?x8 (+ 0 5)))
 (let ((?x10 (+ ?x8 1)))
 (let ((?x11 (+ ?x10 1)))
 (let ((?x21 (+ ?x11 1)))
 (let ((?x6 ((as const (Array Int Int)) 0)))
 (let ((?x12 (store ?x6 ?x11 0)))
 (let ((?x18 (store ?x12 ?x11 (+ (select ?x12 ?x11) 1))))
 (let ((?x20 (store ?x18 ?x10 (select ?x18 ?x11))))
 (let ((?x24 (store ?x20 ?x21 (+ (select ?x20 ?x11) 1))))
 (let ((?x25 (select ?x24 ?x21)))
 (let ((?x29 (store ?x24 ?x21 (+ ?x25 1))))
 (let ((?x30 (select ?x29 ?x21)))
 (let ((?x48 (store ?x29 ?x21 (+ ?x30 1))))
 (let ((?x49 (select ?x48 ?x21)))
 (let ((?x65 (store ?x48 ?x10 ?x49)))
 (let ((?x66 (select ?x65 ?x21)))
 (let ((?x70 (store ?x65 ?x21 (+ ?x66 1))))
 (let ((?x71 (select ?x70 ?x21)))
 (let ((?x90 (store ?x70 ?x21 (+ ?x71 1))))
 (let ((?x91 (select ?x90 ?x11)))
 (and (<= 0 ?x91) (< ?x91 1)))))))))))))))))))))))
(assert
 (let ((?x8 (+ 0 5)))
 (let ((?x10 (+ ?x8 1)))
 (let ((?x11 (+ ?x10 1)))
 (let ((?x21 (+ ?x11 1)))
 (let ((?x6 ((as const (Array Int Int)) 0)))
 (let ((?x12 (store ?x6 ?x11 0)))
 (let ((?x18 (store ?x12 ?x11 (+ (select ?x12 ?x11) 1))))
 (let ((?x20 (store ?x18 ?x10 (select ?x18 ?x11))))
 (let ((?x24 (store ?x20 ?x21 (+ (select ?x20 ?x11) 1))))
 (let ((?x25 (select ?x24 ?x21)))
 (let ((?x29 (store ?x24 ?x21 (+ ?x25 1))))
 (let ((?x30 (select ?x29 ?x21)))
 (let ((?x48 (store ?x29 ?x21 (+ ?x30 1))))
 (let ((?x49 (select ?x48 ?x21)))
 (let ((?x65 (store ?x48 ?x10 ?x49)))
 (let ((?x66 (select ?x65 ?x21)))
 (let ((?x70 (store ?x65 ?x21 (+ ?x66 1))))
 (let ((?x71 (select ?x70 ?x21)))
 (let ((?x90 (store ?x70 ?x21 (+ ?x71 1))))
 (let ((?x95 (select ?x90 ?x10)))
 (and (<= 0 ?x95) (< ?x95 1)))))))))))))))))))))))
(assert
 (let ((?x8 (+ 0 5)))
 (let ((?x10 (+ ?x8 1)))
 (let ((?x11 (+ ?x10 1)))
 (let ((?x21 (+ ?x11 1)))
 (let ((?x6 ((as const (Array Int Int)) 0)))
 (let ((?x12 (store ?x6 ?x11 0)))
 (let ((?x18 (store ?x12 ?x11 (+ (select ?x12 ?x11) 1))))
 (let ((?x20 (store ?x18 ?x10 (select ?x18 ?x11))))
 (let ((?x24 (store ?x20 ?x21 (+ (select ?x20 ?x11) 1))))
 (let ((?x25 (select ?x24 ?x21)))
 (let ((?x29 (store ?x24 ?x21 (+ ?x25 1))))
 (let ((?x30 (select ?x29 ?x21)))
 (let ((?x48 (store ?x29 ?x21 (+ ?x30 1))))
 (let ((?x49 (select ?x48 ?x21)))
 (let ((?x65 (store ?x48 ?x10 ?x49)))
 (let ((?x66 (select ?x65 ?x21)))
 (let ((?x70 (store ?x65 ?x21 (+ ?x66 1))))
 (let ((?x71 (select ?x70 ?x21)))
 (let ((?x90 (store ?x70 ?x21 (+ ?x71 1))))
 (let ((?x95 (select ?x90 ?x10)))
 (let ((?x104 (select ?x90 (+ 0 (* 1 ?x95)))))
 (let ((?x100 (+ 0 (* 1 (select ?x90 ?x11)))))
 (let ((?x101 (select ?x90 ?x100)))
 (not (and (distinct ?x101 ?x104) true))))))))))))))))))))))))))
(assert
 (let ((?x8 (+ 0 5)))
 (let ((?x10 (+ ?x8 1)))
 (let ((?x11 (+ ?x10 1)))
 (let ((?x21 (+ ?x11 1)))
 (let ((?x6 ((as const (Array Int Int)) 0)))
 (let ((?x12 (store ?x6 ?x11 0)))
 (let ((?x18 (store ?x12 ?x11 (+ (select ?x12 ?x11) 1))))
 (let ((?x20 (store ?x18 ?x10 (select ?x18 ?x11))))
 (let ((?x24 (store ?x20 ?x21 (+ (select ?x20 ?x11) 1))))
 (let ((?x25 (select ?x24 ?x21)))
 (let ((?x29 (store ?x24 ?x21 (+ ?x25 1))))
 (let ((?x30 (select ?x29 ?x21)))
 (let ((?x48 (store ?x29 ?x21 (+ ?x30 1))))
 (let ((?x49 (select ?x48 ?x21)))
 (let ((?x65 (store ?x48 ?x10 ?x49)))
 (let ((?x66 (select ?x65 ?x21)))
 (let ((?x70 (store ?x65 ?x21 (+ ?x66 1))))
 (let ((?x71 (select ?x70 ?x21)))
 (let ((?x90 (store ?x70 ?x21 (+ ?x71 1))))
 (let ((?x95 (select ?x90 ?x10)))
 (and (<= 0 ?x95) (< ?x95 1)))))))))))))))))))))))
(assert
 (let ((?x8 (+ 0 5)))
 (let ((?x10 (+ ?x8 1)))
 (let ((?x11 (+ ?x10 1)))
 (let ((?x21 (+ ?x11 1)))
 (let ((?x6 ((as const (Array Int Int)) 0)))
 (let ((?x12 (store ?x6 ?x11 0)))
 (let ((?x18 (store ?x12 ?x11 (+ (select ?x12 ?x11) 1))))
 (let ((?x20 (store ?x18 ?x10 (select ?x18 ?x11))))
 (let ((?x24 (store ?x20 ?x21 (+ (select ?x20 ?x11) 1))))
 (let ((?x25 (select ?x24 ?x21)))
 (let ((?x29 (store ?x24 ?x21 (+ ?x25 1))))
 (let ((?x30 (select ?x29 ?x21)))
 (let ((?x48 (store ?x29 ?x21 (+ ?x30 1))))
 (let ((?x49 (select ?x48 ?x21)))
 (let ((?x65 (store ?x48 ?x10 ?x49)))
 (let ((?x66 (select ?x65 ?x21)))
 (let ((?x70 (store ?x65 ?x21 (+ ?x66 1))))
 (let ((?x71 (select ?x70 ?x21)))
 (let ((?x90 (store ?x70 ?x21 (+ ?x71 1))))
 (let ((?x91 (select ?x90 ?x11)))
 (and (<= 0 ?x91) (< ?x91 1)))))))))))))))))))))))
(assert
 (let ((?x8 (+ 0 5)))
 (let ((?x10 (+ ?x8 1)))
 (let ((?x11 (+ ?x10 1)))
 (let ((?x21 (+ ?x11 1)))
 (let ((?x6 ((as const (Array Int Int)) 0)))
 (let ((?x12 (store ?x6 ?x11 0)))
 (let ((?x18 (store ?x12 ?x11 (+ (select ?x12 ?x11) 1))))
 (let ((?x20 (store ?x18 ?x10 (select ?x18 ?x11))))
 (let ((?x24 (store ?x20 ?x21 (+ (select ?x20 ?x11) 1))))
 (let ((?x25 (select ?x24 ?x21)))
 (let ((?x29 (store ?x24 ?x21 (+ ?x25 1))))
 (let ((?x30 (select ?x29 ?x21)))
 (let ((?x48 (store ?x29 ?x21 (+ ?x30 1))))
 (let ((?x49 (select ?x48 ?x21)))
 (let ((?x65 (store ?x48 ?x10 ?x49)))
 (let ((?x66 (select ?x65 ?x21)))
 (let ((?x70 (store ?x65 ?x21 (+ ?x66 1))))
 (let ((?x71 (select ?x70 ?x21)))
 (let ((?x90 (store ?x70 ?x21 (+ ?x71 1))))
 (let ((?x91 (select ?x90 ?x11)))
 (and (<= 0 ?x91) (< ?x91 1)))))))))))))))))))))))
(assert
 (let ((?x8 (+ 0 5)))
 (let ((?x10 (+ ?x8 1)))
 (let ((?x11 (+ ?x10 1)))
 (let ((?x21 (+ ?x11 1)))
 (let ((?x6 ((as const (Array Int Int)) 0)))
 (let ((?x12 (store ?x6 ?x11 0)))
 (let ((?x18 (store ?x12 ?x11 (+ (select ?x12 ?x11) 1))))
 (let ((?x20 (store ?x18 ?x10 (select ?x18 ?x11))))
 (let ((?x24 (store ?x20 ?x21 (+ (select ?x20 ?x11) 1))))
 (let ((?x25 (select ?x24 ?x21)))
 (let ((?x29 (store ?x24 ?x21 (+ ?x25 1))))
 (let ((?x30 (select ?x29 ?x21)))
 (let ((?x48 (store ?x29 ?x21 (+ ?x30 1))))
 (let ((?x49 (select ?x48 ?x21)))
 (let ((?x65 (store ?x48 ?x10 ?x49)))
 (let ((?x66 (select ?x65 ?x21)))
 (let ((?x70 (store ?x65 ?x21 (+ ?x66 1))))
 (let ((?x71 (select ?x70 ?x21)))
 (let ((?x90 (store ?x70 ?x21 (+ ?x71 1))))
 (let ((?x91 (select ?x90 ?x11)))
 (let ((?x100 (+ 0 (* 1 ?x91))))
 (let ((?x101 (select ?x90 ?x100)))
 (let ((?x104 (select ?x90 (+ 0 (* 1 (select ?x90 ?x10))))))
 (let ((?x108 (store ?x90 ?x100 (+ ?x104 ?x101))))
 (let ((?x109 (select ?x108 ?x11)))
 (and (<= 0 ?x109) (< ?x109 1))))))))))))))))))))))))))))
(assert
 (let ((?x8 (+ 0 5)))
 (let ((?x10 (+ ?x8 1)))
 (let ((?x11 (+ ?x10 1)))
 (let ((?x21 (+ ?x11 1)))
 (let ((?x6 ((as const (Array Int Int)) 0)))
 (let ((?x12 (store ?x6 ?x11 0)))
 (let ((?x18 (store ?x12 ?x11 (+ (select ?x12 ?x11) 1))))
 (let ((?x20 (store ?x18 ?x10 (select ?x18 ?x11))))
 (let ((?x24 (store ?x20 ?x21 (+ (select ?x20 ?x11) 1))))
 (let ((?x25 (select ?x24 ?x21)))
 (let ((?x29 (store ?x24 ?x21 (+ ?x25 1))))
 (let ((?x30 (select ?x29 ?x21)))
 (let ((?x48 (store ?x29 ?x21 (+ ?x30 1))))
 (let ((?x49 (select ?x48 ?x21)))
 (let ((?x65 (store ?x48 ?x10 ?x49)))
 (let ((?x66 (select ?x65 ?x21)))
 (let ((?x70 (store ?x65 ?x21 (+ ?x66 1))))
 (let ((?x71 (select ?x70 ?x21)))
 (let ((?x90 (store ?x70 ?x21 (+ ?x71 1))))
 (let ((?x91 (select ?x90 ?x11)))
 (let ((?x100 (+ 0 (* 1 ?x91))))
 (let ((?x101 (select ?x90 ?x100)))
 (let ((?x104 (select ?x90 (+ 0 (* 1 (select ?x90 ?x10))))))
 (let ((?x108 (store ?x90 ?x100 (+ ?x104 ?x101))))
 (let ((?x113 (select ?x108 ?x10)))
 (and (<= 0 ?x113) (< ?x113 1))))))))))))))))))))))))))))
(assert
 (let ((?x8 (+ 0 5)))
 (let ((?x10 (+ ?x8 1)))
 (let ((?x11 (+ ?x10 1)))
 (let ((?x21 (+ ?x11 1)))
 (let ((?x6 ((as const (Array Int Int)) 0)))
 (let ((?x12 (store ?x6 ?x11 0)))
 (let ((?x18 (store ?x12 ?x11 (+ (select ?x12 ?x11) 1))))
 (let ((?x20 (store ?x18 ?x10 (select ?x18 ?x11))))
 (let ((?x24 (store ?x20 ?x21 (+ (select ?x20 ?x11) 1))))
 (let ((?x25 (select ?x24 ?x21)))
 (let ((?x29 (store ?x24 ?x21 (+ ?x25 1))))
 (let ((?x30 (select ?x29 ?x21)))
 (let ((?x48 (store ?x29 ?x21 (+ ?x30 1))))
 (let ((?x49 (select ?x48 ?x21)))
 (let ((?x65 (store ?x48 ?x10 ?x49)))
 (let ((?x66 (select ?x65 ?x21)))
 (let ((?x70 (store ?x65 ?x21 (+ ?x66 1))))
 (let ((?x71 (select ?x70 ?x21)))
 (let ((?x90 (store ?x70 ?x21 (+ ?x71 1))))
 (let ((?x91 (select ?x90 ?x11)))
 (let ((?x100 (+ 0 (* 1 ?x91))))
 (let ((?x101 (select ?x90 ?x100)))
 (let ((?x104 (select ?x90 (+ 0 (* 1 (select ?x90 ?x10))))))
 (let ((?x108 (store ?x90 ?x100 (+ ?x104 ?x101))))
 (let ((?x113 (select ?x108 ?x10)))
 (and (<= 0 ?x113) (< ?x113 1))))))))))))))))))))))))))))
(assert
 (let ((?x8 (+ 0 5)))
 (let ((?x10 (+ ?x8 1)))
 (let ((?x11 (+ ?x10 1)))
 (let ((?x21 (+ ?x11 1)))
 (let ((?x6 ((as const (Array Int Int)) 0)))
 (let ((?x12 (store ?x6 ?x11 0)))
 (let ((?x18 (store ?x12 ?x11 (+ (select ?x12 ?x11) 1))))
 (let ((?x20 (store ?x18 ?x10 (select ?x18 ?x11))))
 (let ((?x24 (store ?x20 ?x21 (+ (select ?x20 ?x11) 1))))
 (let ((?x25 (select ?x24 ?x21)))
 (let ((?x29 (store ?x24 ?x21 (+ ?x25 1))))
 (let ((?x30 (select ?x29 ?x21)))
 (let ((?x48 (store ?x29 ?x21 (+ ?x30 1))))
 (let ((?x49 (select ?x48 ?x21)))
 (let ((?x65 (store ?x48 ?x10 ?x49)))
 (let ((?x66 (select ?x65 ?x21)))
 (let ((?x70 (store ?x65 ?x21 (+ ?x66 1))))
 (let ((?x71 (select ?x70 ?x21)))
 (let ((?x90 (store ?x70 ?x21 (+ ?x71 1))))
 (let ((?x91 (select ?x90 ?x11)))
 (let ((?x100 (+ 0 (* 1 ?x91))))
 (let ((?x101 (select ?x90 ?x100)))
 (let ((?x104 (select ?x90 (+ 0 (* 1 (select ?x90 ?x10))))))
 (let ((?x108 (store ?x90 ?x100 (+ ?x104 ?x101))))
 (let ((?x113 (select ?x108 ?x10)))
 (let ((?x118 (+ 0 (* 1 ?x113))))
 (let ((?x123 (- (select ?x108 (+ 0 (* 1 (select ?x108 ?x11)))) (select ?x108 ?x118))))
 (let ((?x124 (store ?x108 ?x118 ?x123)))
 (let ((?x125 (select ?x124 ?x11)))
 (and (<= 0 ?x125) (< ?x125 1))))))))))))))))))))))))))))))))
(assert
 (let ((?x8 (+ 0 5)))
 (let ((?x10 (+ ?x8 1)))
 (let ((?x11 (+ ?x10 1)))
 (let ((?x21 (+ ?x11 1)))
 (let ((?x6 ((as const (Array Int Int)) 0)))
 (let ((?x12 (store ?x6 ?x11 0)))
 (let ((?x18 (store ?x12 ?x11 (+ (select ?x12 ?x11) 1))))
 (let ((?x20 (store ?x18 ?x10 (select ?x18 ?x11))))
 (let ((?x24 (store ?x20 ?x21 (+ (select ?x20 ?x11) 1))))
 (let ((?x25 (select ?x24 ?x21)))
 (let ((?x29 (store ?x24 ?x21 (+ ?x25 1))))
 (let ((?x30 (select ?x29 ?x21)))
 (let ((?x48 (store ?x29 ?x21 (+ ?x30 1))))
 (let ((?x49 (select ?x48 ?x21)))
 (let ((?x65 (store ?x48 ?x10 ?x49)))
 (let ((?x66 (select ?x65 ?x21)))
 (let ((?x70 (store ?x65 ?x21 (+ ?x66 1))))
 (let ((?x71 (select ?x70 ?x21)))
 (let ((?x90 (store ?x70 ?x21 (+ ?x71 1))))
 (let ((?x91 (select ?x90 ?x11)))
 (let ((?x100 (+ 0 (* 1 ?x91))))
 (let ((?x101 (select ?x90 ?x100)))
 (let ((?x104 (select ?x90 (+ 0 (* 1 (select ?x90 ?x10))))))
 (let ((?x108 (store ?x90 ?x100 (+ ?x104 ?x101))))
 (let ((?x113 (select ?x108 ?x10)))
 (let ((?x118 (+ 0 (* 1 ?x113))))
 (let ((?x123 (- (select ?x108 (+ 0 (* 1 (select ?x108 ?x11)))) (select ?x108 ?x118))))
 (let ((?x124 (store ?x108 ?x118 ?x123)))
 (let ((?x129 (select ?x124 ?x10)))
 (and (<= 0 ?x129) (< ?x129 1))))))))))))))))))))))))))))))))
(assert
 (let ((?x8 (+ 0 5)))
 (let ((?x10 (+ ?x8 1)))
 (let ((?x11 (+ ?x10 1)))
 (let ((?x21 (+ ?x11 1)))
 (let ((?x6 ((as const (Array Int Int)) 0)))
 (let ((?x12 (store ?x6 ?x11 0)))
 (let ((?x18 (store ?x12 ?x11 (+ (select ?x12 ?x11) 1))))
 (let ((?x20 (store ?x18 ?x10 (select ?x18 ?x11))))
 (let ((?x24 (store ?x20 ?x21 (+ (select ?x20 ?x11) 1))))
 (let ((?x25 (select ?x24 ?x21)))
 (let ((?x29 (store ?x24 ?x21 (+ ?x25 1))))
 (let ((?x30 (select ?x29 ?x21)))
 (let ((?x48 (store ?x29 ?x21 (+ ?x30 1))))
 (let ((?x49 (select ?x48 ?x21)))
 (let ((?x65 (store ?x48 ?x10 ?x49)))
 (let ((?x66 (select ?x65 ?x21)))
 (let ((?x70 (store ?x65 ?x21 (+ ?x66 1))))
 (let ((?x71 (select ?x70 ?x21)))
 (let ((?x90 (store ?x70 ?x21 (+ ?x71 1))))
 (let ((?x91 (select ?x90 ?x11)))
 (let ((?x100 (+ 0 (* 1 ?x91))))
 (let ((?x101 (select ?x90 ?x100)))
 (let ((?x104 (select ?x90 (+ 0 (* 1 (select ?x90 ?x10))))))
 (let ((?x108 (store ?x90 ?x100 (+ ?x104 ?x101))))
 (let ((?x113 (select ?x108 ?x10)))
 (let ((?x118 (+ 0 (* 1 ?x113))))
 (let ((?x123 (- (select ?x108 (+ 0 (* 1 (select ?x108 ?x11)))) (select ?x108 ?x118))))
 (let ((?x124 (store ?x108 ?x118 ?x123)))
 (let ((?x125 (select ?x124 ?x11)))
 (and (<= 0 ?x125) (< ?x125 1))))))))))))))))))))))))))))))))
(check-sat)

[mem]:17
Path:int data[5];
int n;
int min;
int i=0;
@(i<n-1);
i=i+1;
int i=0;
min=i;
int j=i+1;
@(j<n);
j=j+1;
int j=i+1;
@(data[j]<data[min]);

@(j<n);
j=j+1;
int j=i+1;
@(!(data[j]<data[min]));

min=j;

@(j<n);
j=j+1;
int j=i+1;
@(!(data[j]<data[min]));

min=j;

@(!(j<n));
j=j+1;

@(data[i]!=data[min]);

data[i]=data[min]+data[i];
data[min]=data[i]-data[min];
data[i]=data[i]-data[min];

warning: a declaration with the name "i" already exists!
warning: a declaration with the name "j" already exists!
warning: a declaration with the name "j" already exists!
warning: a declaration with the name "j" already exists!
debug:solver.cpp:60: input is a c0 path.
debug:solver.cpp:60: input is a c0 path.
infeasible!!!
SMT2:; 
(set-info :status unknown)
(assert
 (let ((?x8 (+ 0 5)))
 (let ((?x10 (+ ?x8 1)))
 (let ((?x11 (+ ?x10 1)))
 (let ((?x6 ((as const (Array Int Int)) 0)))
 (let ((?x12 (store ?x6 ?x11 0)))
 (let ((?x13 (select ?x12 ?x11)))
 (< ?x13 (- (select ?x12 ?x8) 1)))))))))
(assert
 (let ((?x8 (+ 0 5)))
 (let ((?x10 (+ ?x8 1)))
 (let ((?x11 (+ ?x10 1)))
 (let ((?x6 ((as const (Array Int Int)) 0)))
 (let ((?x12 (store ?x6 ?x11 0)))
 (let ((?x18 (store ?x12 ?x11 (+ (select ?x12 ?x11) 1))))
 (let ((?x20 (store ?x18 ?x10 (select ?x18 ?x11))))
 (let ((?x21 (+ ?x11 1)))
 (let ((?x24 (store ?x20 ?x21 (+ (select ?x20 ?x11) 1))))
 (let ((?x25 (select ?x24 ?x21)))
 (< ?x25 (select ?x24 ?x8)))))))))))))
(assert
 (let ((?x8 (+ 0 5)))
 (let ((?x10 (+ ?x8 1)))
 (let ((?x11 (+ ?x10 1)))
 (let ((?x21 (+ ?x11 1)))
 (let ((?x6 ((as const (Array Int Int)) 0)))
 (let ((?x12 (store ?x6 ?x11 0)))
 (let ((?x18 (store ?x12 ?x11 (+ (select ?x12 ?x11) 1))))
 (let ((?x20 (store ?x18 ?x10 (select ?x18 ?x11))))
 (let ((?x24 (store ?x20 ?x21 (+ (select ?x20 ?x11) 1))))
 (let ((?x25 (select ?x24 ?x21)))
 (let ((?x29 (store ?x24 ?x21 (+ ?x25 1))))
 (let ((?x30 (select ?x29 ?x21)))
 (and (<= 0 ?x30) (< ?x30 1)))))))))))))))
(assert
 (let ((?x8 (+ 0 5)))
 (let ((?x10 (+ ?x8 1)))
 (let ((?x11 (+ ?x10 1)))
 (let ((?x21 (+ ?x11 1)))
 (let ((?x6 ((as const (Array Int Int)) 0)))
 (let ((?x12 (store ?x6 ?x11 0)))
 (let ((?x18 (store ?x12 ?x11 (+ (select ?x12 ?x11) 1))))
 (let ((?x20 (store ?x18 ?x10 (select ?x18 ?x11))))
 (let ((?x24 (store ?x20 ?x21 (+ (select ?x20 ?x11) 1))))
 (let ((?x25 (select ?x24 ?x21)))
 (let ((?x29 (store ?x24 ?x21 (+ ?x25 1))))
 (let ((?x34 (select ?x29 ?x10)))
 (and (<= 0 ?x34) (< ?x34 1)))))))))))))))
(assert
 (let ((?x8 (+ 0 5)))
 (let ((?x10 (+ ?x8 1)))
 (let ((?x11 (+ ?x10 1)))
 (let ((?x21 (+ ?x11 1)))
 (let ((?x6 ((as const (Array Int Int)) 0)))
 (let ((?x12 (store ?x6 ?x11 0)))
 (let ((?x18 (store ?x12 ?x11 (+ (select ?x12 ?x11) 1))))
 (let ((?x20 (store ?x18 ?x10 (select ?x18 ?x11))))
 (let ((?x24 (store ?x20 ?x21 (+ (select ?x20 ?x11) 1))))
 (let ((?x25 (select ?x24 ?x21)))
 (let ((?x29 (store ?x24 ?x21 (+ ?x25 1))))
 (let ((?x34 (select ?x29 ?x10)))
 (< (select ?x29 (+ 0 (* 1 (select ?x29 ?x21)))) (select ?x29 (+ 0 (* 1 ?x34)))))))))))))))))
(assert
 (let ((?x8 (+ 0 5)))
 (let ((?x10 (+ ?x8 1)))
 (let ((?x11 (+ ?x10 1)))
 (let ((?x21 (+ ?x11 1)))
 (let ((?x6 ((as const (Array Int Int)) 0)))
 (let ((?x12 (store ?x6 ?x11 0)))
 (let ((?x18 (store ?x12 ?x11 (+ (select ?x12 ?x11) 1))))
 (let ((?x20 (store ?x18 ?x10 (select ?x18 ?x11))))
 (let ((?x24 (store ?x20 ?x21 (+ (select ?x20 ?x11) 1))))
 (let ((?x25 (select ?x24 ?x21)))
 (let ((?x29 (store ?x24 ?x21 (+ ?x25 1))))
 (let ((?x30 (select ?x29 ?x21)))
 (< ?x30 (select ?x29 ?x8)))))))))))))))
(assert
 (let ((?x8 (+ 0 5)))
 (let ((?x10 (+ ?x8 1)))
 (let ((?x11 (+ ?x10 1)))
 (let ((?x21 (+ ?x11 1)))
 (let ((?x6 ((as const (Array Int Int)) 0)))
 (let ((?x12 (store ?x6 ?x11 0)))
 (let ((?x18 (store ?x12 ?x11 (+ (select ?x12 ?x11) 1))))
 (let ((?x20 (store ?x18 ?x10 (select ?x18 ?x11))))
 (let ((?x24 (store ?x20 ?x21 (+ (select ?x20 ?x11) 1))))
 (let ((?x25 (select ?x24 ?x21)))
 (let ((?x29 (store ?x24 ?x21 (+ ?x25 1))))
 (let ((?x30 (select ?x29 ?x21)))
 (let ((?x48 (store ?x29 ?x21 (+ ?x30 1))))
 (let ((?x49 (select ?x48 ?x21)))
 (and (<= 0 ?x49) (< ?x49 1)))))))))))))))))
(assert
 (let ((?x8 (+ 0 5)))
 (let ((?x10 (+ ?x8 1)))
 (let ((?x11 (+ ?x10 1)))
 (let ((?x21 (+ ?x11 1)))
 (let ((?x6 ((as const (Array Int Int)) 0)))
 (let ((?x12 (store ?x6 ?x11 0)))
 (let ((?x18 (store ?x12 ?x11 (+ (select ?x12 ?x11) 1))))
 (let ((?x20 (store ?x18 ?x10 (select ?x18 ?x11))))
 (let ((?x24 (store ?x20 ?x21 (+ (select ?x20 ?x11) 1))))
 (let ((?x25 (select ?x24 ?x21)))
 (let ((?x29 (store ?x24 ?x21 (+ ?x25 1))))
 (let ((?x30 (select ?x29 ?x21)))
 (let ((?x48 (store ?x29 ?x21 (+ ?x30 1))))
 (let ((?x53 (select ?x48 ?x10)))
 (and (<= 0 ?x53) (< ?x53 1)))))))))))))))))
(assert
 (let ((?x8 (+ 0 5)))
 (let ((?x10 (+ ?x8 1)))
 (let ((?x11 (+ ?x10 1)))
 (let ((?x21 (+ ?x11 1)))
 (let ((?x6 ((as const (Array Int Int)) 0)))
 (let ((?x12 (store ?x6 ?x11 0)))
 (let ((?x18 (store ?x12 ?x11 (+ (select ?x12 ?x11) 1))))
 (let ((?x20 (store ?x18 ?x10 (select ?x18 ?x11))))
 (let ((?x24 (store ?x20 ?x21 (+ (select ?x20 ?x11) 1))))
 (let ((?x25 (select ?x24 ?x21)))
 (let ((?x29 (store ?x24 ?x21 (+ ?x25 1))))
 (let ((?x30 (select ?x29 ?x21)))
 (let ((?x48 (store ?x29 ?x21 (+ ?x30 1))))
 (let ((?x53 (select ?x48 ?x10)))
 (let (($x63 (< (select ?x48 (+ 0 (* 1 (select ?x48 ?x21)))) (select ?x48 (+ 0 (* 1 ?x53))))))
 (not $x63)))))))))))))))))
(assert
 (let ((?x8 (+ 0 5)))
 (let ((?x10 (+ ?x8 1)))
 (let ((?x11 (+ ?x10 1)))
 (let ((?x21 (+ ?x11 1)))
 (let ((?x6 ((as const (Array Int Int)) 0)))
 (let ((?x12 (store ?x6 ?x11 0)))
 (let ((?x18 (store ?x12 ?x11 (+ (select ?x12 ?x11) 1))))
 (let ((?x20 (store ?x18 ?x10 (select ?x18 ?x11))))
 (let ((?x24 (store ?x20 ?x21 (+ (select ?x20 ?x11) 1))))
 (let ((?x25 (select ?x24 ?x21)))
 (let ((?x29 (store ?x24 ?x21 (+ ?x25 1))))
 (let ((?x30 (select ?x29 ?x21)))
 (let ((?x48 (store ?x29 ?x21 (+ ?x30 1))))
 (let ((?x49 (select ?x48 ?x21)))
 (let ((?x65 (store ?x48 ?x10 ?x49)))
 (let ((?x66 (select ?x65 ?x21)))
 (< ?x66 (select ?x65 ?x8)))))))))))))))))))
(assert
 (let ((?x8 (+ 0 5)))
 (let ((?x10 (+ ?x8 1)))
 (let ((?x11 (+ ?x10 1)))
 (let ((?x21 (+ ?x11 1)))
 (let ((?x6 ((as const (Array Int Int)) 0)))
 (let ((?x12 (store ?x6 ?x11 0)))
 (let ((?x18 (store ?x12 ?x11 (+ (select ?x12 ?x11) 1))))
 (let ((?x20 (store ?x18 ?x10 (select ?x18 ?x11))))
 (let ((?x24 (store ?x20 ?x21 (+ (select ?x20 ?x11) 1))))
 (let ((?x25 (select ?x24 ?x21)))
 (let ((?x29 (store ?x24 ?x21 (+ ?x25 1))))
 (let ((?x30 (select ?x29 ?x21)))
 (let ((?x48 (store ?x29 ?x21 (+ ?x30 1))))
 (let ((?x49 (select ?x48 ?x21)))
 (let ((?x65 (store ?x48 ?x10 ?x49)))
 (let ((?x66 (select ?x65 ?x21)))
 (let ((?x70 (store ?x65 ?x21 (+ ?x66 1))))
 (let ((?x71 (select ?x70 ?x21)))
 (and (<= 0 ?x71) (< ?x71 1)))))))))))))))))))))
(assert
 (let ((?x8 (+ 0 5)))
 (let ((?x10 (+ ?x8 1)))
 (let ((?x11 (+ ?x10 1)))
 (let ((?x21 (+ ?x11 1)))
 (let ((?x6 ((as const (Array Int Int)) 0)))
 (let ((?x12 (store ?x6 ?x11 0)))
 (let ((?x18 (store ?x12 ?x11 (+ (select ?x12 ?x11) 1))))
 (let ((?x20 (store ?x18 ?x10 (select ?x18 ?x11))))
 (let ((?x24 (store ?x20 ?x21 (+ (select ?x20 ?x11) 1))))
 (let ((?x25 (select ?x24 ?x21)))
 (let ((?x29 (store ?x24 ?x21 (+ ?x25 1))))
 (let ((?x30 (select ?x29 ?x21)))
 (let ((?x48 (store ?x29 ?x21 (+ ?x30 1))))
 (let ((?x49 (select ?x48 ?x21)))
 (let ((?x65 (store ?x48 ?x10 ?x49)))
 (let ((?x66 (select ?x65 ?x21)))
 (let ((?x70 (store ?x65 ?x21 (+ ?x66 1))))
 (let ((?x75 (select ?x70 ?x10)))
 (and (<= 0 ?x75) (< ?x75 1)))))))))))))))))))))
(assert
 (let ((?x8 (+ 0 5)))
 (let ((?x10 (+ ?x8 1)))
 (let ((?x11 (+ ?x10 1)))
 (let ((?x21 (+ ?x11 1)))
 (let ((?x6 ((as const (Array Int Int)) 0)))
 (let ((?x12 (store ?x6 ?x11 0)))
 (let ((?x18 (store ?x12 ?x11 (+ (select ?x12 ?x11) 1))))
 (let ((?x20 (store ?x18 ?x10 (select ?x18 ?x11))))
 (let ((?x24 (store ?x20 ?x21 (+ (select ?x20 ?x11) 1))))
 (let ((?x25 (select ?x24 ?x21)))
 (let ((?x29 (store ?x24 ?x21 (+ ?x25 1))))
 (let ((?x30 (select ?x29 ?x21)))
 (let ((?x48 (store ?x29 ?x21 (+ ?x30 1))))
 (let ((?x49 (select ?x48 ?x21)))
 (let ((?x65 (store ?x48 ?x10 ?x49)))
 (let ((?x66 (select ?x65 ?x21)))
 (let ((?x70 (store ?x65 ?x21 (+ ?x66 1))))
 (let ((?x75 (select ?x70 ?x10)))
 (let (($x85 (< (select ?x70 (+ 0 (* 1 (select ?x70 ?x21)))) (select ?x70 (+ 0 (* 1 ?x75))))))
 (not $x85)))))))))))))))))))))
(assert
 (let ((?x8 (+ 0 5)))
 (let ((?x10 (+ ?x8 1)))
 (let ((?x11 (+ ?x10 1)))
 (let ((?x21 (+ ?x11 1)))
 (let ((?x6 ((as const (Array Int Int)) 0)))
 (let ((?x12 (store ?x6 ?x11 0)))
 (let ((?x18 (store ?x12 ?x11 (+ (select ?x12 ?x11) 1))))
 (let ((?x20 (store ?x18 ?x10 (select ?x18 ?x11))))
 (let ((?x24 (store ?x20 ?x21 (+ (select ?x20 ?x11) 1))))
 (let ((?x25 (select ?x24 ?x21)))
 (let ((?x29 (store ?x24 ?x21 (+ ?x25 1))))
 (let ((?x30 (select ?x29 ?x21)))
 (let ((?x48 (store ?x29 ?x21 (+ ?x30 1))))
 (let ((?x49 (select ?x48 ?x21)))
 (let ((?x65 (store ?x48 ?x10 ?x49)))
 (let ((?x66 (select ?x65 ?x21)))
 (let ((?x70 (store ?x65 ?x21 (+ ?x66 1))))
 (let ((?x71 (select ?x70 ?x21)))
 (let ((?x87 (store ?x70 ?x10 ?x71)))
 (let ((?x88 (select ?x87 ?x21)))
 (not (< ?x88 (select ?x87 ?x8))))))))))))))))))))))))
(assert
 (let ((?x8 (+ 0 5)))
 (let ((?x10 (+ ?x8 1)))
 (let ((?x11 (+ ?x10 1)))
 (let ((?x21 (+ ?x11 1)))
 (let ((?x6 ((as const (Array Int Int)) 0)))
 (let ((?x12 (store ?x6 ?x11 0)))
 (let ((?x18 (store ?x12 ?x11 (+ (select ?x12 ?x11) 1))))
 (let ((?x20 (store ?x18 ?x10 (select ?x18 ?x11))))
 (let ((?x24 (store ?x20 ?x21 (+ (select ?x20 ?x11) 1))))
 (let ((?x25 (select ?x24 ?x21)))
 (let ((?x29 (store ?x24 ?x21 (+ ?x25 1))))
 (let ((?x30 (select ?x29 ?x21)))
 (let ((?x48 (store ?x29 ?x21 (+ ?x30 1))))
 (let ((?x49 (select ?x48 ?x21)))
 (let ((?x65 (store ?x48 ?x10 ?x49)))
 (let ((?x66 (select ?x65 ?x21)))
 (let ((?x70 (store ?x65 ?x21 (+ ?x66 1))))
 (let ((?x71 (select ?x70 ?x21)))
 (let ((?x87 (store ?x70 ?x10 ?x71)))
 (let ((?x88 (select ?x87 ?x21)))
 (let ((?x93 (store ?x87 ?x21 (+ ?x88 1))))
 (let ((?x94 (select ?x93 ?x11)))
 (and (<= 0 ?x94) (< ?x94 1)))))))))))))))))))))))))
(assert
 (let ((?x8 (+ 0 5)))
 (let ((?x10 (+ ?x8 1)))
 (let ((?x11 (+ ?x10 1)))
 (let ((?x21 (+ ?x11 1)))
 (let ((?x6 ((as const (Array Int Int)) 0)))
 (let ((?x12 (store ?x6 ?x11 0)))
 (let ((?x18 (store ?x12 ?x11 (+ (select ?x12 ?x11) 1))))
 (let ((?x20 (store ?x18 ?x10 (select ?x18 ?x11))))
 (let ((?x24 (store ?x20 ?x21 (+ (select ?x20 ?x11) 1))))
 (let ((?x25 (select ?x24 ?x21)))
 (let ((?x29 (store ?x24 ?x21 (+ ?x25 1))))
 (let ((?x30 (select ?x29 ?x21)))
 (let ((?x48 (store ?x29 ?x21 (+ ?x30 1))))
 (let ((?x49 (select ?x48 ?x21)))
 (let ((?x65 (store ?x48 ?x10 ?x49)))
 (let ((?x66 (select ?x65 ?x21)))
 (let ((?x70 (store ?x65 ?x21 (+ ?x66 1))))
 (let ((?x71 (select ?x70 ?x21)))
 (let ((?x87 (store ?x70 ?x10 ?x71)))
 (let ((?x88 (select ?x87 ?x21)))
 (let ((?x93 (store ?x87 ?x21 (+ ?x88 1))))
 (let ((?x98 (select ?x93 ?x10)))
 (and (<= 0 ?x98) (< ?x98 1)))))))))))))))))))))))))
(assert
 (let ((?x8 (+ 0 5)))
 (let ((?x10 (+ ?x8 1)))
 (let ((?x11 (+ ?x10 1)))
 (let ((?x21 (+ ?x11 1)))
 (let ((?x6 ((as const (Array Int Int)) 0)))
 (let ((?x12 (store ?x6 ?x11 0)))
 (let ((?x18 (store ?x12 ?x11 (+ (select ?x12 ?x11) 1))))
 (let ((?x20 (store ?x18 ?x10 (select ?x18 ?x11))))
 (let ((?x24 (store ?x20 ?x21 (+ (select ?x20 ?x11) 1))))
 (let ((?x25 (select ?x24 ?x21)))
 (let ((?x29 (store ?x24 ?x21 (+ ?x25 1))))
 (let ((?x30 (select ?x29 ?x21)))
 (let ((?x48 (store ?x29 ?x21 (+ ?x30 1))))
 (let ((?x49 (select ?x48 ?x21)))
 (let ((?x65 (store ?x48 ?x10 ?x49)))
 (let ((?x66 (select ?x65 ?x21)))
 (let ((?x70 (store ?x65 ?x21 (+ ?x66 1))))
 (let ((?x71 (select ?x70 ?x21)))
 (let ((?x87 (store ?x70 ?x10 ?x71)))
 (let ((?x88 (select ?x87 ?x21)))
 (let ((?x93 (store ?x87 ?x21 (+ ?x88 1))))
 (let ((?x98 (select ?x93 ?x10)))
 (let ((?x107 (select ?x93 (+ 0 (* 1 ?x98)))))
 (let ((?x103 (+ 0 (* 1 (select ?x93 ?x11)))))
 (let ((?x104 (select ?x93 ?x103)))
 (and (distinct ?x104 ?x107) true)))))))))))))))))))))))))))
(assert
 (let ((?x8 (+ 0 5)))
 (let ((?x10 (+ ?x8 1)))
 (let ((?x11 (+ ?x10 1)))
 (let ((?x21 (+ ?x11 1)))
 (let ((?x6 ((as const (Array Int Int)) 0)))
 (let ((?x12 (store ?x6 ?x11 0)))
 (let ((?x18 (store ?x12 ?x11 (+ (select ?x12 ?x11) 1))))
 (let ((?x20 (store ?x18 ?x10 (select ?x18 ?x11))))
 (let ((?x24 (store ?x20 ?x21 (+ (select ?x20 ?x11) 1))))
 (let ((?x25 (select ?x24 ?x21)))
 (let ((?x29 (store ?x24 ?x21 (+ ?x25 1))))
 (let ((?x30 (select ?x29 ?x21)))
 (let ((?x48 (store ?x29 ?x21 (+ ?x30 1))))
 (let ((?x49 (select ?x48 ?x21)))
 (let ((?x65 (store ?x48 ?x10 ?x49)))
 (let ((?x66 (select ?x65 ?x21)))
 (let ((?x70 (store ?x65 ?x21 (+ ?x66 1))))
 (let ((?x71 (select ?x70 ?x21)))
 (let ((?x87 (store ?x70 ?x10 ?x71)))
 (let ((?x88 (select ?x87 ?x21)))
 (let ((?x93 (store ?x87 ?x21 (+ ?x88 1))))
 (let ((?x98 (select ?x93 ?x10)))
 (and (<= 0 ?x98) (< ?x98 1)))))))))))))))))))))))))
(assert
 (let ((?x8 (+ 0 5)))
 (let ((?x10 (+ ?x8 1)))
 (let ((?x11 (+ ?x10 1)))
 (let ((?x21 (+ ?x11 1)))
 (let ((?x6 ((as const (Array Int Int)) 0)))
 (let ((?x12 (store ?x6 ?x11 0)))
 (let ((?x18 (store ?x12 ?x11 (+ (select ?x12 ?x11) 1))))
 (let ((?x20 (store ?x18 ?x10 (select ?x18 ?x11))))
 (let ((?x24 (store ?x20 ?x21 (+ (select ?x20 ?x11) 1))))
 (let ((?x25 (select ?x24 ?x21)))
 (let ((?x29 (store ?x24 ?x21 (+ ?x25 1))))
 (let ((?x30 (select ?x29 ?x21)))
 (let ((?x48 (store ?x29 ?x21 (+ ?x30 1))))
 (let ((?x49 (select ?x48 ?x21)))
 (let ((?x65 (store ?x48 ?x10 ?x49)))
 (let ((?x66 (select ?x65 ?x21)))
 (let ((?x70 (store ?x65 ?x21 (+ ?x66 1))))
 (let ((?x71 (select ?x70 ?x21)))
 (let ((?x87 (store ?x70 ?x10 ?x71)))
 (let ((?x88 (select ?x87 ?x21)))
 (let ((?x93 (store ?x87 ?x21 (+ ?x88 1))))
 (let ((?x94 (select ?x93 ?x11)))
 (and (<= 0 ?x94) (< ?x94 1)))))))))))))))))))))))))
(assert
 (let ((?x8 (+ 0 5)))
 (let ((?x10 (+ ?x8 1)))
 (let ((?x11 (+ ?x10 1)))
 (let ((?x21 (+ ?x11 1)))
 (let ((?x6 ((as const (Array Int Int)) 0)))
 (let ((?x12 (store ?x6 ?x11 0)))
 (let ((?x18 (store ?x12 ?x11 (+ (select ?x12 ?x11) 1))))
 (let ((?x20 (store ?x18 ?x10 (select ?x18 ?x11))))
 (let ((?x24 (store ?x20 ?x21 (+ (select ?x20 ?x11) 1))))
 (let ((?x25 (select ?x24 ?x21)))
 (let ((?x29 (store ?x24 ?x21 (+ ?x25 1))))
 (let ((?x30 (select ?x29 ?x21)))
 (let ((?x48 (store ?x29 ?x21 (+ ?x30 1))))
 (let ((?x49 (select ?x48 ?x21)))
 (let ((?x65 (store ?x48 ?x10 ?x49)))
 (let ((?x66 (select ?x65 ?x21)))
 (let ((?x70 (store ?x65 ?x21 (+ ?x66 1))))
 (let ((?x71 (select ?x70 ?x21)))
 (let ((?x87 (store ?x70 ?x10 ?x71)))
 (let ((?x88 (select ?x87 ?x21)))
 (let ((?x93 (store ?x87 ?x21 (+ ?x88 1))))
 (let ((?x94 (select ?x93 ?x11)))
 (and (<= 0 ?x94) (< ?x94 1)))))))))))))))))))))))))
(assert
 (let ((?x8 (+ 0 5)))
 (let ((?x10 (+ ?x8 1)))
 (let ((?x11 (+ ?x10 1)))
 (let ((?x21 (+ ?x11 1)))
 (let ((?x6 ((as const (Array Int Int)) 0)))
 (let ((?x12 (store ?x6 ?x11 0)))
 (let ((?x18 (store ?x12 ?x11 (+ (select ?x12 ?x11) 1))))
 (let ((?x20 (store ?x18 ?x10 (select ?x18 ?x11))))
 (let ((?x24 (store ?x20 ?x21 (+ (select ?x20 ?x11) 1))))
 (let ((?x25 (select ?x24 ?x21)))
 (let ((?x29 (store ?x24 ?x21 (+ ?x25 1))))
 (let ((?x30 (select ?x29 ?x21)))
 (let ((?x48 (store ?x29 ?x21 (+ ?x30 1))))
 (let ((?x49 (select ?x48 ?x21)))
 (let ((?x65 (store ?x48 ?x10 ?x49)))
 (let ((?x66 (select ?x65 ?x21)))
 (let ((?x70 (store ?x65 ?x21 (+ ?x66 1))))
 (let ((?x71 (select ?x70 ?x21)))
 (let ((?x87 (store ?x70 ?x10 ?x71)))
 (let ((?x88 (select ?x87 ?x21)))
 (let ((?x93 (store ?x87 ?x21 (+ ?x88 1))))
 (let ((?x94 (select ?x93 ?x11)))
 (let ((?x103 (+ 0 (* 1 ?x94))))
 (let ((?x104 (select ?x93 ?x103)))
 (let ((?x107 (select ?x93 (+ 0 (* 1 (select ?x93 ?x10))))))
 (let ((?x110 (store ?x93 ?x103 (+ ?x107 ?x104))))
 (let ((?x111 (select ?x110 ?x11)))
 (and (<= 0 ?x111) (< ?x111 1))))))))))))))))))))))))))))))
(assert
 (let ((?x8 (+ 0 5)))
 (let ((?x10 (+ ?x8 1)))
 (let ((?x11 (+ ?x10 1)))
 (let ((?x21 (+ ?x11 1)))
 (let ((?x6 ((as const (Array Int Int)) 0)))
 (let ((?x12 (store ?x6 ?x11 0)))
 (let ((?x18 (store ?x12 ?x11 (+ (select ?x12 ?x11) 1))))
 (let ((?x20 (store ?x18 ?x10 (select ?x18 ?x11))))
 (let ((?x24 (store ?x20 ?x21 (+ (select ?x20 ?x11) 1))))
 (let ((?x25 (select ?x24 ?x21)))
 (let ((?x29 (store ?x24 ?x21 (+ ?x25 1))))
 (let ((?x30 (select ?x29 ?x21)))
 (let ((?x48 (store ?x29 ?x21 (+ ?x30 1))))
 (let ((?x49 (select ?x48 ?x21)))
 (let ((?x65 (store ?x48 ?x10 ?x49)))
 (let ((?x66 (select ?x65 ?x21)))
 (let ((?x70 (store ?x65 ?x21 (+ ?x66 1))))
 (let ((?x71 (select ?x70 ?x21)))
 (let ((?x87 (store ?x70 ?x10 ?x71)))
 (let ((?x88 (select ?x87 ?x21)))
 (let ((?x93 (store ?x87 ?x21 (+ ?x88 1))))
 (let ((?x94 (select ?x93 ?x11)))
 (let ((?x103 (+ 0 (* 1 ?x94))))
 (let ((?x104 (select ?x93 ?x103)))
 (let ((?x107 (select ?x93 (+ 0 (* 1 (select ?x93 ?x10))))))
 (let ((?x110 (store ?x93 ?x103 (+ ?x107 ?x104))))
 (let ((?x115 (select ?x110 ?x10)))
 (and (<= 0 ?x115) (< ?x115 1))))))))))))))))))))))))))))))
(assert
 (let ((?x8 (+ 0 5)))
 (let ((?x10 (+ ?x8 1)))
 (let ((?x11 (+ ?x10 1)))
 (let ((?x21 (+ ?x11 1)))
 (let ((?x6 ((as const (Array Int Int)) 0)))
 (let ((?x12 (store ?x6 ?x11 0)))
 (let ((?x18 (store ?x12 ?x11 (+ (select ?x12 ?x11) 1))))
 (let ((?x20 (store ?x18 ?x10 (select ?x18 ?x11))))
 (let ((?x24 (store ?x20 ?x21 (+ (select ?x20 ?x11) 1))))
 (let ((?x25 (select ?x24 ?x21)))
 (let ((?x29 (store ?x24 ?x21 (+ ?x25 1))))
 (let ((?x30 (select ?x29 ?x21)))
 (let ((?x48 (store ?x29 ?x21 (+ ?x30 1))))
 (let ((?x49 (select ?x48 ?x21)))
 (let ((?x65 (store ?x48 ?x10 ?x49)))
 (let ((?x66 (select ?x65 ?x21)))
 (let ((?x70 (store ?x65 ?x21 (+ ?x66 1))))
 (let ((?x71 (select ?x70 ?x21)))
 (let ((?x87 (store ?x70 ?x10 ?x71)))
 (let ((?x88 (select ?x87 ?x21)))
 (let ((?x93 (store ?x87 ?x21 (+ ?x88 1))))
 (let ((?x94 (select ?x93 ?x11)))
 (let ((?x103 (+ 0 (* 1 ?x94))))
 (let ((?x104 (select ?x93 ?x103)))
 (let ((?x107 (select ?x93 (+ 0 (* 1 (select ?x93 ?x10))))))
 (let ((?x110 (store ?x93 ?x103 (+ ?x107 ?x104))))
 (let ((?x115 (select ?x110 ?x10)))
 (and (<= 0 ?x115) (< ?x115 1))))))))))))))))))))))))))))))
(assert
 (let ((?x8 (+ 0 5)))
 (let ((?x10 (+ ?x8 1)))
 (let ((?x11 (+ ?x10 1)))
 (let ((?x21 (+ ?x11 1)))
 (let ((?x6 ((as const (Array Int Int)) 0)))
 (let ((?x12 (store ?x6 ?x11 0)))
 (let ((?x18 (store ?x12 ?x11 (+ (select ?x12 ?x11) 1))))
 (let ((?x20 (store ?x18 ?x10 (select ?x18 ?x11))))
 (let ((?x24 (store ?x20 ?x21 (+ (select ?x20 ?x11) 1))))
 (let ((?x25 (select ?x24 ?x21)))
 (let ((?x29 (store ?x24 ?x21 (+ ?x25 1))))
 (let ((?x30 (select ?x29 ?x21)))
 (let ((?x48 (store ?x29 ?x21 (+ ?x30 1))))
 (let ((?x49 (select ?x48 ?x21)))
 (let ((?x65 (store ?x48 ?x10 ?x49)))
 (let ((?x66 (select ?x65 ?x21)))
 (let ((?x70 (store ?x65 ?x21 (+ ?x66 1))))
 (let ((?x71 (select ?x70 ?x21)))
 (let ((?x87 (store ?x70 ?x10 ?x71)))
 (let ((?x88 (select ?x87 ?x21)))
 (let ((?x93 (store ?x87 ?x21 (+ ?x88 1))))
 (let ((?x94 (select ?x93 ?x11)))
 (let ((?x103 (+ 0 (* 1 ?x94))))
 (let ((?x104 (select ?x93 ?x103)))
 (let ((?x107 (select ?x93 (+ 0 (* 1 (select ?x93 ?x10))))))
 (let ((?x110 (store ?x93 ?x103 (+ ?x107 ?x104))))
 (let ((?x115 (select ?x110 ?x10)))
 (let ((?x120 (+ 0 (* 1 ?x115))))
 (let ((?x125 (- (select ?x110 (+ 0 (* 1 (select ?x110 ?x11)))) (select ?x110 ?x120))))
 (let ((?x126 (store ?x110 ?x120 ?x125)))
 (let ((?x127 (select ?x126 ?x11)))
 (and (<= 0 ?x127) (< ?x127 1))))))))))))))))))))))))))))))))))
(assert
 (let ((?x8 (+ 0 5)))
 (let ((?x10 (+ ?x8 1)))
 (let ((?x11 (+ ?x10 1)))
 (let ((?x21 (+ ?x11 1)))
 (let ((?x6 ((as const (Array Int Int)) 0)))
 (let ((?x12 (store ?x6 ?x11 0)))
 (let ((?x18 (store ?x12 ?x11 (+ (select ?x12 ?x11) 1))))
 (let ((?x20 (store ?x18 ?x10 (select ?x18 ?x11))))
 (let ((?x24 (store ?x20 ?x21 (+ (select ?x20 ?x11) 1))))
 (let ((?x25 (select ?x24 ?x21)))
 (let ((?x29 (store ?x24 ?x21 (+ ?x25 1))))
 (let ((?x30 (select ?x29 ?x21)))
 (let ((?x48 (store ?x29 ?x21 (+ ?x30 1))))
 (let ((?x49 (select ?x48 ?x21)))
 (let ((?x65 (store ?x48 ?x10 ?x49)))
 (let ((?x66 (select ?x65 ?x21)))
 (let ((?x70 (store ?x65 ?x21 (+ ?x66 1))))
 (let ((?x71 (select ?x70 ?x21)))
 (let ((?x87 (store ?x70 ?x10 ?x71)))
 (let ((?x88 (select ?x87 ?x21)))
 (let ((?x93 (store ?x87 ?x21 (+ ?x88 1))))
 (let ((?x94 (select ?x93 ?x11)))
 (let ((?x103 (+ 0 (* 1 ?x94))))
 (let ((?x104 (select ?x93 ?x103)))
 (let ((?x107 (select ?x93 (+ 0 (* 1 (select ?x93 ?x10))))))
 (let ((?x110 (store ?x93 ?x103 (+ ?x107 ?x104))))
 (let ((?x115 (select ?x110 ?x10)))
 (let ((?x120 (+ 0 (* 1 ?x115))))
 (let ((?x125 (- (select ?x110 (+ 0 (* 1 (select ?x110 ?x11)))) (select ?x110 ?x120))))
 (let ((?x126 (store ?x110 ?x120 ?x125)))
 (let ((?x131 (select ?x126 ?x10)))
 (and (<= 0 ?x131) (< ?x131 1))))))))))))))))))))))))))))))))))
(assert
 (let ((?x8 (+ 0 5)))
 (let ((?x10 (+ ?x8 1)))
 (let ((?x11 (+ ?x10 1)))
 (let ((?x21 (+ ?x11 1)))
 (let ((?x6 ((as const (Array Int Int)) 0)))
 (let ((?x12 (store ?x6 ?x11 0)))
 (let ((?x18 (store ?x12 ?x11 (+ (select ?x12 ?x11) 1))))
 (let ((?x20 (store ?x18 ?x10 (select ?x18 ?x11))))
 (let ((?x24 (store ?x20 ?x21 (+ (select ?x20 ?x11) 1))))
 (let ((?x25 (select ?x24 ?x21)))
 (let ((?x29 (store ?x24 ?x21 (+ ?x25 1))))
 (let ((?x30 (select ?x29 ?x21)))
 (let ((?x48 (store ?x29 ?x21 (+ ?x30 1))))
 (let ((?x49 (select ?x48 ?x21)))
 (let ((?x65 (store ?x48 ?x10 ?x49)))
 (let ((?x66 (select ?x65 ?x21)))
 (let ((?x70 (store ?x65 ?x21 (+ ?x66 1))))
 (let ((?x71 (select ?x70 ?x21)))
 (let ((?x87 (store ?x70 ?x10 ?x71)))
 (let ((?x88 (select ?x87 ?x21)))
 (let ((?x93 (store ?x87 ?x21 (+ ?x88 1))))
 (let ((?x94 (select ?x93 ?x11)))
 (let ((?x103 (+ 0 (* 1 ?x94))))
 (let ((?x104 (select ?x93 ?x103)))
 (let ((?x107 (select ?x93 (+ 0 (* 1 (select ?x93 ?x10))))))
 (let ((?x110 (store ?x93 ?x103 (+ ?x107 ?x104))))
 (let ((?x115 (select ?x110 ?x10)))
 (let ((?x120 (+ 0 (* 1 ?x115))))
 (let ((?x125 (- (select ?x110 (+ 0 (* 1 (select ?x110 ?x11)))) (select ?x110 ?x120))))
 (let ((?x126 (store ?x110 ?x120 ?x125)))
 (let ((?x127 (select ?x126 ?x11)))
 (and (<= 0 ?x127) (< ?x127 1))))))))))))))))))))))))))))))))))
(check-sat)

[mem]:17
Path:int data[5];
int n;
int min;
int i=0;
@(i<n-1);
i=i+1;
int i=0;
min=i;
int j=i+1;
@(j<n);
j=j+1;
int j=i+1;
@(data[j]<data[min]);

@(j<n);
j=j+1;
int j=i+1;
@(!(data[j]<data[min]));

min=j;

@(j<n);
j=j+1;
int j=i+1;
@(!(data[j]<data[min]));

min=j;

@(!(j<n));
j=j+1;

@(!(data[i]!=data[min]));

data[i]=data[min]+data[i];
data[min]=data[i]-data[min];
data[i]=data[i]-data[min];

warning: a declaration with the name "i" already exists!
warning: a declaration with the name "j" already exists!
warning: a declaration with the name "j" already exists!
warning: a declaration with the name "j" already exists!
debug:solver.cpp:60: input is a c0 path.
debug:solver.cpp:60: input is a c0 path.
infeasible!!!
SMT2:; 
(set-info :status unknown)
(assert
 (let ((?x8 (+ 0 5)))
 (let ((?x10 (+ ?x8 1)))
 (let ((?x11 (+ ?x10 1)))
 (let ((?x6 ((as const (Array Int Int)) 0)))
 (let ((?x12 (store ?x6 ?x11 0)))
 (let ((?x13 (select ?x12 ?x11)))
 (< ?x13 (- (select ?x12 ?x8) 1)))))))))
(assert
 (let ((?x8 (+ 0 5)))
 (let ((?x10 (+ ?x8 1)))
 (let ((?x11 (+ ?x10 1)))
 (let ((?x6 ((as const (Array Int Int)) 0)))
 (let ((?x12 (store ?x6 ?x11 0)))
 (let ((?x18 (store ?x12 ?x11 (+ (select ?x12 ?x11) 1))))
 (let ((?x20 (store ?x18 ?x10 (select ?x18 ?x11))))
 (let ((?x21 (+ ?x11 1)))
 (let ((?x24 (store ?x20 ?x21 (+ (select ?x20 ?x11) 1))))
 (let ((?x25 (select ?x24 ?x21)))
 (< ?x25 (select ?x24 ?x8)))))))))))))
(assert
 (let ((?x8 (+ 0 5)))
 (let ((?x10 (+ ?x8 1)))
 (let ((?x11 (+ ?x10 1)))
 (let ((?x21 (+ ?x11 1)))
 (let ((?x6 ((as const (Array Int Int)) 0)))
 (let ((?x12 (store ?x6 ?x11 0)))
 (let ((?x18 (store ?x12 ?x11 (+ (select ?x12 ?x11) 1))))
 (let ((?x20 (store ?x18 ?x10 (select ?x18 ?x11))))
 (let ((?x24 (store ?x20 ?x21 (+ (select ?x20 ?x11) 1))))
 (let ((?x25 (select ?x24 ?x21)))
 (let ((?x29 (store ?x24 ?x21 (+ ?x25 1))))
 (let ((?x30 (select ?x29 ?x21)))
 (and (<= 0 ?x30) (< ?x30 1)))))))))))))))
(assert
 (let ((?x8 (+ 0 5)))
 (let ((?x10 (+ ?x8 1)))
 (let ((?x11 (+ ?x10 1)))
 (let ((?x21 (+ ?x11 1)))
 (let ((?x6 ((as const (Array Int Int)) 0)))
 (let ((?x12 (store ?x6 ?x11 0)))
 (let ((?x18 (store ?x12 ?x11 (+ (select ?x12 ?x11) 1))))
 (let ((?x20 (store ?x18 ?x10 (select ?x18 ?x11))))
 (let ((?x24 (store ?x20 ?x21 (+ (select ?x20 ?x11) 1))))
 (let ((?x25 (select ?x24 ?x21)))
 (let ((?x29 (store ?x24 ?x21 (+ ?x25 1))))
 (let ((?x34 (select ?x29 ?x10)))
 (and (<= 0 ?x34) (< ?x34 1)))))))))))))))
(assert
 (let ((?x8 (+ 0 5)))
 (let ((?x10 (+ ?x8 1)))
 (let ((?x11 (+ ?x10 1)))
 (let ((?x21 (+ ?x11 1)))
 (let ((?x6 ((as const (Array Int Int)) 0)))
 (let ((?x12 (store ?x6 ?x11 0)))
 (let ((?x18 (store ?x12 ?x11 (+ (select ?x12 ?x11) 1))))
 (let ((?x20 (store ?x18 ?x10 (select ?x18 ?x11))))
 (let ((?x24 (store ?x20 ?x21 (+ (select ?x20 ?x11) 1))))
 (let ((?x25 (select ?x24 ?x21)))
 (let ((?x29 (store ?x24 ?x21 (+ ?x25 1))))
 (let ((?x34 (select ?x29 ?x10)))
 (< (select ?x29 (+ 0 (* 1 (select ?x29 ?x21)))) (select ?x29 (+ 0 (* 1 ?x34)))))))))))))))))
(assert
 (let ((?x8 (+ 0 5)))
 (let ((?x10 (+ ?x8 1)))
 (let ((?x11 (+ ?x10 1)))
 (let ((?x21 (+ ?x11 1)))
 (let ((?x6 ((as const (Array Int Int)) 0)))
 (let ((?x12 (store ?x6 ?x11 0)))
 (let ((?x18 (store ?x12 ?x11 (+ (select ?x12 ?x11) 1))))
 (let ((?x20 (store ?x18 ?x10 (select ?x18 ?x11))))
 (let ((?x24 (store ?x20 ?x21 (+ (select ?x20 ?x11) 1))))
 (let ((?x25 (select ?x24 ?x21)))
 (let ((?x29 (store ?x24 ?x21 (+ ?x25 1))))
 (let ((?x30 (select ?x29 ?x21)))
 (< ?x30 (select ?x29 ?x8)))))))))))))))
(assert
 (let ((?x8 (+ 0 5)))
 (let ((?x10 (+ ?x8 1)))
 (let ((?x11 (+ ?x10 1)))
 (let ((?x21 (+ ?x11 1)))
 (let ((?x6 ((as const (Array Int Int)) 0)))
 (let ((?x12 (store ?x6 ?x11 0)))
 (let ((?x18 (store ?x12 ?x11 (+ (select ?x12 ?x11) 1))))
 (let ((?x20 (store ?x18 ?x10 (select ?x18 ?x11))))
 (let ((?x24 (store ?x20 ?x21 (+ (select ?x20 ?x11) 1))))
 (let ((?x25 (select ?x24 ?x21)))
 (let ((?x29 (store ?x24 ?x21 (+ ?x25 1))))
 (let ((?x30 (select ?x29 ?x21)))
 (let ((?x48 (store ?x29 ?x21 (+ ?x30 1))))
 (let ((?x49 (select ?x48 ?x21)))
 (and (<= 0 ?x49) (< ?x49 1)))))))))))))))))
(assert
 (let ((?x8 (+ 0 5)))
 (let ((?x10 (+ ?x8 1)))
 (let ((?x11 (+ ?x10 1)))
 (let ((?x21 (+ ?x11 1)))
 (let ((?x6 ((as const (Array Int Int)) 0)))
 (let ((?x12 (store ?x6 ?x11 0)))
 (let ((?x18 (store ?x12 ?x11 (+ (select ?x12 ?x11) 1))))
 (let ((?x20 (store ?x18 ?x10 (select ?x18 ?x11))))
 (let ((?x24 (store ?x20 ?x21 (+ (select ?x20 ?x11) 1))))
 (let ((?x25 (select ?x24 ?x21)))
 (let ((?x29 (store ?x24 ?x21 (+ ?x25 1))))
 (let ((?x30 (select ?x29 ?x21)))
 (let ((?x48 (store ?x29 ?x21 (+ ?x30 1))))
 (let ((?x53 (select ?x48 ?x10)))
 (and (<= 0 ?x53) (< ?x53 1)))))))))))))))))
(assert
 (let ((?x8 (+ 0 5)))
 (let ((?x10 (+ ?x8 1)))
 (let ((?x11 (+ ?x10 1)))
 (let ((?x21 (+ ?x11 1)))
 (let ((?x6 ((as const (Array Int Int)) 0)))
 (let ((?x12 (store ?x6 ?x11 0)))
 (let ((?x18 (store ?x12 ?x11 (+ (select ?x12 ?x11) 1))))
 (let ((?x20 (store ?x18 ?x10 (select ?x18 ?x11))))
 (let ((?x24 (store ?x20 ?x21 (+ (select ?x20 ?x11) 1))))
 (let ((?x25 (select ?x24 ?x21)))
 (let ((?x29 (store ?x24 ?x21 (+ ?x25 1))))
 (let ((?x30 (select ?x29 ?x21)))
 (let ((?x48 (store ?x29 ?x21 (+ ?x30 1))))
 (let ((?x53 (select ?x48 ?x10)))
 (let (($x63 (< (select ?x48 (+ 0 (* 1 (select ?x48 ?x21)))) (select ?x48 (+ 0 (* 1 ?x53))))))
 (not $x63)))))))))))))))))
(assert
 (let ((?x8 (+ 0 5)))
 (let ((?x10 (+ ?x8 1)))
 (let ((?x11 (+ ?x10 1)))
 (let ((?x21 (+ ?x11 1)))
 (let ((?x6 ((as const (Array Int Int)) 0)))
 (let ((?x12 (store ?x6 ?x11 0)))
 (let ((?x18 (store ?x12 ?x11 (+ (select ?x12 ?x11) 1))))
 (let ((?x20 (store ?x18 ?x10 (select ?x18 ?x11))))
 (let ((?x24 (store ?x20 ?x21 (+ (select ?x20 ?x11) 1))))
 (let ((?x25 (select ?x24 ?x21)))
 (let ((?x29 (store ?x24 ?x21 (+ ?x25 1))))
 (let ((?x30 (select ?x29 ?x21)))
 (let ((?x48 (store ?x29 ?x21 (+ ?x30 1))))
 (let ((?x49 (select ?x48 ?x21)))
 (let ((?x65 (store ?x48 ?x10 ?x49)))
 (let ((?x66 (select ?x65 ?x21)))
 (< ?x66 (select ?x65 ?x8)))))))))))))))))))
(assert
 (let ((?x8 (+ 0 5)))
 (let ((?x10 (+ ?x8 1)))
 (let ((?x11 (+ ?x10 1)))
 (let ((?x21 (+ ?x11 1)))
 (let ((?x6 ((as const (Array Int Int)) 0)))
 (let ((?x12 (store ?x6 ?x11 0)))
 (let ((?x18 (store ?x12 ?x11 (+ (select ?x12 ?x11) 1))))
 (let ((?x20 (store ?x18 ?x10 (select ?x18 ?x11))))
 (let ((?x24 (store ?x20 ?x21 (+ (select ?x20 ?x11) 1))))
 (let ((?x25 (select ?x24 ?x21)))
 (let ((?x29 (store ?x24 ?x21 (+ ?x25 1))))
 (let ((?x30 (select ?x29 ?x21)))
 (let ((?x48 (store ?x29 ?x21 (+ ?x30 1))))
 (let ((?x49 (select ?x48 ?x21)))
 (let ((?x65 (store ?x48 ?x10 ?x49)))
 (let ((?x66 (select ?x65 ?x21)))
 (let ((?x70 (store ?x65 ?x21 (+ ?x66 1))))
 (let ((?x71 (select ?x70 ?x21)))
 (and (<= 0 ?x71) (< ?x71 1)))))))))))))))))))))
(assert
 (let ((?x8 (+ 0 5)))
 (let ((?x10 (+ ?x8 1)))
 (let ((?x11 (+ ?x10 1)))
 (let ((?x21 (+ ?x11 1)))
 (let ((?x6 ((as const (Array Int Int)) 0)))
 (let ((?x12 (store ?x6 ?x11 0)))
 (let ((?x18 (store ?x12 ?x11 (+ (select ?x12 ?x11) 1))))
 (let ((?x20 (store ?x18 ?x10 (select ?x18 ?x11))))
 (let ((?x24 (store ?x20 ?x21 (+ (select ?x20 ?x11) 1))))
 (let ((?x25 (select ?x24 ?x21)))
 (let ((?x29 (store ?x24 ?x21 (+ ?x25 1))))
 (let ((?x30 (select ?x29 ?x21)))
 (let ((?x48 (store ?x29 ?x21 (+ ?x30 1))))
 (let ((?x49 (select ?x48 ?x21)))
 (let ((?x65 (store ?x48 ?x10 ?x49)))
 (let ((?x66 (select ?x65 ?x21)))
 (let ((?x70 (store ?x65 ?x21 (+ ?x66 1))))
 (let ((?x75 (select ?x70 ?x10)))
 (and (<= 0 ?x75) (< ?x75 1)))))))))))))))))))))
(assert
 (let ((?x8 (+ 0 5)))
 (let ((?x10 (+ ?x8 1)))
 (let ((?x11 (+ ?x10 1)))
 (let ((?x21 (+ ?x11 1)))
 (let ((?x6 ((as const (Array Int Int)) 0)))
 (let ((?x12 (store ?x6 ?x11 0)))
 (let ((?x18 (store ?x12 ?x11 (+ (select ?x12 ?x11) 1))))
 (let ((?x20 (store ?x18 ?x10 (select ?x18 ?x11))))
 (let ((?x24 (store ?x20 ?x21 (+ (select ?x20 ?x11) 1))))
 (let ((?x25 (select ?x24 ?x21)))
 (let ((?x29 (store ?x24 ?x21 (+ ?x25 1))))
 (let ((?x30 (select ?x29 ?x21)))
 (let ((?x48 (store ?x29 ?x21 (+ ?x30 1))))
 (let ((?x49 (select ?x48 ?x21)))
 (let ((?x65 (store ?x48 ?x10 ?x49)))
 (let ((?x66 (select ?x65 ?x21)))
 (let ((?x70 (store ?x65 ?x21 (+ ?x66 1))))
 (let ((?x75 (select ?x70 ?x10)))
 (let (($x85 (< (select ?x70 (+ 0 (* 1 (select ?x70 ?x21)))) (select ?x70 (+ 0 (* 1 ?x75))))))
 (not $x85)))))))))))))))))))))
(assert
 (let ((?x8 (+ 0 5)))
 (let ((?x10 (+ ?x8 1)))
 (let ((?x11 (+ ?x10 1)))
 (let ((?x21 (+ ?x11 1)))
 (let ((?x6 ((as const (Array Int Int)) 0)))
 (let ((?x12 (store ?x6 ?x11 0)))
 (let ((?x18 (store ?x12 ?x11 (+ (select ?x12 ?x11) 1))))
 (let ((?x20 (store ?x18 ?x10 (select ?x18 ?x11))))
 (let ((?x24 (store ?x20 ?x21 (+ (select ?x20 ?x11) 1))))
 (let ((?x25 (select ?x24 ?x21)))
 (let ((?x29 (store ?x24 ?x21 (+ ?x25 1))))
 (let ((?x30 (select ?x29 ?x21)))
 (let ((?x48 (store ?x29 ?x21 (+ ?x30 1))))
 (let ((?x49 (select ?x48 ?x21)))
 (let ((?x65 (store ?x48 ?x10 ?x49)))
 (let ((?x66 (select ?x65 ?x21)))
 (let ((?x70 (store ?x65 ?x21 (+ ?x66 1))))
 (let ((?x71 (select ?x70 ?x21)))
 (let ((?x87 (store ?x70 ?x10 ?x71)))
 (let ((?x88 (select ?x87 ?x21)))
 (not (< ?x88 (select ?x87 ?x8))))))))))))))))))))))))
(assert
 (let ((?x8 (+ 0 5)))
 (let ((?x10 (+ ?x8 1)))
 (let ((?x11 (+ ?x10 1)))
 (let ((?x21 (+ ?x11 1)))
 (let ((?x6 ((as const (Array Int Int)) 0)))
 (let ((?x12 (store ?x6 ?x11 0)))
 (let ((?x18 (store ?x12 ?x11 (+ (select ?x12 ?x11) 1))))
 (let ((?x20 (store ?x18 ?x10 (select ?x18 ?x11))))
 (let ((?x24 (store ?x20 ?x21 (+ (select ?x20 ?x11) 1))))
 (let ((?x25 (select ?x24 ?x21)))
 (let ((?x29 (store ?x24 ?x21 (+ ?x25 1))))
 (let ((?x30 (select ?x29 ?x21)))
 (let ((?x48 (store ?x29 ?x21 (+ ?x30 1))))
 (let ((?x49 (select ?x48 ?x21)))
 (let ((?x65 (store ?x48 ?x10 ?x49)))
 (let ((?x66 (select ?x65 ?x21)))
 (let ((?x70 (store ?x65 ?x21 (+ ?x66 1))))
 (let ((?x71 (select ?x70 ?x21)))
 (let ((?x87 (store ?x70 ?x10 ?x71)))
 (let ((?x88 (select ?x87 ?x21)))
 (let ((?x93 (store ?x87 ?x21 (+ ?x88 1))))
 (let ((?x94 (select ?x93 ?x11)))
 (and (<= 0 ?x94) (< ?x94 1)))))))))))))))))))))))))
(assert
 (let ((?x8 (+ 0 5)))
 (let ((?x10 (+ ?x8 1)))
 (let ((?x11 (+ ?x10 1)))
 (let ((?x21 (+ ?x11 1)))
 (let ((?x6 ((as const (Array Int Int)) 0)))
 (let ((?x12 (store ?x6 ?x11 0)))
 (let ((?x18 (store ?x12 ?x11 (+ (select ?x12 ?x11) 1))))
 (let ((?x20 (store ?x18 ?x10 (select ?x18 ?x11))))
 (let ((?x24 (store ?x20 ?x21 (+ (select ?x20 ?x11) 1))))
 (let ((?x25 (select ?x24 ?x21)))
 (let ((?x29 (store ?x24 ?x21 (+ ?x25 1))))
 (let ((?x30 (select ?x29 ?x21)))
 (let ((?x48 (store ?x29 ?x21 (+ ?x30 1))))
 (let ((?x49 (select ?x48 ?x21)))
 (let ((?x65 (store ?x48 ?x10 ?x49)))
 (let ((?x66 (select ?x65 ?x21)))
 (let ((?x70 (store ?x65 ?x21 (+ ?x66 1))))
 (let ((?x71 (select ?x70 ?x21)))
 (let ((?x87 (store ?x70 ?x10 ?x71)))
 (let ((?x88 (select ?x87 ?x21)))
 (let ((?x93 (store ?x87 ?x21 (+ ?x88 1))))
 (let ((?x98 (select ?x93 ?x10)))
 (and (<= 0 ?x98) (< ?x98 1)))))))))))))))))))))))))
(assert
 (let ((?x8 (+ 0 5)))
 (let ((?x10 (+ ?x8 1)))
 (let ((?x11 (+ ?x10 1)))
 (let ((?x21 (+ ?x11 1)))
 (let ((?x6 ((as const (Array Int Int)) 0)))
 (let ((?x12 (store ?x6 ?x11 0)))
 (let ((?x18 (store ?x12 ?x11 (+ (select ?x12 ?x11) 1))))
 (let ((?x20 (store ?x18 ?x10 (select ?x18 ?x11))))
 (let ((?x24 (store ?x20 ?x21 (+ (select ?x20 ?x11) 1))))
 (let ((?x25 (select ?x24 ?x21)))
 (let ((?x29 (store ?x24 ?x21 (+ ?x25 1))))
 (let ((?x30 (select ?x29 ?x21)))
 (let ((?x48 (store ?x29 ?x21 (+ ?x30 1))))
 (let ((?x49 (select ?x48 ?x21)))
 (let ((?x65 (store ?x48 ?x10 ?x49)))
 (let ((?x66 (select ?x65 ?x21)))
 (let ((?x70 (store ?x65 ?x21 (+ ?x66 1))))
 (let ((?x71 (select ?x70 ?x21)))
 (let ((?x87 (store ?x70 ?x10 ?x71)))
 (let ((?x88 (select ?x87 ?x21)))
 (let ((?x93 (store ?x87 ?x21 (+ ?x88 1))))
 (let ((?x98 (select ?x93 ?x10)))
 (let ((?x107 (select ?x93 (+ 0 (* 1 ?x98)))))
 (let ((?x103 (+ 0 (* 1 (select ?x93 ?x11)))))
 (let ((?x104 (select ?x93 ?x103)))
 (not (and (distinct ?x104 ?x107) true))))))))))))))))))))))))))))
(assert
 (let ((?x8 (+ 0 5)))
 (let ((?x10 (+ ?x8 1)))
 (let ((?x11 (+ ?x10 1)))
 (let ((?x21 (+ ?x11 1)))
 (let ((?x6 ((as const (Array Int Int)) 0)))
 (let ((?x12 (store ?x6 ?x11 0)))
 (let ((?x18 (store ?x12 ?x11 (+ (select ?x12 ?x11) 1))))
 (let ((?x20 (store ?x18 ?x10 (select ?x18 ?x11))))
 (let ((?x24 (store ?x20 ?x21 (+ (select ?x20 ?x11) 1))))
 (let ((?x25 (select ?x24 ?x21)))
 (let ((?x29 (store ?x24 ?x21 (+ ?x25 1))))
 (let ((?x30 (select ?x29 ?x21)))
 (let ((?x48 (store ?x29 ?x21 (+ ?x30 1))))
 (let ((?x49 (select ?x48 ?x21)))
 (let ((?x65 (store ?x48 ?x10 ?x49)))
 (let ((?x66 (select ?x65 ?x21)))
 (let ((?x70 (store ?x65 ?x21 (+ ?x66 1))))
 (let ((?x71 (select ?x70 ?x21)))
 (let ((?x87 (store ?x70 ?x10 ?x71)))
 (let ((?x88 (select ?x87 ?x21)))
 (let ((?x93 (store ?x87 ?x21 (+ ?x88 1))))
 (let ((?x98 (select ?x93 ?x10)))
 (and (<= 0 ?x98) (< ?x98 1)))))))))))))))))))))))))
(assert
 (let ((?x8 (+ 0 5)))
 (let ((?x10 (+ ?x8 1)))
 (let ((?x11 (+ ?x10 1)))
 (let ((?x21 (+ ?x11 1)))
 (let ((?x6 ((as const (Array Int Int)) 0)))
 (let ((?x12 (store ?x6 ?x11 0)))
 (let ((?x18 (store ?x12 ?x11 (+ (select ?x12 ?x11) 1))))
 (let ((?x20 (store ?x18 ?x10 (select ?x18 ?x11))))
 (let ((?x24 (store ?x20 ?x21 (+ (select ?x20 ?x11) 1))))
 (let ((?x25 (select ?x24 ?x21)))
 (let ((?x29 (store ?x24 ?x21 (+ ?x25 1))))
 (let ((?x30 (select ?x29 ?x21)))
 (let ((?x48 (store ?x29 ?x21 (+ ?x30 1))))
 (let ((?x49 (select ?x48 ?x21)))
 (let ((?x65 (store ?x48 ?x10 ?x49)))
 (let ((?x66 (select ?x65 ?x21)))
 (let ((?x70 (store ?x65 ?x21 (+ ?x66 1))))
 (let ((?x71 (select ?x70 ?x21)))
 (let ((?x87 (store ?x70 ?x10 ?x71)))
 (let ((?x88 (select ?x87 ?x21)))
 (let ((?x93 (store ?x87 ?x21 (+ ?x88 1))))
 (let ((?x94 (select ?x93 ?x11)))
 (and (<= 0 ?x94) (< ?x94 1)))))))))))))))))))))))))
(assert
 (let ((?x8 (+ 0 5)))
 (let ((?x10 (+ ?x8 1)))
 (let ((?x11 (+ ?x10 1)))
 (let ((?x21 (+ ?x11 1)))
 (let ((?x6 ((as const (Array Int Int)) 0)))
 (let ((?x12 (store ?x6 ?x11 0)))
 (let ((?x18 (store ?x12 ?x11 (+ (select ?x12 ?x11) 1))))
 (let ((?x20 (store ?x18 ?x10 (select ?x18 ?x11))))
 (let ((?x24 (store ?x20 ?x21 (+ (select ?x20 ?x11) 1))))
 (let ((?x25 (select ?x24 ?x21)))
 (let ((?x29 (store ?x24 ?x21 (+ ?x25 1))))
 (let ((?x30 (select ?x29 ?x21)))
 (let ((?x48 (store ?x29 ?x21 (+ ?x30 1))))
 (let ((?x49 (select ?x48 ?x21)))
 (let ((?x65 (store ?x48 ?x10 ?x49)))
 (let ((?x66 (select ?x65 ?x21)))
 (let ((?x70 (store ?x65 ?x21 (+ ?x66 1))))
 (let ((?x71 (select ?x70 ?x21)))
 (let ((?x87 (store ?x70 ?x10 ?x71)))
 (let ((?x88 (select ?x87 ?x21)))
 (let ((?x93 (store ?x87 ?x21 (+ ?x88 1))))
 (let ((?x94 (select ?x93 ?x11)))
 (and (<= 0 ?x94) (< ?x94 1)))))))))))))))))))))))))
(assert
 (let ((?x8 (+ 0 5)))
 (let ((?x10 (+ ?x8 1)))
 (let ((?x11 (+ ?x10 1)))
 (let ((?x21 (+ ?x11 1)))
 (let ((?x6 ((as const (Array Int Int)) 0)))
 (let ((?x12 (store ?x6 ?x11 0)))
 (let ((?x18 (store ?x12 ?x11 (+ (select ?x12 ?x11) 1))))
 (let ((?x20 (store ?x18 ?x10 (select ?x18 ?x11))))
 (let ((?x24 (store ?x20 ?x21 (+ (select ?x20 ?x11) 1))))
 (let ((?x25 (select ?x24 ?x21)))
 (let ((?x29 (store ?x24 ?x21 (+ ?x25 1))))
 (let ((?x30 (select ?x29 ?x21)))
 (let ((?x48 (store ?x29 ?x21 (+ ?x30 1))))
 (let ((?x49 (select ?x48 ?x21)))
 (let ((?x65 (store ?x48 ?x10 ?x49)))
 (let ((?x66 (select ?x65 ?x21)))
 (let ((?x70 (store ?x65 ?x21 (+ ?x66 1))))
 (let ((?x71 (select ?x70 ?x21)))
 (let ((?x87 (store ?x70 ?x10 ?x71)))
 (let ((?x88 (select ?x87 ?x21)))
 (let ((?x93 (store ?x87 ?x21 (+ ?x88 1))))
 (let ((?x94 (select ?x93 ?x11)))
 (let ((?x103 (+ 0 (* 1 ?x94))))
 (let ((?x104 (select ?x93 ?x103)))
 (let ((?x107 (select ?x93 (+ 0 (* 1 (select ?x93 ?x10))))))
 (let ((?x111 (store ?x93 ?x103 (+ ?x107 ?x104))))
 (let ((?x112 (select ?x111 ?x11)))
 (and (<= 0 ?x112) (< ?x112 1))))))))))))))))))))))))))))))
(assert
 (let ((?x8 (+ 0 5)))
 (let ((?x10 (+ ?x8 1)))
 (let ((?x11 (+ ?x10 1)))
 (let ((?x21 (+ ?x11 1)))
 (let ((?x6 ((as const (Array Int Int)) 0)))
 (let ((?x12 (store ?x6 ?x11 0)))
 (let ((?x18 (store ?x12 ?x11 (+ (select ?x12 ?x11) 1))))
 (let ((?x20 (store ?x18 ?x10 (select ?x18 ?x11))))
 (let ((?x24 (store ?x20 ?x21 (+ (select ?x20 ?x11) 1))))
 (let ((?x25 (select ?x24 ?x21)))
 (let ((?x29 (store ?x24 ?x21 (+ ?x25 1))))
 (let ((?x30 (select ?x29 ?x21)))
 (let ((?x48 (store ?x29 ?x21 (+ ?x30 1))))
 (let ((?x49 (select ?x48 ?x21)))
 (let ((?x65 (store ?x48 ?x10 ?x49)))
 (let ((?x66 (select ?x65 ?x21)))
 (let ((?x70 (store ?x65 ?x21 (+ ?x66 1))))
 (let ((?x71 (select ?x70 ?x21)))
 (let ((?x87 (store ?x70 ?x10 ?x71)))
 (let ((?x88 (select ?x87 ?x21)))
 (let ((?x93 (store ?x87 ?x21 (+ ?x88 1))))
 (let ((?x94 (select ?x93 ?x11)))
 (let ((?x103 (+ 0 (* 1 ?x94))))
 (let ((?x104 (select ?x93 ?x103)))
 (let ((?x107 (select ?x93 (+ 0 (* 1 (select ?x93 ?x10))))))
 (let ((?x111 (store ?x93 ?x103 (+ ?x107 ?x104))))
 (let ((?x116 (select ?x111 ?x10)))
 (and (<= 0 ?x116) (< ?x116 1))))))))))))))))))))))))))))))
(assert
 (let ((?x8 (+ 0 5)))
 (let ((?x10 (+ ?x8 1)))
 (let ((?x11 (+ ?x10 1)))
 (let ((?x21 (+ ?x11 1)))
 (let ((?x6 ((as const (Array Int Int)) 0)))
 (let ((?x12 (store ?x6 ?x11 0)))
 (let ((?x18 (store ?x12 ?x11 (+ (select ?x12 ?x11) 1))))
 (let ((?x20 (store ?x18 ?x10 (select ?x18 ?x11))))
 (let ((?x24 (store ?x20 ?x21 (+ (select ?x20 ?x11) 1))))
 (let ((?x25 (select ?x24 ?x21)))
 (let ((?x29 (store ?x24 ?x21 (+ ?x25 1))))
 (let ((?x30 (select ?x29 ?x21)))
 (let ((?x48 (store ?x29 ?x21 (+ ?x30 1))))
 (let ((?x49 (select ?x48 ?x21)))
 (let ((?x65 (store ?x48 ?x10 ?x49)))
 (let ((?x66 (select ?x65 ?x21)))
 (let ((?x70 (store ?x65 ?x21 (+ ?x66 1))))
 (let ((?x71 (select ?x70 ?x21)))
 (let ((?x87 (store ?x70 ?x10 ?x71)))
 (let ((?x88 (select ?x87 ?x21)))
 (let ((?x93 (store ?x87 ?x21 (+ ?x88 1))))
 (let ((?x94 (select ?x93 ?x11)))
 (let ((?x103 (+ 0 (* 1 ?x94))))
 (let ((?x104 (select ?x93 ?x103)))
 (let ((?x107 (select ?x93 (+ 0 (* 1 (select ?x93 ?x10))))))
 (let ((?x111 (store ?x93 ?x103 (+ ?x107 ?x104))))
 (let ((?x116 (select ?x111 ?x10)))
 (and (<= 0 ?x116) (< ?x116 1))))))))))))))))))))))))))))))
(assert
 (let ((?x8 (+ 0 5)))
 (let ((?x10 (+ ?x8 1)))
 (let ((?x11 (+ ?x10 1)))
 (let ((?x21 (+ ?x11 1)))
 (let ((?x6 ((as const (Array Int Int)) 0)))
 (let ((?x12 (store ?x6 ?x11 0)))
 (let ((?x18 (store ?x12 ?x11 (+ (select ?x12 ?x11) 1))))
 (let ((?x20 (store ?x18 ?x10 (select ?x18 ?x11))))
 (let ((?x24 (store ?x20 ?x21 (+ (select ?x20 ?x11) 1))))
 (let ((?x25 (select ?x24 ?x21)))
 (let ((?x29 (store ?x24 ?x21 (+ ?x25 1))))
 (let ((?x30 (select ?x29 ?x21)))
 (let ((?x48 (store ?x29 ?x21 (+ ?x30 1))))
 (let ((?x49 (select ?x48 ?x21)))
 (let ((?x65 (store ?x48 ?x10 ?x49)))
 (let ((?x66 (select ?x65 ?x21)))
 (let ((?x70 (store ?x65 ?x21 (+ ?x66 1))))
 (let ((?x71 (select ?x70 ?x21)))
 (let ((?x87 (store ?x70 ?x10 ?x71)))
 (let ((?x88 (select ?x87 ?x21)))
 (let ((?x93 (store ?x87 ?x21 (+ ?x88 1))))
 (let ((?x94 (select ?x93 ?x11)))
 (let ((?x103 (+ 0 (* 1 ?x94))))
 (let ((?x104 (select ?x93 ?x103)))
 (let ((?x107 (select ?x93 (+ 0 (* 1 (select ?x93 ?x10))))))
 (let ((?x111 (store ?x93 ?x103 (+ ?x107 ?x104))))
 (let ((?x116 (select ?x111 ?x10)))
 (let ((?x121 (+ 0 (* 1 ?x116))))
 (let ((?x126 (- (select ?x111 (+ 0 (* 1 (select ?x111 ?x11)))) (select ?x111 ?x121))))
 (let ((?x127 (store ?x111 ?x121 ?x126)))
 (let ((?x128 (select ?x127 ?x11)))
 (and (<= 0 ?x128) (< ?x128 1))))))))))))))))))))))))))))))))))
(assert
 (let ((?x8 (+ 0 5)))
 (let ((?x10 (+ ?x8 1)))
 (let ((?x11 (+ ?x10 1)))
 (let ((?x21 (+ ?x11 1)))
 (let ((?x6 ((as const (Array Int Int)) 0)))
 (let ((?x12 (store ?x6 ?x11 0)))
 (let ((?x18 (store ?x12 ?x11 (+ (select ?x12 ?x11) 1))))
 (let ((?x20 (store ?x18 ?x10 (select ?x18 ?x11))))
 (let ((?x24 (store ?x20 ?x21 (+ (select ?x20 ?x11) 1))))
 (let ((?x25 (select ?x24 ?x21)))
 (let ((?x29 (store ?x24 ?x21 (+ ?x25 1))))
 (let ((?x30 (select ?x29 ?x21)))
 (let ((?x48 (store ?x29 ?x21 (+ ?x30 1))))
 (let ((?x49 (select ?x48 ?x21)))
 (let ((?x65 (store ?x48 ?x10 ?x49)))
 (let ((?x66 (select ?x65 ?x21)))
 (let ((?x70 (store ?x65 ?x21 (+ ?x66 1))))
 (let ((?x71 (select ?x70 ?x21)))
 (let ((?x87 (store ?x70 ?x10 ?x71)))
 (let ((?x88 (select ?x87 ?x21)))
 (let ((?x93 (store ?x87 ?x21 (+ ?x88 1))))
 (let ((?x94 (select ?x93 ?x11)))
 (let ((?x103 (+ 0 (* 1 ?x94))))
 (let ((?x104 (select ?x93 ?x103)))
 (let ((?x107 (select ?x93 (+ 0 (* 1 (select ?x93 ?x10))))))
 (let ((?x111 (store ?x93 ?x103 (+ ?x107 ?x104))))
 (let ((?x116 (select ?x111 ?x10)))
 (let ((?x121 (+ 0 (* 1 ?x116))))
 (let ((?x126 (- (select ?x111 (+ 0 (* 1 (select ?x111 ?x11)))) (select ?x111 ?x121))))
 (let ((?x127 (store ?x111 ?x121 ?x126)))
 (let ((?x132 (select ?x127 ?x10)))
 (and (<= 0 ?x132) (< ?x132 1))))))))))))))))))))))))))))))))))
(assert
 (let ((?x8 (+ 0 5)))
 (let ((?x10 (+ ?x8 1)))
 (let ((?x11 (+ ?x10 1)))
 (let ((?x21 (+ ?x11 1)))
 (let ((?x6 ((as const (Array Int Int)) 0)))
 (let ((?x12 (store ?x6 ?x11 0)))
 (let ((?x18 (store ?x12 ?x11 (+ (select ?x12 ?x11) 1))))
 (let ((?x20 (store ?x18 ?x10 (select ?x18 ?x11))))
 (let ((?x24 (store ?x20 ?x21 (+ (select ?x20 ?x11) 1))))
 (let ((?x25 (select ?x24 ?x21)))
 (let ((?x29 (store ?x24 ?x21 (+ ?x25 1))))
 (let ((?x30 (select ?x29 ?x21)))
 (let ((?x48 (store ?x29 ?x21 (+ ?x30 1))))
 (let ((?x49 (select ?x48 ?x21)))
 (let ((?x65 (store ?x48 ?x10 ?x49)))
 (let ((?x66 (select ?x65 ?x21)))
 (let ((?x70 (store ?x65 ?x21 (+ ?x66 1))))
 (let ((?x71 (select ?x70 ?x21)))
 (let ((?x87 (store ?x70 ?x10 ?x71)))
 (let ((?x88 (select ?x87 ?x21)))
 (let ((?x93 (store ?x87 ?x21 (+ ?x88 1))))
 (let ((?x94 (select ?x93 ?x11)))
 (let ((?x103 (+ 0 (* 1 ?x94))))
 (let ((?x104 (select ?x93 ?x103)))
 (let ((?x107 (select ?x93 (+ 0 (* 1 (select ?x93 ?x10))))))
 (let ((?x111 (store ?x93 ?x103 (+ ?x107 ?x104))))
 (let ((?x116 (select ?x111 ?x10)))
 (let ((?x121 (+ 0 (* 1 ?x116))))
 (let ((?x126 (- (select ?x111 (+ 0 (* 1 (select ?x111 ?x11)))) (select ?x111 ?x121))))
 (let ((?x127 (store ?x111 ?x121 ?x126)))
 (let ((?x128 (select ?x127 ?x11)))
 (and (<= 0 ?x128) (< ?x128 1))))))))))))))))))))))))))))))))))
(check-sat)

[mem]:17
Path:int data[5];
int n;
int min;
int i=0;
@(i<n-1);
i=i+1;
int i=0;
min=i;
int j=i+1;
@(j<n);
j=j+1;
int j=i+1;
@(!(data[j]<data[min]));

min=j;

@(j<n);
j=j+1;
int j=i+1;
@(data[j]<data[min]);

@(j<n);
j=j+1;
int j=i+1;
@(data[j]<data[min]);

@(!(j<n));
j=j+1;

@(data[i]!=data[min]);

data[i]=data[min]+data[i];
data[min]=data[i]-data[min];
data[i]=data[i]-data[min];

warning: a declaration with the name "i" already exists!
warning: a declaration with the name "j" already exists!
warning: a declaration with the name "j" already exists!
warning: a declaration with the name "j" already exists!
debug:solver.cpp:60: input is a c0 path.
debug:solver.cpp:60: input is a c0 path.
infeasible!!!
SMT2:; 
(set-info :status unknown)
(assert
 (let ((?x8 (+ 0 5)))
 (let ((?x10 (+ ?x8 1)))
 (let ((?x11 (+ ?x10 1)))
 (let ((?x6 ((as const (Array Int Int)) 0)))
 (let ((?x12 (store ?x6 ?x11 0)))
 (let ((?x13 (select ?x12 ?x11)))
 (< ?x13 (- (select ?x12 ?x8) 1)))))))))
(assert
 (let ((?x8 (+ 0 5)))
 (let ((?x10 (+ ?x8 1)))
 (let ((?x11 (+ ?x10 1)))
 (let ((?x6 ((as const (Array Int Int)) 0)))
 (let ((?x12 (store ?x6 ?x11 0)))
 (let ((?x18 (store ?x12 ?x11 (+ (select ?x12 ?x11) 1))))
 (let ((?x20 (store ?x18 ?x10 (select ?x18 ?x11))))
 (let ((?x21 (+ ?x11 1)))
 (let ((?x24 (store ?x20 ?x21 (+ (select ?x20 ?x11) 1))))
 (let ((?x25 (select ?x24 ?x21)))
 (< ?x25 (select ?x24 ?x8)))))))))))))
(assert
 (let ((?x8 (+ 0 5)))
 (let ((?x10 (+ ?x8 1)))
 (let ((?x11 (+ ?x10 1)))
 (let ((?x21 (+ ?x11 1)))
 (let ((?x6 ((as const (Array Int Int)) 0)))
 (let ((?x12 (store ?x6 ?x11 0)))
 (let ((?x18 (store ?x12 ?x11 (+ (select ?x12 ?x11) 1))))
 (let ((?x20 (store ?x18 ?x10 (select ?x18 ?x11))))
 (let ((?x24 (store ?x20 ?x21 (+ (select ?x20 ?x11) 1))))
 (let ((?x25 (select ?x24 ?x21)))
 (let ((?x29 (store ?x24 ?x21 (+ ?x25 1))))
 (let ((?x30 (select ?x29 ?x21)))
 (and (<= 0 ?x30) (< ?x30 1)))))))))))))))
(assert
 (let ((?x8 (+ 0 5)))
 (let ((?x10 (+ ?x8 1)))
 (let ((?x11 (+ ?x10 1)))
 (let ((?x21 (+ ?x11 1)))
 (let ((?x6 ((as const (Array Int Int)) 0)))
 (let ((?x12 (store ?x6 ?x11 0)))
 (let ((?x18 (store ?x12 ?x11 (+ (select ?x12 ?x11) 1))))
 (let ((?x20 (store ?x18 ?x10 (select ?x18 ?x11))))
 (let ((?x24 (store ?x20 ?x21 (+ (select ?x20 ?x11) 1))))
 (let ((?x25 (select ?x24 ?x21)))
 (let ((?x29 (store ?x24 ?x21 (+ ?x25 1))))
 (let ((?x34 (select ?x29 ?x10)))
 (and (<= 0 ?x34) (< ?x34 1)))))))))))))))
(assert
 (let ((?x8 (+ 0 5)))
 (let ((?x10 (+ ?x8 1)))
 (let ((?x11 (+ ?x10 1)))
 (let ((?x21 (+ ?x11 1)))
 (let ((?x6 ((as const (Array Int Int)) 0)))
 (let ((?x12 (store ?x6 ?x11 0)))
 (let ((?x18 (store ?x12 ?x11 (+ (select ?x12 ?x11) 1))))
 (let ((?x20 (store ?x18 ?x10 (select ?x18 ?x11))))
 (let ((?x24 (store ?x20 ?x21 (+ (select ?x20 ?x11) 1))))
 (let ((?x25 (select ?x24 ?x21)))
 (let ((?x29 (store ?x24 ?x21 (+ ?x25 1))))
 (let ((?x34 (select ?x29 ?x10)))
 (let (($x44 (< (select ?x29 (+ 0 (* 1 (select ?x29 ?x21)))) (select ?x29 (+ 0 (* 1 ?x34))))))
 (not $x44)))))))))))))))
(assert
 (let ((?x8 (+ 0 5)))
 (let ((?x10 (+ ?x8 1)))
 (let ((?x11 (+ ?x10 1)))
 (let ((?x21 (+ ?x11 1)))
 (let ((?x6 ((as const (Array Int Int)) 0)))
 (let ((?x12 (store ?x6 ?x11 0)))
 (let ((?x18 (store ?x12 ?x11 (+ (select ?x12 ?x11) 1))))
 (let ((?x20 (store ?x18 ?x10 (select ?x18 ?x11))))
 (let ((?x24 (store ?x20 ?x21 (+ (select ?x20 ?x11) 1))))
 (let ((?x25 (select ?x24 ?x21)))
 (let ((?x29 (store ?x24 ?x21 (+ ?x25 1))))
 (let ((?x30 (select ?x29 ?x21)))
 (let ((?x46 (store ?x29 ?x10 ?x30)))
 (let ((?x47 (select ?x46 ?x21)))
 (< ?x47 (select ?x46 ?x8)))))))))))))))))
(assert
 (let ((?x8 (+ 0 5)))
 (let ((?x10 (+ ?x8 1)))
 (let ((?x11 (+ ?x10 1)))
 (let ((?x21 (+ ?x11 1)))
 (let ((?x6 ((as const (Array Int Int)) 0)))
 (let ((?x12 (store ?x6 ?x11 0)))
 (let ((?x18 (store ?x12 ?x11 (+ (select ?x12 ?x11) 1))))
 (let ((?x20 (store ?x18 ?x10 (select ?x18 ?x11))))
 (let ((?x24 (store ?x20 ?x21 (+ (select ?x20 ?x11) 1))))
 (let ((?x25 (select ?x24 ?x21)))
 (let ((?x29 (store ?x24 ?x21 (+ ?x25 1))))
 (let ((?x30 (select ?x29 ?x21)))
 (let ((?x46 (store ?x29 ?x10 ?x30)))
 (let ((?x47 (select ?x46 ?x21)))
 (let ((?x51 (store ?x46 ?x21 (+ ?x47 1))))
 (let ((?x52 (select ?x51 ?x21)))
 (and (<= 0 ?x52) (< ?x52 1)))))))))))))))))))
(assert
 (let ((?x8 (+ 0 5)))
 (let ((?x10 (+ ?x8 1)))
 (let ((?x11 (+ ?x10 1)))
 (let ((?x21 (+ ?x11 1)))
 (let ((?x6 ((as const (Array Int Int)) 0)))
 (let ((?x12 (store ?x6 ?x11 0)))
 (let ((?x18 (store ?x12 ?x11 (+ (select ?x12 ?x11) 1))))
 (let ((?x20 (store ?x18 ?x10 (select ?x18 ?x11))))
 (let ((?x24 (store ?x20 ?x21 (+ (select ?x20 ?x11) 1))))
 (let ((?x25 (select ?x24 ?x21)))
 (let ((?x29 (store ?x24 ?x21 (+ ?x25 1))))
 (let ((?x30 (select ?x29 ?x21)))
 (let ((?x46 (store ?x29 ?x10 ?x30)))
 (let ((?x47 (select ?x46 ?x21)))
 (let ((?x51 (store ?x46 ?x21 (+ ?x47 1))))
 (let ((?x56 (select ?x51 ?x10)))
 (and (<= 0 ?x56) (< ?x56 1)))))))))))))))))))
(assert
 (let ((?x8 (+ 0 5)))
 (let ((?x10 (+ ?x8 1)))
 (let ((?x11 (+ ?x10 1)))
 (let ((?x21 (+ ?x11 1)))
 (let ((?x6 ((as const (Array Int Int)) 0)))
 (let ((?x12 (store ?x6 ?x11 0)))
 (let ((?x18 (store ?x12 ?x11 (+ (select ?x12 ?x11) 1))))
 (let ((?x20 (store ?x18 ?x10 (select ?x18 ?x11))))
 (let ((?x24 (store ?x20 ?x21 (+ (select ?x20 ?x11) 1))))
 (let ((?x25 (select ?x24 ?x21)))
 (let ((?x29 (store ?x24 ?x21 (+ ?x25 1))))
 (let ((?x30 (select ?x29 ?x21)))
 (let ((?x46 (store ?x29 ?x10 ?x30)))
 (let ((?x47 (select ?x46 ?x21)))
 (let ((?x51 (store ?x46 ?x21 (+ ?x47 1))))
 (let ((?x56 (select ?x51 ?x10)))
 (< (select ?x51 (+ 0 (* 1 (select ?x51 ?x21)))) (select ?x51 (+ 0 (* 1 ?x56)))))))))))))))))))))
(assert
 (let ((?x8 (+ 0 5)))
 (let ((?x10 (+ ?x8 1)))
 (let ((?x11 (+ ?x10 1)))
 (let ((?x21 (+ ?x11 1)))
 (let ((?x6 ((as const (Array Int Int)) 0)))
 (let ((?x12 (store ?x6 ?x11 0)))
 (let ((?x18 (store ?x12 ?x11 (+ (select ?x12 ?x11) 1))))
 (let ((?x20 (store ?x18 ?x10 (select ?x18 ?x11))))
 (let ((?x24 (store ?x20 ?x21 (+ (select ?x20 ?x11) 1))))
 (let ((?x25 (select ?x24 ?x21)))
 (let ((?x29 (store ?x24 ?x21 (+ ?x25 1))))
 (let ((?x30 (select ?x29 ?x21)))
 (let ((?x46 (store ?x29 ?x10 ?x30)))
 (let ((?x47 (select ?x46 ?x21)))
 (let ((?x51 (store ?x46 ?x21 (+ ?x47 1))))
 (let ((?x52 (select ?x51 ?x21)))
 (< ?x52 (select ?x51 ?x8)))))))))))))))))))
(assert
 (let ((?x8 (+ 0 5)))
 (let ((?x10 (+ ?x8 1)))
 (let ((?x11 (+ ?x10 1)))
 (let ((?x21 (+ ?x11 1)))
 (let ((?x6 ((as const (Array Int Int)) 0)))
 (let ((?x12 (store ?x6 ?x11 0)))
 (let ((?x18 (store ?x12 ?x11 (+ (select ?x12 ?x11) 1))))
 (let ((?x20 (store ?x18 ?x10 (select ?x18 ?x11))))
 (let ((?x24 (store ?x20 ?x21 (+ (select ?x20 ?x11) 1))))
 (let ((?x25 (select ?x24 ?x21)))
 (let ((?x29 (store ?x24 ?x21 (+ ?x25 1))))
 (let ((?x30 (select ?x29 ?x21)))
 (let ((?x46 (store ?x29 ?x10 ?x30)))
 (let ((?x47 (select ?x46 ?x21)))
 (let ((?x51 (store ?x46 ?x21 (+ ?x47 1))))
 (let ((?x52 (select ?x51 ?x21)))
 (let ((?x70 (store ?x51 ?x21 (+ ?x52 1))))
 (let ((?x71 (select ?x70 ?x21)))
 (and (<= 0 ?x71) (< ?x71 1)))))))))))))))))))))
(assert
 (let ((?x8 (+ 0 5)))
 (let ((?x10 (+ ?x8 1)))
 (let ((?x11 (+ ?x10 1)))
 (let ((?x21 (+ ?x11 1)))
 (let ((?x6 ((as const (Array Int Int)) 0)))
 (let ((?x12 (store ?x6 ?x11 0)))
 (let ((?x18 (store ?x12 ?x11 (+ (select ?x12 ?x11) 1))))
 (let ((?x20 (store ?x18 ?x10 (select ?x18 ?x11))))
 (let ((?x24 (store ?x20 ?x21 (+ (select ?x20 ?x11) 1))))
 (let ((?x25 (select ?x24 ?x21)))
 (let ((?x29 (store ?x24 ?x21 (+ ?x25 1))))
 (let ((?x30 (select ?x29 ?x21)))
 (let ((?x46 (store ?x29 ?x10 ?x30)))
 (let ((?x47 (select ?x46 ?x21)))
 (let ((?x51 (store ?x46 ?x21 (+ ?x47 1))))
 (let ((?x52 (select ?x51 ?x21)))
 (let ((?x70 (store ?x51 ?x21 (+ ?x52 1))))
 (let ((?x75 (select ?x70 ?x10)))
 (and (<= 0 ?x75) (< ?x75 1)))))))))))))))))))))
(assert
 (let ((?x8 (+ 0 5)))
 (let ((?x10 (+ ?x8 1)))
 (let ((?x11 (+ ?x10 1)))
 (let ((?x21 (+ ?x11 1)))
 (let ((?x6 ((as const (Array Int Int)) 0)))
 (let ((?x12 (store ?x6 ?x11 0)))
 (let ((?x18 (store ?x12 ?x11 (+ (select ?x12 ?x11) 1))))
 (let ((?x20 (store ?x18 ?x10 (select ?x18 ?x11))))
 (let ((?x24 (store ?x20 ?x21 (+ (select ?x20 ?x11) 1))))
 (let ((?x25 (select ?x24 ?x21)))
 (let ((?x29 (store ?x24 ?x21 (+ ?x25 1))))
 (let ((?x30 (select ?x29 ?x21)))
 (let ((?x46 (store ?x29 ?x10 ?x30)))
 (let ((?x47 (select ?x46 ?x21)))
 (let ((?x51 (store ?x46 ?x21 (+ ?x47 1))))
 (let ((?x52 (select ?x51 ?x21)))
 (let ((?x70 (store ?x51 ?x21 (+ ?x52 1))))
 (let ((?x75 (select ?x70 ?x10)))
 (< (select ?x70 (+ 0 (* 1 (select ?x70 ?x21)))) (select ?x70 (+ 0 (* 1 ?x75)))))))))))))))))))))))
(assert
 (let ((?x8 (+ 0 5)))
 (let ((?x10 (+ ?x8 1)))
 (let ((?x11 (+ ?x10 1)))
 (let ((?x21 (+ ?x11 1)))
 (let ((?x6 ((as const (Array Int Int)) 0)))
 (let ((?x12 (store ?x6 ?x11 0)))
 (let ((?x18 (store ?x12 ?x11 (+ (select ?x12 ?x11) 1))))
 (let ((?x20 (store ?x18 ?x10 (select ?x18 ?x11))))
 (let ((?x24 (store ?x20 ?x21 (+ (select ?x20 ?x11) 1))))
 (let ((?x25 (select ?x24 ?x21)))
 (let ((?x29 (store ?x24 ?x21 (+ ?x25 1))))
 (let ((?x30 (select ?x29 ?x21)))
 (let ((?x46 (store ?x29 ?x10 ?x30)))
 (let ((?x47 (select ?x46 ?x21)))
 (let ((?x51 (store ?x46 ?x21 (+ ?x47 1))))
 (let ((?x52 (select ?x51 ?x21)))
 (let ((?x70 (store ?x51 ?x21 (+ ?x52 1))))
 (let ((?x71 (select ?x70 ?x21)))
 (not (< ?x71 (select ?x70 ?x8))))))))))))))))))))))
(assert
 (let ((?x8 (+ 0 5)))
 (let ((?x10 (+ ?x8 1)))
 (let ((?x11 (+ ?x10 1)))
 (let ((?x21 (+ ?x11 1)))
 (let ((?x6 ((as const (Array Int Int)) 0)))
 (let ((?x12 (store ?x6 ?x11 0)))
 (let ((?x18 (store ?x12 ?x11 (+ (select ?x12 ?x11) 1))))
 (let ((?x20 (store ?x18 ?x10 (select ?x18 ?x11))))
 (let ((?x24 (store ?x20 ?x21 (+ (select ?x20 ?x11) 1))))
 (let ((?x25 (select ?x24 ?x21)))
 (let ((?x29 (store ?x24 ?x21 (+ ?x25 1))))
 (let ((?x30 (select ?x29 ?x21)))
 (let ((?x46 (store ?x29 ?x10 ?x30)))
 (let ((?x47 (select ?x46 ?x21)))
 (let ((?x51 (store ?x46 ?x21 (+ ?x47 1))))
 (let ((?x52 (select ?x51 ?x21)))
 (let ((?x70 (store ?x51 ?x21 (+ ?x52 1))))
 (let ((?x71 (select ?x70 ?x21)))
 (let ((?x90 (store ?x70 ?x21 (+ ?x71 1))))
 (let ((?x91 (select ?x90 ?x11)))
 (and (<= 0 ?x91) (< ?x91 1)))))))))))))))))))))))
(assert
 (let ((?x8 (+ 0 5)))
 (let ((?x10 (+ ?x8 1)))
 (let ((?x11 (+ ?x10 1)))
 (let ((?x21 (+ ?x11 1)))
 (let ((?x6 ((as const (Array Int Int)) 0)))
 (let ((?x12 (store ?x6 ?x11 0)))
 (let ((?x18 (store ?x12 ?x11 (+ (select ?x12 ?x11) 1))))
 (let ((?x20 (store ?x18 ?x10 (select ?x18 ?x11))))
 (let ((?x24 (store ?x20 ?x21 (+ (select ?x20 ?x11) 1))))
 (let ((?x25 (select ?x24 ?x21)))
 (let ((?x29 (store ?x24 ?x21 (+ ?x25 1))))
 (let ((?x30 (select ?x29 ?x21)))
 (let ((?x46 (store ?x29 ?x10 ?x30)))
 (let ((?x47 (select ?x46 ?x21)))
 (let ((?x51 (store ?x46 ?x21 (+ ?x47 1))))
 (let ((?x52 (select ?x51 ?x21)))
 (let ((?x70 (store ?x51 ?x21 (+ ?x52 1))))
 (let ((?x71 (select ?x70 ?x21)))
 (let ((?x90 (store ?x70 ?x21 (+ ?x71 1))))
 (let ((?x95 (select ?x90 ?x10)))
 (and (<= 0 ?x95) (< ?x95 1)))))))))))))))))))))))
(assert
 (let ((?x8 (+ 0 5)))
 (let ((?x10 (+ ?x8 1)))
 (let ((?x11 (+ ?x10 1)))
 (let ((?x21 (+ ?x11 1)))
 (let ((?x6 ((as const (Array Int Int)) 0)))
 (let ((?x12 (store ?x6 ?x11 0)))
 (let ((?x18 (store ?x12 ?x11 (+ (select ?x12 ?x11) 1))))
 (let ((?x20 (store ?x18 ?x10 (select ?x18 ?x11))))
 (let ((?x24 (store ?x20 ?x21 (+ (select ?x20 ?x11) 1))))
 (let ((?x25 (select ?x24 ?x21)))
 (let ((?x29 (store ?x24 ?x21 (+ ?x25 1))))
 (let ((?x30 (select ?x29 ?x21)))
 (let ((?x46 (store ?x29 ?x10 ?x30)))
 (let ((?x47 (select ?x46 ?x21)))
 (let ((?x51 (store ?x46 ?x21 (+ ?x47 1))))
 (let ((?x52 (select ?x51 ?x21)))
 (let ((?x70 (store ?x51 ?x21 (+ ?x52 1))))
 (let ((?x71 (select ?x70 ?x21)))
 (let ((?x90 (store ?x70 ?x21 (+ ?x71 1))))
 (let ((?x95 (select ?x90 ?x10)))
 (let ((?x104 (select ?x90 (+ 0 (* 1 ?x95)))))
 (let ((?x100 (+ 0 (* 1 (select ?x90 ?x11)))))
 (let ((?x101 (select ?x90 ?x100)))
 (and (distinct ?x101 ?x104) true)))))))))))))))))))))))))
(assert
 (let ((?x8 (+ 0 5)))
 (let ((?x10 (+ ?x8 1)))
 (let ((?x11 (+ ?x10 1)))
 (let ((?x21 (+ ?x11 1)))
 (let ((?x6 ((as const (Array Int Int)) 0)))
 (let ((?x12 (store ?x6 ?x11 0)))
 (let ((?x18 (store ?x12 ?x11 (+ (select ?x12 ?x11) 1))))
 (let ((?x20 (store ?x18 ?x10 (select ?x18 ?x11))))
 (let ((?x24 (store ?x20 ?x21 (+ (select ?x20 ?x11) 1))))
 (let ((?x25 (select ?x24 ?x21)))
 (let ((?x29 (store ?x24 ?x21 (+ ?x25 1))))
 (let ((?x30 (select ?x29 ?x21)))
 (let ((?x46 (store ?x29 ?x10 ?x30)))
 (let ((?x47 (select ?x46 ?x21)))
 (let ((?x51 (store ?x46 ?x21 (+ ?x47 1))))
 (let ((?x52 (select ?x51 ?x21)))
 (let ((?x70 (store ?x51 ?x21 (+ ?x52 1))))
 (let ((?x71 (select ?x70 ?x21)))
 (let ((?x90 (store ?x70 ?x21 (+ ?x71 1))))
 (let ((?x95 (select ?x90 ?x10)))
 (and (<= 0 ?x95) (< ?x95 1)))))))))))))))))))))))
(assert
 (let ((?x8 (+ 0 5)))
 (let ((?x10 (+ ?x8 1)))
 (let ((?x11 (+ ?x10 1)))
 (let ((?x21 (+ ?x11 1)))
 (let ((?x6 ((as const (Array Int Int)) 0)))
 (let ((?x12 (store ?x6 ?x11 0)))
 (let ((?x18 (store ?x12 ?x11 (+ (select ?x12 ?x11) 1))))
 (let ((?x20 (store ?x18 ?x10 (select ?x18 ?x11))))
 (let ((?x24 (store ?x20 ?x21 (+ (select ?x20 ?x11) 1))))
 (let ((?x25 (select ?x24 ?x21)))
 (let ((?x29 (store ?x24 ?x21 (+ ?x25 1))))
 (let ((?x30 (select ?x29 ?x21)))
 (let ((?x46 (store ?x29 ?x10 ?x30)))
 (let ((?x47 (select ?x46 ?x21)))
 (let ((?x51 (store ?x46 ?x21 (+ ?x47 1))))
 (let ((?x52 (select ?x51 ?x21)))
 (let ((?x70 (store ?x51 ?x21 (+ ?x52 1))))
 (let ((?x71 (select ?x70 ?x21)))
 (let ((?x90 (store ?x70 ?x21 (+ ?x71 1))))
 (let ((?x91 (select ?x90 ?x11)))
 (and (<= 0 ?x91) (< ?x91 1)))))))))))))))))))))))
(assert
 (let ((?x8 (+ 0 5)))
 (let ((?x10 (+ ?x8 1)))
 (let ((?x11 (+ ?x10 1)))
 (let ((?x21 (+ ?x11 1)))
 (let ((?x6 ((as const (Array Int Int)) 0)))
 (let ((?x12 (store ?x6 ?x11 0)))
 (let ((?x18 (store ?x12 ?x11 (+ (select ?x12 ?x11) 1))))
 (let ((?x20 (store ?x18 ?x10 (select ?x18 ?x11))))
 (let ((?x24 (store ?x20 ?x21 (+ (select ?x20 ?x11) 1))))
 (let ((?x25 (select ?x24 ?x21)))
 (let ((?x29 (store ?x24 ?x21 (+ ?x25 1))))
 (let ((?x30 (select ?x29 ?x21)))
 (let ((?x46 (store ?x29 ?x10 ?x30)))
 (let ((?x47 (select ?x46 ?x21)))
 (let ((?x51 (store ?x46 ?x21 (+ ?x47 1))))
 (let ((?x52 (select ?x51 ?x21)))
 (let ((?x70 (store ?x51 ?x21 (+ ?x52 1))))
 (let ((?x71 (select ?x70 ?x21)))
 (let ((?x90 (store ?x70 ?x21 (+ ?x71 1))))
 (let ((?x91 (select ?x90 ?x11)))
 (and (<= 0 ?x91) (< ?x91 1)))))))))))))))))))))))
(assert
 (let ((?x8 (+ 0 5)))
 (let ((?x10 (+ ?x8 1)))
 (let ((?x11 (+ ?x10 1)))
 (let ((?x21 (+ ?x11 1)))
 (let ((?x6 ((as const (Array Int Int)) 0)))
 (let ((?x12 (store ?x6 ?x11 0)))
 (let ((?x18 (store ?x12 ?x11 (+ (select ?x12 ?x11) 1))))
 (let ((?x20 (store ?x18 ?x10 (select ?x18 ?x11))))
 (let ((?x24 (store ?x20 ?x21 (+ (select ?x20 ?x11) 1))))
 (let ((?x25 (select ?x24 ?x21)))
 (let ((?x29 (store ?x24 ?x21 (+ ?x25 1))))
 (let ((?x30 (select ?x29 ?x21)))
 (let ((?x46 (store ?x29 ?x10 ?x30)))
 (let ((?x47 (select ?x46 ?x21)))
 (let ((?x51 (store ?x46 ?x21 (+ ?x47 1))))
 (let ((?x52 (select ?x51 ?x21)))
 (let ((?x70 (store ?x51 ?x21 (+ ?x52 1))))
 (let ((?x71 (select ?x70 ?x21)))
 (let ((?x90 (store ?x70 ?x21 (+ ?x71 1))))
 (let ((?x91 (select ?x90 ?x11)))
 (let ((?x100 (+ 0 (* 1 ?x91))))
 (let ((?x101 (select ?x90 ?x100)))
 (let ((?x104 (select ?x90 (+ 0 (* 1 (select ?x90 ?x10))))))
 (let ((?x107 (store ?x90 ?x100 (+ ?x104 ?x101))))
 (let ((?x108 (select ?x107 ?x11)))
 (and (<= 0 ?x108) (< ?x108 1))))))))))))))))))))))))))))
(assert
 (let ((?x8 (+ 0 5)))
 (let ((?x10 (+ ?x8 1)))
 (let ((?x11 (+ ?x10 1)))
 (let ((?x21 (+ ?x11 1)))
 (let ((?x6 ((as const (Array Int Int)) 0)))
 (let ((?x12 (store ?x6 ?x11 0)))
 (let ((?x18 (store ?x12 ?x11 (+ (select ?x12 ?x11) 1))))
 (let ((?x20 (store ?x18 ?x10 (select ?x18 ?x11))))
 (let ((?x24 (store ?x20 ?x21 (+ (select ?x20 ?x11) 1))))
 (let ((?x25 (select ?x24 ?x21)))
 (let ((?x29 (store ?x24 ?x21 (+ ?x25 1))))
 (let ((?x30 (select ?x29 ?x21)))
 (let ((?x46 (store ?x29 ?x10 ?x30)))
 (let ((?x47 (select ?x46 ?x21)))
 (let ((?x51 (store ?x46 ?x21 (+ ?x47 1))))
 (let ((?x52 (select ?x51 ?x21)))
 (let ((?x70 (store ?x51 ?x21 (+ ?x52 1))))
 (let ((?x71 (select ?x70 ?x21)))
 (let ((?x90 (store ?x70 ?x21 (+ ?x71 1))))
 (let ((?x91 (select ?x90 ?x11)))
 (let ((?x100 (+ 0 (* 1 ?x91))))
 (let ((?x101 (select ?x90 ?x100)))
 (let ((?x104 (select ?x90 (+ 0 (* 1 (select ?x90 ?x10))))))
 (let ((?x107 (store ?x90 ?x100 (+ ?x104 ?x101))))
 (let ((?x112 (select ?x107 ?x10)))
 (and (<= 0 ?x112) (< ?x112 1))))))))))))))))))))))))))))
(assert
 (let ((?x8 (+ 0 5)))
 (let ((?x10 (+ ?x8 1)))
 (let ((?x11 (+ ?x10 1)))
 (let ((?x21 (+ ?x11 1)))
 (let ((?x6 ((as const (Array Int Int)) 0)))
 (let ((?x12 (store ?x6 ?x11 0)))
 (let ((?x18 (store ?x12 ?x11 (+ (select ?x12 ?x11) 1))))
 (let ((?x20 (store ?x18 ?x10 (select ?x18 ?x11))))
 (let ((?x24 (store ?x20 ?x21 (+ (select ?x20 ?x11) 1))))
 (let ((?x25 (select ?x24 ?x21)))
 (let ((?x29 (store ?x24 ?x21 (+ ?x25 1))))
 (let ((?x30 (select ?x29 ?x21)))
 (let ((?x46 (store ?x29 ?x10 ?x30)))
 (let ((?x47 (select ?x46 ?x21)))
 (let ((?x51 (store ?x46 ?x21 (+ ?x47 1))))
 (let ((?x52 (select ?x51 ?x21)))
 (let ((?x70 (store ?x51 ?x21 (+ ?x52 1))))
 (let ((?x71 (select ?x70 ?x21)))
 (let ((?x90 (store ?x70 ?x21 (+ ?x71 1))))
 (let ((?x91 (select ?x90 ?x11)))
 (let ((?x100 (+ 0 (* 1 ?x91))))
 (let ((?x101 (select ?x90 ?x100)))
 (let ((?x104 (select ?x90 (+ 0 (* 1 (select ?x90 ?x10))))))
 (let ((?x107 (store ?x90 ?x100 (+ ?x104 ?x101))))
 (let ((?x112 (select ?x107 ?x10)))
 (and (<= 0 ?x112) (< ?x112 1))))))))))))))))))))))))))))
(assert
 (let ((?x8 (+ 0 5)))
 (let ((?x10 (+ ?x8 1)))
 (let ((?x11 (+ ?x10 1)))
 (let ((?x21 (+ ?x11 1)))
 (let ((?x6 ((as const (Array Int Int)) 0)))
 (let ((?x12 (store ?x6 ?x11 0)))
 (let ((?x18 (store ?x12 ?x11 (+ (select ?x12 ?x11) 1))))
 (let ((?x20 (store ?x18 ?x10 (select ?x18 ?x11))))
 (let ((?x24 (store ?x20 ?x21 (+ (select ?x20 ?x11) 1))))
 (let ((?x25 (select ?x24 ?x21)))
 (let ((?x29 (store ?x24 ?x21 (+ ?x25 1))))
 (let ((?x30 (select ?x29 ?x21)))
 (let ((?x46 (store ?x29 ?x10 ?x30)))
 (let ((?x47 (select ?x46 ?x21)))
 (let ((?x51 (store ?x46 ?x21 (+ ?x47 1))))
 (let ((?x52 (select ?x51 ?x21)))
 (let ((?x70 (store ?x51 ?x21 (+ ?x52 1))))
 (let ((?x71 (select ?x70 ?x21)))
 (let ((?x90 (store ?x70 ?x21 (+ ?x71 1))))
 (let ((?x91 (select ?x90 ?x11)))
 (let ((?x100 (+ 0 (* 1 ?x91))))
 (let ((?x101 (select ?x90 ?x100)))
 (let ((?x104 (select ?x90 (+ 0 (* 1 (select ?x90 ?x10))))))
 (let ((?x107 (store ?x90 ?x100 (+ ?x104 ?x101))))
 (let ((?x112 (select ?x107 ?x10)))
 (let ((?x117 (+ 0 (* 1 ?x112))))
 (let ((?x122 (- (select ?x107 (+ 0 (* 1 (select ?x107 ?x11)))) (select ?x107 ?x117))))
 (let ((?x123 (store ?x107 ?x117 ?x122)))
 (let ((?x124 (select ?x123 ?x11)))
 (and (<= 0 ?x124) (< ?x124 1))))))))))))))))))))))))))))))))
(assert
 (let ((?x8 (+ 0 5)))
 (let ((?x10 (+ ?x8 1)))
 (let ((?x11 (+ ?x10 1)))
 (let ((?x21 (+ ?x11 1)))
 (let ((?x6 ((as const (Array Int Int)) 0)))
 (let ((?x12 (store ?x6 ?x11 0)))
 (let ((?x18 (store ?x12 ?x11 (+ (select ?x12 ?x11) 1))))
 (let ((?x20 (store ?x18 ?x10 (select ?x18 ?x11))))
 (let ((?x24 (store ?x20 ?x21 (+ (select ?x20 ?x11) 1))))
 (let ((?x25 (select ?x24 ?x21)))
 (let ((?x29 (store ?x24 ?x21 (+ ?x25 1))))
 (let ((?x30 (select ?x29 ?x21)))
 (let ((?x46 (store ?x29 ?x10 ?x30)))
 (let ((?x47 (select ?x46 ?x21)))
 (let ((?x51 (store ?x46 ?x21 (+ ?x47 1))))
 (let ((?x52 (select ?x51 ?x21)))
 (let ((?x70 (store ?x51 ?x21 (+ ?x52 1))))
 (let ((?x71 (select ?x70 ?x21)))
 (let ((?x90 (store ?x70 ?x21 (+ ?x71 1))))
 (let ((?x91 (select ?x90 ?x11)))
 (let ((?x100 (+ 0 (* 1 ?x91))))
 (let ((?x101 (select ?x90 ?x100)))
 (let ((?x104 (select ?x90 (+ 0 (* 1 (select ?x90 ?x10))))))
 (let ((?x107 (store ?x90 ?x100 (+ ?x104 ?x101))))
 (let ((?x112 (select ?x107 ?x10)))
 (let ((?x117 (+ 0 (* 1 ?x112))))
 (let ((?x122 (- (select ?x107 (+ 0 (* 1 (select ?x107 ?x11)))) (select ?x107 ?x117))))
 (let ((?x123 (store ?x107 ?x117 ?x122)))
 (let ((?x128 (select ?x123 ?x10)))
 (and (<= 0 ?x128) (< ?x128 1))))))))))))))))))))))))))))))))
(assert
 (let ((?x8 (+ 0 5)))
 (let ((?x10 (+ ?x8 1)))
 (let ((?x11 (+ ?x10 1)))
 (let ((?x21 (+ ?x11 1)))
 (let ((?x6 ((as const (Array Int Int)) 0)))
 (let ((?x12 (store ?x6 ?x11 0)))
 (let ((?x18 (store ?x12 ?x11 (+ (select ?x12 ?x11) 1))))
 (let ((?x20 (store ?x18 ?x10 (select ?x18 ?x11))))
 (let ((?x24 (store ?x20 ?x21 (+ (select ?x20 ?x11) 1))))
 (let ((?x25 (select ?x24 ?x21)))
 (let ((?x29 (store ?x24 ?x21 (+ ?x25 1))))
 (let ((?x30 (select ?x29 ?x21)))
 (let ((?x46 (store ?x29 ?x10 ?x30)))
 (let ((?x47 (select ?x46 ?x21)))
 (let ((?x51 (store ?x46 ?x21 (+ ?x47 1))))
 (let ((?x52 (select ?x51 ?x21)))
 (let ((?x70 (store ?x51 ?x21 (+ ?x52 1))))
 (let ((?x71 (select ?x70 ?x21)))
 (let ((?x90 (store ?x70 ?x21 (+ ?x71 1))))
 (let ((?x91 (select ?x90 ?x11)))
 (let ((?x100 (+ 0 (* 1 ?x91))))
 (let ((?x101 (select ?x90 ?x100)))
 (let ((?x104 (select ?x90 (+ 0 (* 1 (select ?x90 ?x10))))))
 (let ((?x107 (store ?x90 ?x100 (+ ?x104 ?x101))))
 (let ((?x112 (select ?x107 ?x10)))
 (let ((?x117 (+ 0 (* 1 ?x112))))
 (let ((?x122 (- (select ?x107 (+ 0 (* 1 (select ?x107 ?x11)))) (select ?x107 ?x117))))
 (let ((?x123 (store ?x107 ?x117 ?x122)))
 (let ((?x124 (select ?x123 ?x11)))
 (and (<= 0 ?x124) (< ?x124 1))))))))))))))))))))))))))))))))
(check-sat)

[mem]:17
Path:int data[5];
int n;
int min;
int i=0;
@(i<n-1);
i=i+1;
int i=0;
min=i;
int j=i+1;
@(j<n);
j=j+1;
int j=i+1;
@(!(data[j]<data[min]));

min=j;

@(j<n);
j=j+1;
int j=i+1;
@(data[j]<data[min]);

@(j<n);
j=j+1;
int j=i+1;
@(data[j]<data[min]);

@(!(j<n));
j=j+1;

@(!(data[i]!=data[min]));

data[i]=data[min]+data[i];
data[min]=data[i]-data[min];
data[i]=data[i]-data[min];

warning: a declaration with the name "i" already exists!
warning: a declaration with the name "j" already exists!
warning: a declaration with the name "j" already exists!
warning: a declaration with the name "j" already exists!
debug:solver.cpp:60: input is a c0 path.
debug:solver.cpp:60: input is a c0 path.
infeasible!!!
SMT2:; 
(set-info :status unknown)
(assert
 (let ((?x8 (+ 0 5)))
 (let ((?x10 (+ ?x8 1)))
 (let ((?x11 (+ ?x10 1)))
 (let ((?x6 ((as const (Array Int Int)) 0)))
 (let ((?x12 (store ?x6 ?x11 0)))
 (let ((?x13 (select ?x12 ?x11)))
 (< ?x13 (- (select ?x12 ?x8) 1)))))))))
(assert
 (let ((?x8 (+ 0 5)))
 (let ((?x10 (+ ?x8 1)))
 (let ((?x11 (+ ?x10 1)))
 (let ((?x6 ((as const (Array Int Int)) 0)))
 (let ((?x12 (store ?x6 ?x11 0)))
 (let ((?x18 (store ?x12 ?x11 (+ (select ?x12 ?x11) 1))))
 (let ((?x20 (store ?x18 ?x10 (select ?x18 ?x11))))
 (let ((?x21 (+ ?x11 1)))
 (let ((?x24 (store ?x20 ?x21 (+ (select ?x20 ?x11) 1))))
 (let ((?x25 (select ?x24 ?x21)))
 (< ?x25 (select ?x24 ?x8)))))))))))))
(assert
 (let ((?x8 (+ 0 5)))
 (let ((?x10 (+ ?x8 1)))
 (let ((?x11 (+ ?x10 1)))
 (let ((?x21 (+ ?x11 1)))
 (let ((?x6 ((as const (Array Int Int)) 0)))
 (let ((?x12 (store ?x6 ?x11 0)))
 (let ((?x18 (store ?x12 ?x11 (+ (select ?x12 ?x11) 1))))
 (let ((?x20 (store ?x18 ?x10 (select ?x18 ?x11))))
 (let ((?x24 (store ?x20 ?x21 (+ (select ?x20 ?x11) 1))))
 (let ((?x25 (select ?x24 ?x21)))
 (let ((?x29 (store ?x24 ?x21 (+ ?x25 1))))
 (let ((?x30 (select ?x29 ?x21)))
 (and (<= 0 ?x30) (< ?x30 1)))))))))))))))
(assert
 (let ((?x8 (+ 0 5)))
 (let ((?x10 (+ ?x8 1)))
 (let ((?x11 (+ ?x10 1)))
 (let ((?x21 (+ ?x11 1)))
 (let ((?x6 ((as const (Array Int Int)) 0)))
 (let ((?x12 (store ?x6 ?x11 0)))
 (let ((?x18 (store ?x12 ?x11 (+ (select ?x12 ?x11) 1))))
 (let ((?x20 (store ?x18 ?x10 (select ?x18 ?x11))))
 (let ((?x24 (store ?x20 ?x21 (+ (select ?x20 ?x11) 1))))
 (let ((?x25 (select ?x24 ?x21)))
 (let ((?x29 (store ?x24 ?x21 (+ ?x25 1))))
 (let ((?x34 (select ?x29 ?x10)))
 (and (<= 0 ?x34) (< ?x34 1)))))))))))))))
(assert
 (let ((?x8 (+ 0 5)))
 (let ((?x10 (+ ?x8 1)))
 (let ((?x11 (+ ?x10 1)))
 (let ((?x21 (+ ?x11 1)))
 (let ((?x6 ((as const (Array Int Int)) 0)))
 (let ((?x12 (store ?x6 ?x11 0)))
 (let ((?x18 (store ?x12 ?x11 (+ (select ?x12 ?x11) 1))))
 (let ((?x20 (store ?x18 ?x10 (select ?x18 ?x11))))
 (let ((?x24 (store ?x20 ?x21 (+ (select ?x20 ?x11) 1))))
 (let ((?x25 (select ?x24 ?x21)))
 (let ((?x29 (store ?x24 ?x21 (+ ?x25 1))))
 (let ((?x34 (select ?x29 ?x10)))
 (let (($x44 (< (select ?x29 (+ 0 (* 1 (select ?x29 ?x21)))) (select ?x29 (+ 0 (* 1 ?x34))))))
 (not $x44)))))))))))))))
(assert
 (let ((?x8 (+ 0 5)))
 (let ((?x10 (+ ?x8 1)))
 (let ((?x11 (+ ?x10 1)))
 (let ((?x21 (+ ?x11 1)))
 (let ((?x6 ((as const (Array Int Int)) 0)))
 (let ((?x12 (store ?x6 ?x11 0)))
 (let ((?x18 (store ?x12 ?x11 (+ (select ?x12 ?x11) 1))))
 (let ((?x20 (store ?x18 ?x10 (select ?x18 ?x11))))
 (let ((?x24 (store ?x20 ?x21 (+ (select ?x20 ?x11) 1))))
 (let ((?x25 (select ?x24 ?x21)))
 (let ((?x29 (store ?x24 ?x21 (+ ?x25 1))))
 (let ((?x30 (select ?x29 ?x21)))
 (let ((?x46 (store ?x29 ?x10 ?x30)))
 (let ((?x47 (select ?x46 ?x21)))
 (< ?x47 (select ?x46 ?x8)))))))))))))))))
(assert
 (let ((?x8 (+ 0 5)))
 (let ((?x10 (+ ?x8 1)))
 (let ((?x11 (+ ?x10 1)))
 (let ((?x21 (+ ?x11 1)))
 (let ((?x6 ((as const (Array Int Int)) 0)))
 (let ((?x12 (store ?x6 ?x11 0)))
 (let ((?x18 (store ?x12 ?x11 (+ (select ?x12 ?x11) 1))))
 (let ((?x20 (store ?x18 ?x10 (select ?x18 ?x11))))
 (let ((?x24 (store ?x20 ?x21 (+ (select ?x20 ?x11) 1))))
 (let ((?x25 (select ?x24 ?x21)))
 (let ((?x29 (store ?x24 ?x21 (+ ?x25 1))))
 (let ((?x30 (select ?x29 ?x21)))
 (let ((?x46 (store ?x29 ?x10 ?x30)))
 (let ((?x47 (select ?x46 ?x21)))
 (let ((?x51 (store ?x46 ?x21 (+ ?x47 1))))
 (let ((?x52 (select ?x51 ?x21)))
 (and (<= 0 ?x52) (< ?x52 1)))))))))))))))))))
(assert
 (let ((?x8 (+ 0 5)))
 (let ((?x10 (+ ?x8 1)))
 (let ((?x11 (+ ?x10 1)))
 (let ((?x21 (+ ?x11 1)))
 (let ((?x6 ((as const (Array Int Int)) 0)))
 (let ((?x12 (store ?x6 ?x11 0)))
 (let ((?x18 (store ?x12 ?x11 (+ (select ?x12 ?x11) 1))))
 (let ((?x20 (store ?x18 ?x10 (select ?x18 ?x11))))
 (let ((?x24 (store ?x20 ?x21 (+ (select ?x20 ?x11) 1))))
 (let ((?x25 (select ?x24 ?x21)))
 (let ((?x29 (store ?x24 ?x21 (+ ?x25 1))))
 (let ((?x30 (select ?x29 ?x21)))
 (let ((?x46 (store ?x29 ?x10 ?x30)))
 (let ((?x47 (select ?x46 ?x21)))
 (let ((?x51 (store ?x46 ?x21 (+ ?x47 1))))
 (let ((?x56 (select ?x51 ?x10)))
 (and (<= 0 ?x56) (< ?x56 1)))))))))))))))))))
(assert
 (let ((?x8 (+ 0 5)))
 (let ((?x10 (+ ?x8 1)))
 (let ((?x11 (+ ?x10 1)))
 (let ((?x21 (+ ?x11 1)))
 (let ((?x6 ((as const (Array Int Int)) 0)))
 (let ((?x12 (store ?x6 ?x11 0)))
 (let ((?x18 (store ?x12 ?x11 (+ (select ?x12 ?x11) 1))))
 (let ((?x20 (store ?x18 ?x10 (select ?x18 ?x11))))
 (let ((?x24 (store ?x20 ?x21 (+ (select ?x20 ?x11) 1))))
 (let ((?x25 (select ?x24 ?x21)))
 (let ((?x29 (store ?x24 ?x21 (+ ?x25 1))))
 (let ((?x30 (select ?x29 ?x21)))
 (let ((?x46 (store ?x29 ?x10 ?x30)))
 (let ((?x47 (select ?x46 ?x21)))
 (let ((?x51 (store ?x46 ?x21 (+ ?x47 1))))
 (let ((?x56 (select ?x51 ?x10)))
 (< (select ?x51 (+ 0 (* 1 (select ?x51 ?x21)))) (select ?x51 (+ 0 (* 1 ?x56)))))))))))))))))))))
(assert
 (let ((?x8 (+ 0 5)))
 (let ((?x10 (+ ?x8 1)))
 (let ((?x11 (+ ?x10 1)))
 (let ((?x21 (+ ?x11 1)))
 (let ((?x6 ((as const (Array Int Int)) 0)))
 (let ((?x12 (store ?x6 ?x11 0)))
 (let ((?x18 (store ?x12 ?x11 (+ (select ?x12 ?x11) 1))))
 (let ((?x20 (store ?x18 ?x10 (select ?x18 ?x11))))
 (let ((?x24 (store ?x20 ?x21 (+ (select ?x20 ?x11) 1))))
 (let ((?x25 (select ?x24 ?x21)))
 (let ((?x29 (store ?x24 ?x21 (+ ?x25 1))))
 (let ((?x30 (select ?x29 ?x21)))
 (let ((?x46 (store ?x29 ?x10 ?x30)))
 (let ((?x47 (select ?x46 ?x21)))
 (let ((?x51 (store ?x46 ?x21 (+ ?x47 1))))
 (let ((?x52 (select ?x51 ?x21)))
 (< ?x52 (select ?x51 ?x8)))))))))))))))))))
(assert
 (let ((?x8 (+ 0 5)))
 (let ((?x10 (+ ?x8 1)))
 (let ((?x11 (+ ?x10 1)))
 (let ((?x21 (+ ?x11 1)))
 (let ((?x6 ((as const (Array Int Int)) 0)))
 (let ((?x12 (store ?x6 ?x11 0)))
 (let ((?x18 (store ?x12 ?x11 (+ (select ?x12 ?x11) 1))))
 (let ((?x20 (store ?x18 ?x10 (select ?x18 ?x11))))
 (let ((?x24 (store ?x20 ?x21 (+ (select ?x20 ?x11) 1))))
 (let ((?x25 (select ?x24 ?x21)))
 (let ((?x29 (store ?x24 ?x21 (+ ?x25 1))))
 (let ((?x30 (select ?x29 ?x21)))
 (let ((?x46 (store ?x29 ?x10 ?x30)))
 (let ((?x47 (select ?x46 ?x21)))
 (let ((?x51 (store ?x46 ?x21 (+ ?x47 1))))
 (let ((?x52 (select ?x51 ?x21)))
 (let ((?x70 (store ?x51 ?x21 (+ ?x52 1))))
 (let ((?x71 (select ?x70 ?x21)))
 (and (<= 0 ?x71) (< ?x71 1)))))))))))))))))))))
(assert
 (let ((?x8 (+ 0 5)))
 (let ((?x10 (+ ?x8 1)))
 (let ((?x11 (+ ?x10 1)))
 (let ((?x21 (+ ?x11 1)))
 (let ((?x6 ((as const (Array Int Int)) 0)))
 (let ((?x12 (store ?x6 ?x11 0)))
 (let ((?x18 (store ?x12 ?x11 (+ (select ?x12 ?x11) 1))))
 (let ((?x20 (store ?x18 ?x10 (select ?x18 ?x11))))
 (let ((?x24 (store ?x20 ?x21 (+ (select ?x20 ?x11) 1))))
 (let ((?x25 (select ?x24 ?x21)))
 (let ((?x29 (store ?x24 ?x21 (+ ?x25 1))))
 (let ((?x30 (select ?x29 ?x21)))
 (let ((?x46 (store ?x29 ?x10 ?x30)))
 (let ((?x47 (select ?x46 ?x21)))
 (let ((?x51 (store ?x46 ?x21 (+ ?x47 1))))
 (let ((?x52 (select ?x51 ?x21)))
 (let ((?x70 (store ?x51 ?x21 (+ ?x52 1))))
 (let ((?x75 (select ?x70 ?x10)))
 (and (<= 0 ?x75) (< ?x75 1)))))))))))))))))))))
(assert
 (let ((?x8 (+ 0 5)))
 (let ((?x10 (+ ?x8 1)))
 (let ((?x11 (+ ?x10 1)))
 (let ((?x21 (+ ?x11 1)))
 (let ((?x6 ((as const (Array Int Int)) 0)))
 (let ((?x12 (store ?x6 ?x11 0)))
 (let ((?x18 (store ?x12 ?x11 (+ (select ?x12 ?x11) 1))))
 (let ((?x20 (store ?x18 ?x10 (select ?x18 ?x11))))
 (let ((?x24 (store ?x20 ?x21 (+ (select ?x20 ?x11) 1))))
 (let ((?x25 (select ?x24 ?x21)))
 (let ((?x29 (store ?x24 ?x21 (+ ?x25 1))))
 (let ((?x30 (select ?x29 ?x21)))
 (let ((?x46 (store ?x29 ?x10 ?x30)))
 (let ((?x47 (select ?x46 ?x21)))
 (let ((?x51 (store ?x46 ?x21 (+ ?x47 1))))
 (let ((?x52 (select ?x51 ?x21)))
 (let ((?x70 (store ?x51 ?x21 (+ ?x52 1))))
 (let ((?x75 (select ?x70 ?x10)))
 (< (select ?x70 (+ 0 (* 1 (select ?x70 ?x21)))) (select ?x70 (+ 0 (* 1 ?x75)))))))))))))))))))))))
(assert
 (let ((?x8 (+ 0 5)))
 (let ((?x10 (+ ?x8 1)))
 (let ((?x11 (+ ?x10 1)))
 (let ((?x21 (+ ?x11 1)))
 (let ((?x6 ((as const (Array Int Int)) 0)))
 (let ((?x12 (store ?x6 ?x11 0)))
 (let ((?x18 (store ?x12 ?x11 (+ (select ?x12 ?x11) 1))))
 (let ((?x20 (store ?x18 ?x10 (select ?x18 ?x11))))
 (let ((?x24 (store ?x20 ?x21 (+ (select ?x20 ?x11) 1))))
 (let ((?x25 (select ?x24 ?x21)))
 (let ((?x29 (store ?x24 ?x21 (+ ?x25 1))))
 (let ((?x30 (select ?x29 ?x21)))
 (let ((?x46 (store ?x29 ?x10 ?x30)))
 (let ((?x47 (select ?x46 ?x21)))
 (let ((?x51 (store ?x46 ?x21 (+ ?x47 1))))
 (let ((?x52 (select ?x51 ?x21)))
 (let ((?x70 (store ?x51 ?x21 (+ ?x52 1))))
 (let ((?x71 (select ?x70 ?x21)))
 (not (< ?x71 (select ?x70 ?x8))))))))))))))))))))))
(assert
 (let ((?x8 (+ 0 5)))
 (let ((?x10 (+ ?x8 1)))
 (let ((?x11 (+ ?x10 1)))
 (let ((?x21 (+ ?x11 1)))
 (let ((?x6 ((as const (Array Int Int)) 0)))
 (let ((?x12 (store ?x6 ?x11 0)))
 (let ((?x18 (store ?x12 ?x11 (+ (select ?x12 ?x11) 1))))
 (let ((?x20 (store ?x18 ?x10 (select ?x18 ?x11))))
 (let ((?x24 (store ?x20 ?x21 (+ (select ?x20 ?x11) 1))))
 (let ((?x25 (select ?x24 ?x21)))
 (let ((?x29 (store ?x24 ?x21 (+ ?x25 1))))
 (let ((?x30 (select ?x29 ?x21)))
 (let ((?x46 (store ?x29 ?x10 ?x30)))
 (let ((?x47 (select ?x46 ?x21)))
 (let ((?x51 (store ?x46 ?x21 (+ ?x47 1))))
 (let ((?x52 (select ?x51 ?x21)))
 (let ((?x70 (store ?x51 ?x21 (+ ?x52 1))))
 (let ((?x71 (select ?x70 ?x21)))
 (let ((?x90 (store ?x70 ?x21 (+ ?x71 1))))
 (let ((?x91 (select ?x90 ?x11)))
 (and (<= 0 ?x91) (< ?x91 1)))))))))))))))))))))))
(assert
 (let ((?x8 (+ 0 5)))
 (let ((?x10 (+ ?x8 1)))
 (let ((?x11 (+ ?x10 1)))
 (let ((?x21 (+ ?x11 1)))
 (let ((?x6 ((as const (Array Int Int)) 0)))
 (let ((?x12 (store ?x6 ?x11 0)))
 (let ((?x18 (store ?x12 ?x11 (+ (select ?x12 ?x11) 1))))
 (let ((?x20 (store ?x18 ?x10 (select ?x18 ?x11))))
 (let ((?x24 (store ?x20 ?x21 (+ (select ?x20 ?x11) 1))))
 (let ((?x25 (select ?x24 ?x21)))
 (let ((?x29 (store ?x24 ?x21 (+ ?x25 1))))
 (let ((?x30 (select ?x29 ?x21)))
 (let ((?x46 (store ?x29 ?x10 ?x30)))
 (let ((?x47 (select ?x46 ?x21)))
 (let ((?x51 (store ?x46 ?x21 (+ ?x47 1))))
 (let ((?x52 (select ?x51 ?x21)))
 (let ((?x70 (store ?x51 ?x21 (+ ?x52 1))))
 (let ((?x71 (select ?x70 ?x21)))
 (let ((?x90 (store ?x70 ?x21 (+ ?x71 1))))
 (let ((?x95 (select ?x90 ?x10)))
 (and (<= 0 ?x95) (< ?x95 1)))))))))))))))))))))))
(assert
 (let ((?x8 (+ 0 5)))
 (let ((?x10 (+ ?x8 1)))
 (let ((?x11 (+ ?x10 1)))
 (let ((?x21 (+ ?x11 1)))
 (let ((?x6 ((as const (Array Int Int)) 0)))
 (let ((?x12 (store ?x6 ?x11 0)))
 (let ((?x18 (store ?x12 ?x11 (+ (select ?x12 ?x11) 1))))
 (let ((?x20 (store ?x18 ?x10 (select ?x18 ?x11))))
 (let ((?x24 (store ?x20 ?x21 (+ (select ?x20 ?x11) 1))))
 (let ((?x25 (select ?x24 ?x21)))
 (let ((?x29 (store ?x24 ?x21 (+ ?x25 1))))
 (let ((?x30 (select ?x29 ?x21)))
 (let ((?x46 (store ?x29 ?x10 ?x30)))
 (let ((?x47 (select ?x46 ?x21)))
 (let ((?x51 (store ?x46 ?x21 (+ ?x47 1))))
 (let ((?x52 (select ?x51 ?x21)))
 (let ((?x70 (store ?x51 ?x21 (+ ?x52 1))))
 (let ((?x71 (select ?x70 ?x21)))
 (let ((?x90 (store ?x70 ?x21 (+ ?x71 1))))
 (let ((?x95 (select ?x90 ?x10)))
 (let ((?x104 (select ?x90 (+ 0 (* 1 ?x95)))))
 (let ((?x100 (+ 0 (* 1 (select ?x90 ?x11)))))
 (let ((?x101 (select ?x90 ?x100)))
 (not (and (distinct ?x101 ?x104) true))))))))))))))))))))))))))
(assert
 (let ((?x8 (+ 0 5)))
 (let ((?x10 (+ ?x8 1)))
 (let ((?x11 (+ ?x10 1)))
 (let ((?x21 (+ ?x11 1)))
 (let ((?x6 ((as const (Array Int Int)) 0)))
 (let ((?x12 (store ?x6 ?x11 0)))
 (let ((?x18 (store ?x12 ?x11 (+ (select ?x12 ?x11) 1))))
 (let ((?x20 (store ?x18 ?x10 (select ?x18 ?x11))))
 (let ((?x24 (store ?x20 ?x21 (+ (select ?x20 ?x11) 1))))
 (let ((?x25 (select ?x24 ?x21)))
 (let ((?x29 (store ?x24 ?x21 (+ ?x25 1))))
 (let ((?x30 (select ?x29 ?x21)))
 (let ((?x46 (store ?x29 ?x10 ?x30)))
 (let ((?x47 (select ?x46 ?x21)))
 (let ((?x51 (store ?x46 ?x21 (+ ?x47 1))))
 (let ((?x52 (select ?x51 ?x21)))
 (let ((?x70 (store ?x51 ?x21 (+ ?x52 1))))
 (let ((?x71 (select ?x70 ?x21)))
 (let ((?x90 (store ?x70 ?x21 (+ ?x71 1))))
 (let ((?x95 (select ?x90 ?x10)))
 (and (<= 0 ?x95) (< ?x95 1)))))))))))))))))))))))
(assert
 (let ((?x8 (+ 0 5)))
 (let ((?x10 (+ ?x8 1)))
 (let ((?x11 (+ ?x10 1)))
 (let ((?x21 (+ ?x11 1)))
 (let ((?x6 ((as const (Array Int Int)) 0)))
 (let ((?x12 (store ?x6 ?x11 0)))
 (let ((?x18 (store ?x12 ?x11 (+ (select ?x12 ?x11) 1))))
 (let ((?x20 (store ?x18 ?x10 (select ?x18 ?x11))))
 (let ((?x24 (store ?x20 ?x21 (+ (select ?x20 ?x11) 1))))
 (let ((?x25 (select ?x24 ?x21)))
 (let ((?x29 (store ?x24 ?x21 (+ ?x25 1))))
 (let ((?x30 (select ?x29 ?x21)))
 (let ((?x46 (store ?x29 ?x10 ?x30)))
 (let ((?x47 (select ?x46 ?x21)))
 (let ((?x51 (store ?x46 ?x21 (+ ?x47 1))))
 (let ((?x52 (select ?x51 ?x21)))
 (let ((?x70 (store ?x51 ?x21 (+ ?x52 1))))
 (let ((?x71 (select ?x70 ?x21)))
 (let ((?x90 (store ?x70 ?x21 (+ ?x71 1))))
 (let ((?x91 (select ?x90 ?x11)))
 (and (<= 0 ?x91) (< ?x91 1)))))))))))))))))))))))
(assert
 (let ((?x8 (+ 0 5)))
 (let ((?x10 (+ ?x8 1)))
 (let ((?x11 (+ ?x10 1)))
 (let ((?x21 (+ ?x11 1)))
 (let ((?x6 ((as const (Array Int Int)) 0)))
 (let ((?x12 (store ?x6 ?x11 0)))
 (let ((?x18 (store ?x12 ?x11 (+ (select ?x12 ?x11) 1))))
 (let ((?x20 (store ?x18 ?x10 (select ?x18 ?x11))))
 (let ((?x24 (store ?x20 ?x21 (+ (select ?x20 ?x11) 1))))
 (let ((?x25 (select ?x24 ?x21)))
 (let ((?x29 (store ?x24 ?x21 (+ ?x25 1))))
 (let ((?x30 (select ?x29 ?x21)))
 (let ((?x46 (store ?x29 ?x10 ?x30)))
 (let ((?x47 (select ?x46 ?x21)))
 (let ((?x51 (store ?x46 ?x21 (+ ?x47 1))))
 (let ((?x52 (select ?x51 ?x21)))
 (let ((?x70 (store ?x51 ?x21 (+ ?x52 1))))
 (let ((?x71 (select ?x70 ?x21)))
 (let ((?x90 (store ?x70 ?x21 (+ ?x71 1))))
 (let ((?x91 (select ?x90 ?x11)))
 (and (<= 0 ?x91) (< ?x91 1)))))))))))))))))))))))
(assert
 (let ((?x8 (+ 0 5)))
 (let ((?x10 (+ ?x8 1)))
 (let ((?x11 (+ ?x10 1)))
 (let ((?x21 (+ ?x11 1)))
 (let ((?x6 ((as const (Array Int Int)) 0)))
 (let ((?x12 (store ?x6 ?x11 0)))
 (let ((?x18 (store ?x12 ?x11 (+ (select ?x12 ?x11) 1))))
 (let ((?x20 (store ?x18 ?x10 (select ?x18 ?x11))))
 (let ((?x24 (store ?x20 ?x21 (+ (select ?x20 ?x11) 1))))
 (let ((?x25 (select ?x24 ?x21)))
 (let ((?x29 (store ?x24 ?x21 (+ ?x25 1))))
 (let ((?x30 (select ?x29 ?x21)))
 (let ((?x46 (store ?x29 ?x10 ?x30)))
 (let ((?x47 (select ?x46 ?x21)))
 (let ((?x51 (store ?x46 ?x21 (+ ?x47 1))))
 (let ((?x52 (select ?x51 ?x21)))
 (let ((?x70 (store ?x51 ?x21 (+ ?x52 1))))
 (let ((?x71 (select ?x70 ?x21)))
 (let ((?x90 (store ?x70 ?x21 (+ ?x71 1))))
 (let ((?x91 (select ?x90 ?x11)))
 (let ((?x100 (+ 0 (* 1 ?x91))))
 (let ((?x101 (select ?x90 ?x100)))
 (let ((?x104 (select ?x90 (+ 0 (* 1 (select ?x90 ?x10))))))
 (let ((?x108 (store ?x90 ?x100 (+ ?x104 ?x101))))
 (let ((?x109 (select ?x108 ?x11)))
 (and (<= 0 ?x109) (< ?x109 1))))))))))))))))))))))))))))
(assert
 (let ((?x8 (+ 0 5)))
 (let ((?x10 (+ ?x8 1)))
 (let ((?x11 (+ ?x10 1)))
 (let ((?x21 (+ ?x11 1)))
 (let ((?x6 ((as const (Array Int Int)) 0)))
 (let ((?x12 (store ?x6 ?x11 0)))
 (let ((?x18 (store ?x12 ?x11 (+ (select ?x12 ?x11) 1))))
 (let ((?x20 (store ?x18 ?x10 (select ?x18 ?x11))))
 (let ((?x24 (store ?x20 ?x21 (+ (select ?x20 ?x11) 1))))
 (let ((?x25 (select ?x24 ?x21)))
 (let ((?x29 (store ?x24 ?x21 (+ ?x25 1))))
 (let ((?x30 (select ?x29 ?x21)))
 (let ((?x46 (store ?x29 ?x10 ?x30)))
 (let ((?x47 (select ?x46 ?x21)))
 (let ((?x51 (store ?x46 ?x21 (+ ?x47 1))))
 (let ((?x52 (select ?x51 ?x21)))
 (let ((?x70 (store ?x51 ?x21 (+ ?x52 1))))
 (let ((?x71 (select ?x70 ?x21)))
 (let ((?x90 (store ?x70 ?x21 (+ ?x71 1))))
 (let ((?x91 (select ?x90 ?x11)))
 (let ((?x100 (+ 0 (* 1 ?x91))))
 (let ((?x101 (select ?x90 ?x100)))
 (let ((?x104 (select ?x90 (+ 0 (* 1 (select ?x90 ?x10))))))
 (let ((?x108 (store ?x90 ?x100 (+ ?x104 ?x101))))
 (let ((?x113 (select ?x108 ?x10)))
 (and (<= 0 ?x113) (< ?x113 1))))))))))))))))))))))))))))
(assert
 (let ((?x8 (+ 0 5)))
 (let ((?x10 (+ ?x8 1)))
 (let ((?x11 (+ ?x10 1)))
 (let ((?x21 (+ ?x11 1)))
 (let ((?x6 ((as const (Array Int Int)) 0)))
 (let ((?x12 (store ?x6 ?x11 0)))
 (let ((?x18 (store ?x12 ?x11 (+ (select ?x12 ?x11) 1))))
 (let ((?x20 (store ?x18 ?x10 (select ?x18 ?x11))))
 (let ((?x24 (store ?x20 ?x21 (+ (select ?x20 ?x11) 1))))
 (let ((?x25 (select ?x24 ?x21)))
 (let ((?x29 (store ?x24 ?x21 (+ ?x25 1))))
 (let ((?x30 (select ?x29 ?x21)))
 (let ((?x46 (store ?x29 ?x10 ?x30)))
 (let ((?x47 (select ?x46 ?x21)))
 (let ((?x51 (store ?x46 ?x21 (+ ?x47 1))))
 (let ((?x52 (select ?x51 ?x21)))
 (let ((?x70 (store ?x51 ?x21 (+ ?x52 1))))
 (let ((?x71 (select ?x70 ?x21)))
 (let ((?x90 (store ?x70 ?x21 (+ ?x71 1))))
 (let ((?x91 (select ?x90 ?x11)))
 (let ((?x100 (+ 0 (* 1 ?x91))))
 (let ((?x101 (select ?x90 ?x100)))
 (let ((?x104 (select ?x90 (+ 0 (* 1 (select ?x90 ?x10))))))
 (let ((?x108 (store ?x90 ?x100 (+ ?x104 ?x101))))
 (let ((?x113 (select ?x108 ?x10)))
 (and (<= 0 ?x113) (< ?x113 1))))))))))))))))))))))))))))
(assert
 (let ((?x8 (+ 0 5)))
 (let ((?x10 (+ ?x8 1)))
 (let ((?x11 (+ ?x10 1)))
 (let ((?x21 (+ ?x11 1)))
 (let ((?x6 ((as const (Array Int Int)) 0)))
 (let ((?x12 (store ?x6 ?x11 0)))
 (let ((?x18 (store ?x12 ?x11 (+ (select ?x12 ?x11) 1))))
 (let ((?x20 (store ?x18 ?x10 (select ?x18 ?x11))))
 (let ((?x24 (store ?x20 ?x21 (+ (select ?x20 ?x11) 1))))
 (let ((?x25 (select ?x24 ?x21)))
 (let ((?x29 (store ?x24 ?x21 (+ ?x25 1))))
 (let ((?x30 (select ?x29 ?x21)))
 (let ((?x46 (store ?x29 ?x10 ?x30)))
 (let ((?x47 (select ?x46 ?x21)))
 (let ((?x51 (store ?x46 ?x21 (+ ?x47 1))))
 (let ((?x52 (select ?x51 ?x21)))
 (let ((?x70 (store ?x51 ?x21 (+ ?x52 1))))
 (let ((?x71 (select ?x70 ?x21)))
 (let ((?x90 (store ?x70 ?x21 (+ ?x71 1))))
 (let ((?x91 (select ?x90 ?x11)))
 (let ((?x100 (+ 0 (* 1 ?x91))))
 (let ((?x101 (select ?x90 ?x100)))
 (let ((?x104 (select ?x90 (+ 0 (* 1 (select ?x90 ?x10))))))
 (let ((?x108 (store ?x90 ?x100 (+ ?x104 ?x101))))
 (let ((?x113 (select ?x108 ?x10)))
 (let ((?x118 (+ 0 (* 1 ?x113))))
 (let ((?x123 (- (select ?x108 (+ 0 (* 1 (select ?x108 ?x11)))) (select ?x108 ?x118))))
 (let ((?x124 (store ?x108 ?x118 ?x123)))
 (let ((?x125 (select ?x124 ?x11)))
 (and (<= 0 ?x125) (< ?x125 1))))))))))))))))))))))))))))))))
(assert
 (let ((?x8 (+ 0 5)))
 (let ((?x10 (+ ?x8 1)))
 (let ((?x11 (+ ?x10 1)))
 (let ((?x21 (+ ?x11 1)))
 (let ((?x6 ((as const (Array Int Int)) 0)))
 (let ((?x12 (store ?x6 ?x11 0)))
 (let ((?x18 (store ?x12 ?x11 (+ (select ?x12 ?x11) 1))))
 (let ((?x20 (store ?x18 ?x10 (select ?x18 ?x11))))
 (let ((?x24 (store ?x20 ?x21 (+ (select ?x20 ?x11) 1))))
 (let ((?x25 (select ?x24 ?x21)))
 (let ((?x29 (store ?x24 ?x21 (+ ?x25 1))))
 (let ((?x30 (select ?x29 ?x21)))
 (let ((?x46 (store ?x29 ?x10 ?x30)))
 (let ((?x47 (select ?x46 ?x21)))
 (let ((?x51 (store ?x46 ?x21 (+ ?x47 1))))
 (let ((?x52 (select ?x51 ?x21)))
 (let ((?x70 (store ?x51 ?x21 (+ ?x52 1))))
 (let ((?x71 (select ?x70 ?x21)))
 (let ((?x90 (store ?x70 ?x21 (+ ?x71 1))))
 (let ((?x91 (select ?x90 ?x11)))
 (let ((?x100 (+ 0 (* 1 ?x91))))
 (let ((?x101 (select ?x90 ?x100)))
 (let ((?x104 (select ?x90 (+ 0 (* 1 (select ?x90 ?x10))))))
 (let ((?x108 (store ?x90 ?x100 (+ ?x104 ?x101))))
 (let ((?x113 (select ?x108 ?x10)))
 (let ((?x118 (+ 0 (* 1 ?x113))))
 (let ((?x123 (- (select ?x108 (+ 0 (* 1 (select ?x108 ?x11)))) (select ?x108 ?x118))))
 (let ((?x124 (store ?x108 ?x118 ?x123)))
 (let ((?x129 (select ?x124 ?x10)))
 (and (<= 0 ?x129) (< ?x129 1))))))))))))))))))))))))))))))))
(assert
 (let ((?x8 (+ 0 5)))
 (let ((?x10 (+ ?x8 1)))
 (let ((?x11 (+ ?x10 1)))
 (let ((?x21 (+ ?x11 1)))
 (let ((?x6 ((as const (Array Int Int)) 0)))
 (let ((?x12 (store ?x6 ?x11 0)))
 (let ((?x18 (store ?x12 ?x11 (+ (select ?x12 ?x11) 1))))
 (let ((?x20 (store ?x18 ?x10 (select ?x18 ?x11))))
 (let ((?x24 (store ?x20 ?x21 (+ (select ?x20 ?x11) 1))))
 (let ((?x25 (select ?x24 ?x21)))
 (let ((?x29 (store ?x24 ?x21 (+ ?x25 1))))
 (let ((?x30 (select ?x29 ?x21)))
 (let ((?x46 (store ?x29 ?x10 ?x30)))
 (let ((?x47 (select ?x46 ?x21)))
 (let ((?x51 (store ?x46 ?x21 (+ ?x47 1))))
 (let ((?x52 (select ?x51 ?x21)))
 (let ((?x70 (store ?x51 ?x21 (+ ?x52 1))))
 (let ((?x71 (select ?x70 ?x21)))
 (let ((?x90 (store ?x70 ?x21 (+ ?x71 1))))
 (let ((?x91 (select ?x90 ?x11)))
 (let ((?x100 (+ 0 (* 1 ?x91))))
 (let ((?x101 (select ?x90 ?x100)))
 (let ((?x104 (select ?x90 (+ 0 (* 1 (select ?x90 ?x10))))))
 (let ((?x108 (store ?x90 ?x100 (+ ?x104 ?x101))))
 (let ((?x113 (select ?x108 ?x10)))
 (let ((?x118 (+ 0 (* 1 ?x113))))
 (let ((?x123 (- (select ?x108 (+ 0 (* 1 (select ?x108 ?x11)))) (select ?x108 ?x118))))
 (let ((?x124 (store ?x108 ?x118 ?x123)))
 (let ((?x125 (select ?x124 ?x11)))
 (and (<= 0 ?x125) (< ?x125 1))))))))))))))))))))))))))))))))
(check-sat)

[mem]:17
Path:int data[5];
int n;
int min;
int i=0;
@(i<n-1);
i=i+1;
int i=0;
min=i;
int j=i+1;
@(j<n);
j=j+1;
int j=i+1;
@(!(data[j]<data[min]));

min=j;

@(j<n);
j=j+1;
int j=i+1;
@(data[j]<data[min]);

@(j<n);
j=j+1;
int j=i+1;
@(!(data[j]<data[min]));

min=j;

@(!(j<n));
j=j+1;

@(data[i]!=data[min]);

data[i]=data[min]+data[i];
data[min]=data[i]-data[min];
data[i]=data[i]-data[min];

warning: a declaration with the name "i" already exists!
warning: a declaration with the name "j" already exists!
warning: a declaration with the name "j" already exists!
warning: a declaration with the name "j" already exists!
debug:solver.cpp:60: input is a c0 path.
debug:solver.cpp:60: input is a c0 path.
infeasible!!!
SMT2:; 
(set-info :status unknown)
(assert
 (let ((?x8 (+ 0 5)))
 (let ((?x10 (+ ?x8 1)))
 (let ((?x11 (+ ?x10 1)))
 (let ((?x6 ((as const (Array Int Int)) 0)))
 (let ((?x12 (store ?x6 ?x11 0)))
 (let ((?x13 (select ?x12 ?x11)))
 (< ?x13 (- (select ?x12 ?x8) 1)))))))))
(assert
 (let ((?x8 (+ 0 5)))
 (let ((?x10 (+ ?x8 1)))
 (let ((?x11 (+ ?x10 1)))
 (let ((?x6 ((as const (Array Int Int)) 0)))
 (let ((?x12 (store ?x6 ?x11 0)))
 (let ((?x18 (store ?x12 ?x11 (+ (select ?x12 ?x11) 1))))
 (let ((?x20 (store ?x18 ?x10 (select ?x18 ?x11))))
 (let ((?x21 (+ ?x11 1)))
 (let ((?x24 (store ?x20 ?x21 (+ (select ?x20 ?x11) 1))))
 (let ((?x25 (select ?x24 ?x21)))
 (< ?x25 (select ?x24 ?x8)))))))))))))
(assert
 (let ((?x8 (+ 0 5)))
 (let ((?x10 (+ ?x8 1)))
 (let ((?x11 (+ ?x10 1)))
 (let ((?x21 (+ ?x11 1)))
 (let ((?x6 ((as const (Array Int Int)) 0)))
 (let ((?x12 (store ?x6 ?x11 0)))
 (let ((?x18 (store ?x12 ?x11 (+ (select ?x12 ?x11) 1))))
 (let ((?x20 (store ?x18 ?x10 (select ?x18 ?x11))))
 (let ((?x24 (store ?x20 ?x21 (+ (select ?x20 ?x11) 1))))
 (let ((?x25 (select ?x24 ?x21)))
 (let ((?x29 (store ?x24 ?x21 (+ ?x25 1))))
 (let ((?x30 (select ?x29 ?x21)))
 (and (<= 0 ?x30) (< ?x30 1)))))))))))))))
(assert
 (let ((?x8 (+ 0 5)))
 (let ((?x10 (+ ?x8 1)))
 (let ((?x11 (+ ?x10 1)))
 (let ((?x21 (+ ?x11 1)))
 (let ((?x6 ((as const (Array Int Int)) 0)))
 (let ((?x12 (store ?x6 ?x11 0)))
 (let ((?x18 (store ?x12 ?x11 (+ (select ?x12 ?x11) 1))))
 (let ((?x20 (store ?x18 ?x10 (select ?x18 ?x11))))
 (let ((?x24 (store ?x20 ?x21 (+ (select ?x20 ?x11) 1))))
 (let ((?x25 (select ?x24 ?x21)))
 (let ((?x29 (store ?x24 ?x21 (+ ?x25 1))))
 (let ((?x34 (select ?x29 ?x10)))
 (and (<= 0 ?x34) (< ?x34 1)))))))))))))))
(assert
 (let ((?x8 (+ 0 5)))
 (let ((?x10 (+ ?x8 1)))
 (let ((?x11 (+ ?x10 1)))
 (let ((?x21 (+ ?x11 1)))
 (let ((?x6 ((as const (Array Int Int)) 0)))
 (let ((?x12 (store ?x6 ?x11 0)))
 (let ((?x18 (store ?x12 ?x11 (+ (select ?x12 ?x11) 1))))
 (let ((?x20 (store ?x18 ?x10 (select ?x18 ?x11))))
 (let ((?x24 (store ?x20 ?x21 (+ (select ?x20 ?x11) 1))))
 (let ((?x25 (select ?x24 ?x21)))
 (let ((?x29 (store ?x24 ?x21 (+ ?x25 1))))
 (let ((?x34 (select ?x29 ?x10)))
 (let (($x44 (< (select ?x29 (+ 0 (* 1 (select ?x29 ?x21)))) (select ?x29 (+ 0 (* 1 ?x34))))))
 (not $x44)))))))))))))))
(assert
 (let ((?x8 (+ 0 5)))
 (let ((?x10 (+ ?x8 1)))
 (let ((?x11 (+ ?x10 1)))
 (let ((?x21 (+ ?x11 1)))
 (let ((?x6 ((as const (Array Int Int)) 0)))
 (let ((?x12 (store ?x6 ?x11 0)))
 (let ((?x18 (store ?x12 ?x11 (+ (select ?x12 ?x11) 1))))
 (let ((?x20 (store ?x18 ?x10 (select ?x18 ?x11))))
 (let ((?x24 (store ?x20 ?x21 (+ (select ?x20 ?x11) 1))))
 (let ((?x25 (select ?x24 ?x21)))
 (let ((?x29 (store ?x24 ?x21 (+ ?x25 1))))
 (let ((?x30 (select ?x29 ?x21)))
 (let ((?x46 (store ?x29 ?x10 ?x30)))
 (let ((?x47 (select ?x46 ?x21)))
 (< ?x47 (select ?x46 ?x8)))))))))))))))))
(assert
 (let ((?x8 (+ 0 5)))
 (let ((?x10 (+ ?x8 1)))
 (let ((?x11 (+ ?x10 1)))
 (let ((?x21 (+ ?x11 1)))
 (let ((?x6 ((as const (Array Int Int)) 0)))
 (let ((?x12 (store ?x6 ?x11 0)))
 (let ((?x18 (store ?x12 ?x11 (+ (select ?x12 ?x11) 1))))
 (let ((?x20 (store ?x18 ?x10 (select ?x18 ?x11))))
 (let ((?x24 (store ?x20 ?x21 (+ (select ?x20 ?x11) 1))))
 (let ((?x25 (select ?x24 ?x21)))
 (let ((?x29 (store ?x24 ?x21 (+ ?x25 1))))
 (let ((?x30 (select ?x29 ?x21)))
 (let ((?x46 (store ?x29 ?x10 ?x30)))
 (let ((?x47 (select ?x46 ?x21)))
 (let ((?x51 (store ?x46 ?x21 (+ ?x47 1))))
 (let ((?x52 (select ?x51 ?x21)))
 (and (<= 0 ?x52) (< ?x52 1)))))))))))))))))))
(assert
 (let ((?x8 (+ 0 5)))
 (let ((?x10 (+ ?x8 1)))
 (let ((?x11 (+ ?x10 1)))
 (let ((?x21 (+ ?x11 1)))
 (let ((?x6 ((as const (Array Int Int)) 0)))
 (let ((?x12 (store ?x6 ?x11 0)))
 (let ((?x18 (store ?x12 ?x11 (+ (select ?x12 ?x11) 1))))
 (let ((?x20 (store ?x18 ?x10 (select ?x18 ?x11))))
 (let ((?x24 (store ?x20 ?x21 (+ (select ?x20 ?x11) 1))))
 (let ((?x25 (select ?x24 ?x21)))
 (let ((?x29 (store ?x24 ?x21 (+ ?x25 1))))
 (let ((?x30 (select ?x29 ?x21)))
 (let ((?x46 (store ?x29 ?x10 ?x30)))
 (let ((?x47 (select ?x46 ?x21)))
 (let ((?x51 (store ?x46 ?x21 (+ ?x47 1))))
 (let ((?x56 (select ?x51 ?x10)))
 (and (<= 0 ?x56) (< ?x56 1)))))))))))))))))))
(assert
 (let ((?x8 (+ 0 5)))
 (let ((?x10 (+ ?x8 1)))
 (let ((?x11 (+ ?x10 1)))
 (let ((?x21 (+ ?x11 1)))
 (let ((?x6 ((as const (Array Int Int)) 0)))
 (let ((?x12 (store ?x6 ?x11 0)))
 (let ((?x18 (store ?x12 ?x11 (+ (select ?x12 ?x11) 1))))
 (let ((?x20 (store ?x18 ?x10 (select ?x18 ?x11))))
 (let ((?x24 (store ?x20 ?x21 (+ (select ?x20 ?x11) 1))))
 (let ((?x25 (select ?x24 ?x21)))
 (let ((?x29 (store ?x24 ?x21 (+ ?x25 1))))
 (let ((?x30 (select ?x29 ?x21)))
 (let ((?x46 (store ?x29 ?x10 ?x30)))
 (let ((?x47 (select ?x46 ?x21)))
 (let ((?x51 (store ?x46 ?x21 (+ ?x47 1))))
 (let ((?x56 (select ?x51 ?x10)))
 (< (select ?x51 (+ 0 (* 1 (select ?x51 ?x21)))) (select ?x51 (+ 0 (* 1 ?x56)))))))))))))))))))))
(assert
 (let ((?x8 (+ 0 5)))
 (let ((?x10 (+ ?x8 1)))
 (let ((?x11 (+ ?x10 1)))
 (let ((?x21 (+ ?x11 1)))
 (let ((?x6 ((as const (Array Int Int)) 0)))
 (let ((?x12 (store ?x6 ?x11 0)))
 (let ((?x18 (store ?x12 ?x11 (+ (select ?x12 ?x11) 1))))
 (let ((?x20 (store ?x18 ?x10 (select ?x18 ?x11))))
 (let ((?x24 (store ?x20 ?x21 (+ (select ?x20 ?x11) 1))))
 (let ((?x25 (select ?x24 ?x21)))
 (let ((?x29 (store ?x24 ?x21 (+ ?x25 1))))
 (let ((?x30 (select ?x29 ?x21)))
 (let ((?x46 (store ?x29 ?x10 ?x30)))
 (let ((?x47 (select ?x46 ?x21)))
 (let ((?x51 (store ?x46 ?x21 (+ ?x47 1))))
 (let ((?x52 (select ?x51 ?x21)))
 (< ?x52 (select ?x51 ?x8)))))))))))))))))))
(assert
 (let ((?x8 (+ 0 5)))
 (let ((?x10 (+ ?x8 1)))
 (let ((?x11 (+ ?x10 1)))
 (let ((?x21 (+ ?x11 1)))
 (let ((?x6 ((as const (Array Int Int)) 0)))
 (let ((?x12 (store ?x6 ?x11 0)))
 (let ((?x18 (store ?x12 ?x11 (+ (select ?x12 ?x11) 1))))
 (let ((?x20 (store ?x18 ?x10 (select ?x18 ?x11))))
 (let ((?x24 (store ?x20 ?x21 (+ (select ?x20 ?x11) 1))))
 (let ((?x25 (select ?x24 ?x21)))
 (let ((?x29 (store ?x24 ?x21 (+ ?x25 1))))
 (let ((?x30 (select ?x29 ?x21)))
 (let ((?x46 (store ?x29 ?x10 ?x30)))
 (let ((?x47 (select ?x46 ?x21)))
 (let ((?x51 (store ?x46 ?x21 (+ ?x47 1))))
 (let ((?x52 (select ?x51 ?x21)))
 (let ((?x70 (store ?x51 ?x21 (+ ?x52 1))))
 (let ((?x71 (select ?x70 ?x21)))
 (and (<= 0 ?x71) (< ?x71 1)))))))))))))))))))))
(assert
 (let ((?x8 (+ 0 5)))
 (let ((?x10 (+ ?x8 1)))
 (let ((?x11 (+ ?x10 1)))
 (let ((?x21 (+ ?x11 1)))
 (let ((?x6 ((as const (Array Int Int)) 0)))
 (let ((?x12 (store ?x6 ?x11 0)))
 (let ((?x18 (store ?x12 ?x11 (+ (select ?x12 ?x11) 1))))
 (let ((?x20 (store ?x18 ?x10 (select ?x18 ?x11))))
 (let ((?x24 (store ?x20 ?x21 (+ (select ?x20 ?x11) 1))))
 (let ((?x25 (select ?x24 ?x21)))
 (let ((?x29 (store ?x24 ?x21 (+ ?x25 1))))
 (let ((?x30 (select ?x29 ?x21)))
 (let ((?x46 (store ?x29 ?x10 ?x30)))
 (let ((?x47 (select ?x46 ?x21)))
 (let ((?x51 (store ?x46 ?x21 (+ ?x47 1))))
 (let ((?x52 (select ?x51 ?x21)))
 (let ((?x70 (store ?x51 ?x21 (+ ?x52 1))))
 (let ((?x75 (select ?x70 ?x10)))
 (and (<= 0 ?x75) (< ?x75 1)))))))))))))))))))))
(assert
 (let ((?x8 (+ 0 5)))
 (let ((?x10 (+ ?x8 1)))
 (let ((?x11 (+ ?x10 1)))
 (let ((?x21 (+ ?x11 1)))
 (let ((?x6 ((as const (Array Int Int)) 0)))
 (let ((?x12 (store ?x6 ?x11 0)))
 (let ((?x18 (store ?x12 ?x11 (+ (select ?x12 ?x11) 1))))
 (let ((?x20 (store ?x18 ?x10 (select ?x18 ?x11))))
 (let ((?x24 (store ?x20 ?x21 (+ (select ?x20 ?x11) 1))))
 (let ((?x25 (select ?x24 ?x21)))
 (let ((?x29 (store ?x24 ?x21 (+ ?x25 1))))
 (let ((?x30 (select ?x29 ?x21)))
 (let ((?x46 (store ?x29 ?x10 ?x30)))
 (let ((?x47 (select ?x46 ?x21)))
 (let ((?x51 (store ?x46 ?x21 (+ ?x47 1))))
 (let ((?x52 (select ?x51 ?x21)))
 (let ((?x70 (store ?x51 ?x21 (+ ?x52 1))))
 (let ((?x75 (select ?x70 ?x10)))
 (let (($x85 (< (select ?x70 (+ 0 (* 1 (select ?x70 ?x21)))) (select ?x70 (+ 0 (* 1 ?x75))))))
 (not $x85)))))))))))))))))))))
(assert
 (let ((?x8 (+ 0 5)))
 (let ((?x10 (+ ?x8 1)))
 (let ((?x11 (+ ?x10 1)))
 (let ((?x21 (+ ?x11 1)))
 (let ((?x6 ((as const (Array Int Int)) 0)))
 (let ((?x12 (store ?x6 ?x11 0)))
 (let ((?x18 (store ?x12 ?x11 (+ (select ?x12 ?x11) 1))))
 (let ((?x20 (store ?x18 ?x10 (select ?x18 ?x11))))
 (let ((?x24 (store ?x20 ?x21 (+ (select ?x20 ?x11) 1))))
 (let ((?x25 (select ?x24 ?x21)))
 (let ((?x29 (store ?x24 ?x21 (+ ?x25 1))))
 (let ((?x30 (select ?x29 ?x21)))
 (let ((?x46 (store ?x29 ?x10 ?x30)))
 (let ((?x47 (select ?x46 ?x21)))
 (let ((?x51 (store ?x46 ?x21 (+ ?x47 1))))
 (let ((?x52 (select ?x51 ?x21)))
 (let ((?x70 (store ?x51 ?x21 (+ ?x52 1))))
 (let ((?x71 (select ?x70 ?x21)))
 (let ((?x87 (store ?x70 ?x10 ?x71)))
 (let ((?x88 (select ?x87 ?x21)))
 (not (< ?x88 (select ?x87 ?x8))))))))))))))))))))))))
(assert
 (let ((?x8 (+ 0 5)))
 (let ((?x10 (+ ?x8 1)))
 (let ((?x11 (+ ?x10 1)))
 (let ((?x21 (+ ?x11 1)))
 (let ((?x6 ((as const (Array Int Int)) 0)))
 (let ((?x12 (store ?x6 ?x11 0)))
 (let ((?x18 (store ?x12 ?x11 (+ (select ?x12 ?x11) 1))))
 (let ((?x20 (store ?x18 ?x10 (select ?x18 ?x11))))
 (let ((?x24 (store ?x20 ?x21 (+ (select ?x20 ?x11) 1))))
 (let ((?x25 (select ?x24 ?x21)))
 (let ((?x29 (store ?x24 ?x21 (+ ?x25 1))))
 (let ((?x30 (select ?x29 ?x21)))
 (let ((?x46 (store ?x29 ?x10 ?x30)))
 (let ((?x47 (select ?x46 ?x21)))
 (let ((?x51 (store ?x46 ?x21 (+ ?x47 1))))
 (let ((?x52 (select ?x51 ?x21)))
 (let ((?x70 (store ?x51 ?x21 (+ ?x52 1))))
 (let ((?x71 (select ?x70 ?x21)))
 (let ((?x87 (store ?x70 ?x10 ?x71)))
 (let ((?x88 (select ?x87 ?x21)))
 (let ((?x93 (store ?x87 ?x21 (+ ?x88 1))))
 (let ((?x94 (select ?x93 ?x11)))
 (and (<= 0 ?x94) (< ?x94 1)))))))))))))))))))))))))
(assert
 (let ((?x8 (+ 0 5)))
 (let ((?x10 (+ ?x8 1)))
 (let ((?x11 (+ ?x10 1)))
 (let ((?x21 (+ ?x11 1)))
 (let ((?x6 ((as const (Array Int Int)) 0)))
 (let ((?x12 (store ?x6 ?x11 0)))
 (let ((?x18 (store ?x12 ?x11 (+ (select ?x12 ?x11) 1))))
 (let ((?x20 (store ?x18 ?x10 (select ?x18 ?x11))))
 (let ((?x24 (store ?x20 ?x21 (+ (select ?x20 ?x11) 1))))
 (let ((?x25 (select ?x24 ?x21)))
 (let ((?x29 (store ?x24 ?x21 (+ ?x25 1))))
 (let ((?x30 (select ?x29 ?x21)))
 (let ((?x46 (store ?x29 ?x10 ?x30)))
 (let ((?x47 (select ?x46 ?x21)))
 (let ((?x51 (store ?x46 ?x21 (+ ?x47 1))))
 (let ((?x52 (select ?x51 ?x21)))
 (let ((?x70 (store ?x51 ?x21 (+ ?x52 1))))
 (let ((?x71 (select ?x70 ?x21)))
 (let ((?x87 (store ?x70 ?x10 ?x71)))
 (let ((?x88 (select ?x87 ?x21)))
 (let ((?x93 (store ?x87 ?x21 (+ ?x88 1))))
 (let ((?x98 (select ?x93 ?x10)))
 (and (<= 0 ?x98) (< ?x98 1)))))))))))))))))))))))))
(assert
 (let ((?x8 (+ 0 5)))
 (let ((?x10 (+ ?x8 1)))
 (let ((?x11 (+ ?x10 1)))
 (let ((?x21 (+ ?x11 1)))
 (let ((?x6 ((as const (Array Int Int)) 0)))
 (let ((?x12 (store ?x6 ?x11 0)))
 (let ((?x18 (store ?x12 ?x11 (+ (select ?x12 ?x11) 1))))
 (let ((?x20 (store ?x18 ?x10 (select ?x18 ?x11))))
 (let ((?x24 (store ?x20 ?x21 (+ (select ?x20 ?x11) 1))))
 (let ((?x25 (select ?x24 ?x21)))
 (let ((?x29 (store ?x24 ?x21 (+ ?x25 1))))
 (let ((?x30 (select ?x29 ?x21)))
 (let ((?x46 (store ?x29 ?x10 ?x30)))
 (let ((?x47 (select ?x46 ?x21)))
 (let ((?x51 (store ?x46 ?x21 (+ ?x47 1))))
 (let ((?x52 (select ?x51 ?x21)))
 (let ((?x70 (store ?x51 ?x21 (+ ?x52 1))))
 (let ((?x71 (select ?x70 ?x21)))
 (let ((?x87 (store ?x70 ?x10 ?x71)))
 (let ((?x88 (select ?x87 ?x21)))
 (let ((?x93 (store ?x87 ?x21 (+ ?x88 1))))
 (let ((?x98 (select ?x93 ?x10)))
 (let ((?x107 (select ?x93 (+ 0 (* 1 ?x98)))))
 (let ((?x103 (+ 0 (* 1 (select ?x93 ?x11)))))
 (let ((?x104 (select ?x93 ?x103)))
 (and (distinct ?x104 ?x107) true)))))))))))))))))))))))))))
(assert
 (let ((?x8 (+ 0 5)))
 (let ((?x10 (+ ?x8 1)))
 (let ((?x11 (+ ?x10 1)))
 (let ((?x21 (+ ?x11 1)))
 (let ((?x6 ((as const (Array Int Int)) 0)))
 (let ((?x12 (store ?x6 ?x11 0)))
 (let ((?x18 (store ?x12 ?x11 (+ (select ?x12 ?x11) 1))))
 (let ((?x20 (store ?x18 ?x10 (select ?x18 ?x11))))
 (let ((?x24 (store ?x20 ?x21 (+ (select ?x20 ?x11) 1))))
 (let ((?x25 (select ?x24 ?x21)))
 (let ((?x29 (store ?x24 ?x21 (+ ?x25 1))))
 (let ((?x30 (select ?x29 ?x21)))
 (let ((?x46 (store ?x29 ?x10 ?x30)))
 (let ((?x47 (select ?x46 ?x21)))
 (let ((?x51 (store ?x46 ?x21 (+ ?x47 1))))
 (let ((?x52 (select ?x51 ?x21)))
 (let ((?x70 (store ?x51 ?x21 (+ ?x52 1))))
 (let ((?x71 (select ?x70 ?x21)))
 (let ((?x87 (store ?x70 ?x10 ?x71)))
 (let ((?x88 (select ?x87 ?x21)))
 (let ((?x93 (store ?x87 ?x21 (+ ?x88 1))))
 (let ((?x98 (select ?x93 ?x10)))
 (and (<= 0 ?x98) (< ?x98 1)))))))))))))))))))))))))
(assert
 (let ((?x8 (+ 0 5)))
 (let ((?x10 (+ ?x8 1)))
 (let ((?x11 (+ ?x10 1)))
 (let ((?x21 (+ ?x11 1)))
 (let ((?x6 ((as const (Array Int Int)) 0)))
 (let ((?x12 (store ?x6 ?x11 0)))
 (let ((?x18 (store ?x12 ?x11 (+ (select ?x12 ?x11) 1))))
 (let ((?x20 (store ?x18 ?x10 (select ?x18 ?x11))))
 (let ((?x24 (store ?x20 ?x21 (+ (select ?x20 ?x11) 1))))
 (let ((?x25 (select ?x24 ?x21)))
 (let ((?x29 (store ?x24 ?x21 (+ ?x25 1))))
 (let ((?x30 (select ?x29 ?x21)))
 (let ((?x46 (store ?x29 ?x10 ?x30)))
 (let ((?x47 (select ?x46 ?x21)))
 (let ((?x51 (store ?x46 ?x21 (+ ?x47 1))))
 (let ((?x52 (select ?x51 ?x21)))
 (let ((?x70 (store ?x51 ?x21 (+ ?x52 1))))
 (let ((?x71 (select ?x70 ?x21)))
 (let ((?x87 (store ?x70 ?x10 ?x71)))
 (let ((?x88 (select ?x87 ?x21)))
 (let ((?x93 (store ?x87 ?x21 (+ ?x88 1))))
 (let ((?x94 (select ?x93 ?x11)))
 (and (<= 0 ?x94) (< ?x94 1)))))))))))))))))))))))))
(assert
 (let ((?x8 (+ 0 5)))
 (let ((?x10 (+ ?x8 1)))
 (let ((?x11 (+ ?x10 1)))
 (let ((?x21 (+ ?x11 1)))
 (let ((?x6 ((as const (Array Int Int)) 0)))
 (let ((?x12 (store ?x6 ?x11 0)))
 (let ((?x18 (store ?x12 ?x11 (+ (select ?x12 ?x11) 1))))
 (let ((?x20 (store ?x18 ?x10 (select ?x18 ?x11))))
 (let ((?x24 (store ?x20 ?x21 (+ (select ?x20 ?x11) 1))))
 (let ((?x25 (select ?x24 ?x21)))
 (let ((?x29 (store ?x24 ?x21 (+ ?x25 1))))
 (let ((?x30 (select ?x29 ?x21)))
 (let ((?x46 (store ?x29 ?x10 ?x30)))
 (let ((?x47 (select ?x46 ?x21)))
 (let ((?x51 (store ?x46 ?x21 (+ ?x47 1))))
 (let ((?x52 (select ?x51 ?x21)))
 (let ((?x70 (store ?x51 ?x21 (+ ?x52 1))))
 (let ((?x71 (select ?x70 ?x21)))
 (let ((?x87 (store ?x70 ?x10 ?x71)))
 (let ((?x88 (select ?x87 ?x21)))
 (let ((?x93 (store ?x87 ?x21 (+ ?x88 1))))
 (let ((?x94 (select ?x93 ?x11)))
 (and (<= 0 ?x94) (< ?x94 1)))))))))))))))))))))))))
(assert
 (let ((?x8 (+ 0 5)))
 (let ((?x10 (+ ?x8 1)))
 (let ((?x11 (+ ?x10 1)))
 (let ((?x21 (+ ?x11 1)))
 (let ((?x6 ((as const (Array Int Int)) 0)))
 (let ((?x12 (store ?x6 ?x11 0)))
 (let ((?x18 (store ?x12 ?x11 (+ (select ?x12 ?x11) 1))))
 (let ((?x20 (store ?x18 ?x10 (select ?x18 ?x11))))
 (let ((?x24 (store ?x20 ?x21 (+ (select ?x20 ?x11) 1))))
 (let ((?x25 (select ?x24 ?x21)))
 (let ((?x29 (store ?x24 ?x21 (+ ?x25 1))))
 (let ((?x30 (select ?x29 ?x21)))
 (let ((?x46 (store ?x29 ?x10 ?x30)))
 (let ((?x47 (select ?x46 ?x21)))
 (let ((?x51 (store ?x46 ?x21 (+ ?x47 1))))
 (let ((?x52 (select ?x51 ?x21)))
 (let ((?x70 (store ?x51 ?x21 (+ ?x52 1))))
 (let ((?x71 (select ?x70 ?x21)))
 (let ((?x87 (store ?x70 ?x10 ?x71)))
 (let ((?x88 (select ?x87 ?x21)))
 (let ((?x93 (store ?x87 ?x21 (+ ?x88 1))))
 (let ((?x94 (select ?x93 ?x11)))
 (let ((?x103 (+ 0 (* 1 ?x94))))
 (let ((?x104 (select ?x93 ?x103)))
 (let ((?x107 (select ?x93 (+ 0 (* 1 (select ?x93 ?x10))))))
 (let ((?x110 (store ?x93 ?x103 (+ ?x107 ?x104))))
 (let ((?x111 (select ?x110 ?x11)))
 (and (<= 0 ?x111) (< ?x111 1))))))))))))))))))))))))))))))
(assert
 (let ((?x8 (+ 0 5)))
 (let ((?x10 (+ ?x8 1)))
 (let ((?x11 (+ ?x10 1)))
 (let ((?x21 (+ ?x11 1)))
 (let ((?x6 ((as const (Array Int Int)) 0)))
 (let ((?x12 (store ?x6 ?x11 0)))
 (let ((?x18 (store ?x12 ?x11 (+ (select ?x12 ?x11) 1))))
 (let ((?x20 (store ?x18 ?x10 (select ?x18 ?x11))))
 (let ((?x24 (store ?x20 ?x21 (+ (select ?x20 ?x11) 1))))
 (let ((?x25 (select ?x24 ?x21)))
 (let ((?x29 (store ?x24 ?x21 (+ ?x25 1))))
 (let ((?x30 (select ?x29 ?x21)))
 (let ((?x46 (store ?x29 ?x10 ?x30)))
 (let ((?x47 (select ?x46 ?x21)))
 (let ((?x51 (store ?x46 ?x21 (+ ?x47 1))))
 (let ((?x52 (select ?x51 ?x21)))
 (let ((?x70 (store ?x51 ?x21 (+ ?x52 1))))
 (let ((?x71 (select ?x70 ?x21)))
 (let ((?x87 (store ?x70 ?x10 ?x71)))
 (let ((?x88 (select ?x87 ?x21)))
 (let ((?x93 (store ?x87 ?x21 (+ ?x88 1))))
 (let ((?x94 (select ?x93 ?x11)))
 (let ((?x103 (+ 0 (* 1 ?x94))))
 (let ((?x104 (select ?x93 ?x103)))
 (let ((?x107 (select ?x93 (+ 0 (* 1 (select ?x93 ?x10))))))
 (let ((?x110 (store ?x93 ?x103 (+ ?x107 ?x104))))
 (let ((?x115 (select ?x110 ?x10)))
 (and (<= 0 ?x115) (< ?x115 1))))))))))))))))))))))))))))))
(assert
 (let ((?x8 (+ 0 5)))
 (let ((?x10 (+ ?x8 1)))
 (let ((?x11 (+ ?x10 1)))
 (let ((?x21 (+ ?x11 1)))
 (let ((?x6 ((as const (Array Int Int)) 0)))
 (let ((?x12 (store ?x6 ?x11 0)))
 (let ((?x18 (store ?x12 ?x11 (+ (select ?x12 ?x11) 1))))
 (let ((?x20 (store ?x18 ?x10 (select ?x18 ?x11))))
 (let ((?x24 (store ?x20 ?x21 (+ (select ?x20 ?x11) 1))))
 (let ((?x25 (select ?x24 ?x21)))
 (let ((?x29 (store ?x24 ?x21 (+ ?x25 1))))
 (let ((?x30 (select ?x29 ?x21)))
 (let ((?x46 (store ?x29 ?x10 ?x30)))
 (let ((?x47 (select ?x46 ?x21)))
 (let ((?x51 (store ?x46 ?x21 (+ ?x47 1))))
 (let ((?x52 (select ?x51 ?x21)))
 (let ((?x70 (store ?x51 ?x21 (+ ?x52 1))))
 (let ((?x71 (select ?x70 ?x21)))
 (let ((?x87 (store ?x70 ?x10 ?x71)))
 (let ((?x88 (select ?x87 ?x21)))
 (let ((?x93 (store ?x87 ?x21 (+ ?x88 1))))
 (let ((?x94 (select ?x93 ?x11)))
 (let ((?x103 (+ 0 (* 1 ?x94))))
 (let ((?x104 (select ?x93 ?x103)))
 (let ((?x107 (select ?x93 (+ 0 (* 1 (select ?x93 ?x10))))))
 (let ((?x110 (store ?x93 ?x103 (+ ?x107 ?x104))))
 (let ((?x115 (select ?x110 ?x10)))
 (and (<= 0 ?x115) (< ?x115 1))))))))))))))))))))))))))))))
(assert
 (let ((?x8 (+ 0 5)))
 (let ((?x10 (+ ?x8 1)))
 (let ((?x11 (+ ?x10 1)))
 (let ((?x21 (+ ?x11 1)))
 (let ((?x6 ((as const (Array Int Int)) 0)))
 (let ((?x12 (store ?x6 ?x11 0)))
 (let ((?x18 (store ?x12 ?x11 (+ (select ?x12 ?x11) 1))))
 (let ((?x20 (store ?x18 ?x10 (select ?x18 ?x11))))
 (let ((?x24 (store ?x20 ?x21 (+ (select ?x20 ?x11) 1))))
 (let ((?x25 (select ?x24 ?x21)))
 (let ((?x29 (store ?x24 ?x21 (+ ?x25 1))))
 (let ((?x30 (select ?x29 ?x21)))
 (let ((?x46 (store ?x29 ?x10 ?x30)))
 (let ((?x47 (select ?x46 ?x21)))
 (let ((?x51 (store ?x46 ?x21 (+ ?x47 1))))
 (let ((?x52 (select ?x51 ?x21)))
 (let ((?x70 (store ?x51 ?x21 (+ ?x52 1))))
 (let ((?x71 (select ?x70 ?x21)))
 (let ((?x87 (store ?x70 ?x10 ?x71)))
 (let ((?x88 (select ?x87 ?x21)))
 (let ((?x93 (store ?x87 ?x21 (+ ?x88 1))))
 (let ((?x94 (select ?x93 ?x11)))
 (let ((?x103 (+ 0 (* 1 ?x94))))
 (let ((?x104 (select ?x93 ?x103)))
 (let ((?x107 (select ?x93 (+ 0 (* 1 (select ?x93 ?x10))))))
 (let ((?x110 (store ?x93 ?x103 (+ ?x107 ?x104))))
 (let ((?x115 (select ?x110 ?x10)))
 (let ((?x120 (+ 0 (* 1 ?x115))))
 (let ((?x125 (- (select ?x110 (+ 0 (* 1 (select ?x110 ?x11)))) (select ?x110 ?x120))))
 (let ((?x126 (store ?x110 ?x120 ?x125)))
 (let ((?x127 (select ?x126 ?x11)))
 (and (<= 0 ?x127) (< ?x127 1))))))))))))))))))))))))))))))))))
(assert
 (let ((?x8 (+ 0 5)))
 (let ((?x10 (+ ?x8 1)))
 (let ((?x11 (+ ?x10 1)))
 (let ((?x21 (+ ?x11 1)))
 (let ((?x6 ((as const (Array Int Int)) 0)))
 (let ((?x12 (store ?x6 ?x11 0)))
 (let ((?x18 (store ?x12 ?x11 (+ (select ?x12 ?x11) 1))))
 (let ((?x20 (store ?x18 ?x10 (select ?x18 ?x11))))
 (let ((?x24 (store ?x20 ?x21 (+ (select ?x20 ?x11) 1))))
 (let ((?x25 (select ?x24 ?x21)))
 (let ((?x29 (store ?x24 ?x21 (+ ?x25 1))))
 (let ((?x30 (select ?x29 ?x21)))
 (let ((?x46 (store ?x29 ?x10 ?x30)))
 (let ((?x47 (select ?x46 ?x21)))
 (let ((?x51 (store ?x46 ?x21 (+ ?x47 1))))
 (let ((?x52 (select ?x51 ?x21)))
 (let ((?x70 (store ?x51 ?x21 (+ ?x52 1))))
 (let ((?x71 (select ?x70 ?x21)))
 (let ((?x87 (store ?x70 ?x10 ?x71)))
 (let ((?x88 (select ?x87 ?x21)))
 (let ((?x93 (store ?x87 ?x21 (+ ?x88 1))))
 (let ((?x94 (select ?x93 ?x11)))
 (let ((?x103 (+ 0 (* 1 ?x94))))
 (let ((?x104 (select ?x93 ?x103)))
 (let ((?x107 (select ?x93 (+ 0 (* 1 (select ?x93 ?x10))))))
 (let ((?x110 (store ?x93 ?x103 (+ ?x107 ?x104))))
 (let ((?x115 (select ?x110 ?x10)))
 (let ((?x120 (+ 0 (* 1 ?x115))))
 (let ((?x125 (- (select ?x110 (+ 0 (* 1 (select ?x110 ?x11)))) (select ?x110 ?x120))))
 (let ((?x126 (store ?x110 ?x120 ?x125)))
 (let ((?x131 (select ?x126 ?x10)))
 (and (<= 0 ?x131) (< ?x131 1))))))))))))))))))))))))))))))))))
(assert
 (let ((?x8 (+ 0 5)))
 (let ((?x10 (+ ?x8 1)))
 (let ((?x11 (+ ?x10 1)))
 (let ((?x21 (+ ?x11 1)))
 (let ((?x6 ((as const (Array Int Int)) 0)))
 (let ((?x12 (store ?x6 ?x11 0)))
 (let ((?x18 (store ?x12 ?x11 (+ (select ?x12 ?x11) 1))))
 (let ((?x20 (store ?x18 ?x10 (select ?x18 ?x11))))
 (let ((?x24 (store ?x20 ?x21 (+ (select ?x20 ?x11) 1))))
 (let ((?x25 (select ?x24 ?x21)))
 (let ((?x29 (store ?x24 ?x21 (+ ?x25 1))))
 (let ((?x30 (select ?x29 ?x21)))
 (let ((?x46 (store ?x29 ?x10 ?x30)))
 (let ((?x47 (select ?x46 ?x21)))
 (let ((?x51 (store ?x46 ?x21 (+ ?x47 1))))
 (let ((?x52 (select ?x51 ?x21)))
 (let ((?x70 (store ?x51 ?x21 (+ ?x52 1))))
 (let ((?x71 (select ?x70 ?x21)))
 (let ((?x87 (store ?x70 ?x10 ?x71)))
 (let ((?x88 (select ?x87 ?x21)))
 (let ((?x93 (store ?x87 ?x21 (+ ?x88 1))))
 (let ((?x94 (select ?x93 ?x11)))
 (let ((?x103 (+ 0 (* 1 ?x94))))
 (let ((?x104 (select ?x93 ?x103)))
 (let ((?x107 (select ?x93 (+ 0 (* 1 (select ?x93 ?x10))))))
 (let ((?x110 (store ?x93 ?x103 (+ ?x107 ?x104))))
 (let ((?x115 (select ?x110 ?x10)))
 (let ((?x120 (+ 0 (* 1 ?x115))))
 (let ((?x125 (- (select ?x110 (+ 0 (* 1 (select ?x110 ?x11)))) (select ?x110 ?x120))))
 (let ((?x126 (store ?x110 ?x120 ?x125)))
 (let ((?x127 (select ?x126 ?x11)))
 (and (<= 0 ?x127) (< ?x127 1))))))))))))))))))))))))))))))))))
(check-sat)

[mem]:17
Path:int data[5];
int n;
int min;
int i=0;
@(i<n-1);
i=i+1;
int i=0;
min=i;
int j=i+1;
@(j<n);
j=j+1;
int j=i+1;
@(!(data[j]<data[min]));

min=j;

@(j<n);
j=j+1;
int j=i+1;
@(data[j]<data[min]);

@(j<n);
j=j+1;
int j=i+1;
@(!(data[j]<data[min]));

min=j;

@(!(j<n));
j=j+1;

@(!(data[i]!=data[min]));

data[i]=data[min]+data[i];
data[min]=data[i]-data[min];
data[i]=data[i]-data[min];

warning: a declaration with the name "i" already exists!
warning: a declaration with the name "j" already exists!
warning: a declaration with the name "j" already exists!
warning: a declaration with the name "j" already exists!
debug:solver.cpp:60: input is a c0 path.
debug:solver.cpp:60: input is a c0 path.
infeasible!!!
SMT2:; 
(set-info :status unknown)
(assert
 (let ((?x8 (+ 0 5)))
 (let ((?x10 (+ ?x8 1)))
 (let ((?x11 (+ ?x10 1)))
 (let ((?x6 ((as const (Array Int Int)) 0)))
 (let ((?x12 (store ?x6 ?x11 0)))
 (let ((?x13 (select ?x12 ?x11)))
 (< ?x13 (- (select ?x12 ?x8) 1)))))))))
(assert
 (let ((?x8 (+ 0 5)))
 (let ((?x10 (+ ?x8 1)))
 (let ((?x11 (+ ?x10 1)))
 (let ((?x6 ((as const (Array Int Int)) 0)))
 (let ((?x12 (store ?x6 ?x11 0)))
 (let ((?x18 (store ?x12 ?x11 (+ (select ?x12 ?x11) 1))))
 (let ((?x20 (store ?x18 ?x10 (select ?x18 ?x11))))
 (let ((?x21 (+ ?x11 1)))
 (let ((?x24 (store ?x20 ?x21 (+ (select ?x20 ?x11) 1))))
 (let ((?x25 (select ?x24 ?x21)))
 (< ?x25 (select ?x24 ?x8)))))))))))))
(assert
 (let ((?x8 (+ 0 5)))
 (let ((?x10 (+ ?x8 1)))
 (let ((?x11 (+ ?x10 1)))
 (let ((?x21 (+ ?x11 1)))
 (let ((?x6 ((as const (Array Int Int)) 0)))
 (let ((?x12 (store ?x6 ?x11 0)))
 (let ((?x18 (store ?x12 ?x11 (+ (select ?x12 ?x11) 1))))
 (let ((?x20 (store ?x18 ?x10 (select ?x18 ?x11))))
 (let ((?x24 (store ?x20 ?x21 (+ (select ?x20 ?x11) 1))))
 (let ((?x25 (select ?x24 ?x21)))
 (let ((?x29 (store ?x24 ?x21 (+ ?x25 1))))
 (let ((?x30 (select ?x29 ?x21)))
 (and (<= 0 ?x30) (< ?x30 1)))))))))))))))
(assert
 (let ((?x8 (+ 0 5)))
 (let ((?x10 (+ ?x8 1)))
 (let ((?x11 (+ ?x10 1)))
 (let ((?x21 (+ ?x11 1)))
 (let ((?x6 ((as const (Array Int Int)) 0)))
 (let ((?x12 (store ?x6 ?x11 0)))
 (let ((?x18 (store ?x12 ?x11 (+ (select ?x12 ?x11) 1))))
 (let ((?x20 (store ?x18 ?x10 (select ?x18 ?x11))))
 (let ((?x24 (store ?x20 ?x21 (+ (select ?x20 ?x11) 1))))
 (let ((?x25 (select ?x24 ?x21)))
 (let ((?x29 (store ?x24 ?x21 (+ ?x25 1))))
 (let ((?x34 (select ?x29 ?x10)))
 (and (<= 0 ?x34) (< ?x34 1)))))))))))))))
(assert
 (let ((?x8 (+ 0 5)))
 (let ((?x10 (+ ?x8 1)))
 (let ((?x11 (+ ?x10 1)))
 (let ((?x21 (+ ?x11 1)))
 (let ((?x6 ((as const (Array Int Int)) 0)))
 (let ((?x12 (store ?x6 ?x11 0)))
 (let ((?x18 (store ?x12 ?x11 (+ (select ?x12 ?x11) 1))))
 (let ((?x20 (store ?x18 ?x10 (select ?x18 ?x11))))
 (let ((?x24 (store ?x20 ?x21 (+ (select ?x20 ?x11) 1))))
 (let ((?x25 (select ?x24 ?x21)))
 (let ((?x29 (store ?x24 ?x21 (+ ?x25 1))))
 (let ((?x34 (select ?x29 ?x10)))
 (let (($x44 (< (select ?x29 (+ 0 (* 1 (select ?x29 ?x21)))) (select ?x29 (+ 0 (* 1 ?x34))))))
 (not $x44)))))))))))))))
(assert
 (let ((?x8 (+ 0 5)))
 (let ((?x10 (+ ?x8 1)))
 (let ((?x11 (+ ?x10 1)))
 (let ((?x21 (+ ?x11 1)))
 (let ((?x6 ((as const (Array Int Int)) 0)))
 (let ((?x12 (store ?x6 ?x11 0)))
 (let ((?x18 (store ?x12 ?x11 (+ (select ?x12 ?x11) 1))))
 (let ((?x20 (store ?x18 ?x10 (select ?x18 ?x11))))
 (let ((?x24 (store ?x20 ?x21 (+ (select ?x20 ?x11) 1))))
 (let ((?x25 (select ?x24 ?x21)))
 (let ((?x29 (store ?x24 ?x21 (+ ?x25 1))))
 (let ((?x30 (select ?x29 ?x21)))
 (let ((?x46 (store ?x29 ?x10 ?x30)))
 (let ((?x47 (select ?x46 ?x21)))
 (< ?x47 (select ?x46 ?x8)))))))))))))))))
(assert
 (let ((?x8 (+ 0 5)))
 (let ((?x10 (+ ?x8 1)))
 (let ((?x11 (+ ?x10 1)))
 (let ((?x21 (+ ?x11 1)))
 (let ((?x6 ((as const (Array Int Int)) 0)))
 (let ((?x12 (store ?x6 ?x11 0)))
 (let ((?x18 (store ?x12 ?x11 (+ (select ?x12 ?x11) 1))))
 (let ((?x20 (store ?x18 ?x10 (select ?x18 ?x11))))
 (let ((?x24 (store ?x20 ?x21 (+ (select ?x20 ?x11) 1))))
 (let ((?x25 (select ?x24 ?x21)))
 (let ((?x29 (store ?x24 ?x21 (+ ?x25 1))))
 (let ((?x30 (select ?x29 ?x21)))
 (let ((?x46 (store ?x29 ?x10 ?x30)))
 (let ((?x47 (select ?x46 ?x21)))
 (let ((?x51 (store ?x46 ?x21 (+ ?x47 1))))
 (let ((?x52 (select ?x51 ?x21)))
 (and (<= 0 ?x52) (< ?x52 1)))))))))))))))))))
(assert
 (let ((?x8 (+ 0 5)))
 (let ((?x10 (+ ?x8 1)))
 (let ((?x11 (+ ?x10 1)))
 (let ((?x21 (+ ?x11 1)))
 (let ((?x6 ((as const (Array Int Int)) 0)))
 (let ((?x12 (store ?x6 ?x11 0)))
 (let ((?x18 (store ?x12 ?x11 (+ (select ?x12 ?x11) 1))))
 (let ((?x20 (store ?x18 ?x10 (select ?x18 ?x11))))
 (let ((?x24 (store ?x20 ?x21 (+ (select ?x20 ?x11) 1))))
 (let ((?x25 (select ?x24 ?x21)))
 (let ((?x29 (store ?x24 ?x21 (+ ?x25 1))))
 (let ((?x30 (select ?x29 ?x21)))
 (let ((?x46 (store ?x29 ?x10 ?x30)))
 (let ((?x47 (select ?x46 ?x21)))
 (let ((?x51 (store ?x46 ?x21 (+ ?x47 1))))
 (let ((?x56 (select ?x51 ?x10)))
 (and (<= 0 ?x56) (< ?x56 1)))))))))))))))))))
(assert
 (let ((?x8 (+ 0 5)))
 (let ((?x10 (+ ?x8 1)))
 (let ((?x11 (+ ?x10 1)))
 (let ((?x21 (+ ?x11 1)))
 (let ((?x6 ((as const (Array Int Int)) 0)))
 (let ((?x12 (store ?x6 ?x11 0)))
 (let ((?x18 (store ?x12 ?x11 (+ (select ?x12 ?x11) 1))))
 (let ((?x20 (store ?x18 ?x10 (select ?x18 ?x11))))
 (let ((?x24 (store ?x20 ?x21 (+ (select ?x20 ?x11) 1))))
 (let ((?x25 (select ?x24 ?x21)))
 (let ((?x29 (store ?x24 ?x21 (+ ?x25 1))))
 (let ((?x30 (select ?x29 ?x21)))
 (let ((?x46 (store ?x29 ?x10 ?x30)))
 (let ((?x47 (select ?x46 ?x21)))
 (let ((?x51 (store ?x46 ?x21 (+ ?x47 1))))
 (let ((?x56 (select ?x51 ?x10)))
 (< (select ?x51 (+ 0 (* 1 (select ?x51 ?x21)))) (select ?x51 (+ 0 (* 1 ?x56)))))))))))))))))))))
(assert
 (let ((?x8 (+ 0 5)))
 (let ((?x10 (+ ?x8 1)))
 (let ((?x11 (+ ?x10 1)))
 (let ((?x21 (+ ?x11 1)))
 (let ((?x6 ((as const (Array Int Int)) 0)))
 (let ((?x12 (store ?x6 ?x11 0)))
 (let ((?x18 (store ?x12 ?x11 (+ (select ?x12 ?x11) 1))))
 (let ((?x20 (store ?x18 ?x10 (select ?x18 ?x11))))
 (let ((?x24 (store ?x20 ?x21 (+ (select ?x20 ?x11) 1))))
 (let ((?x25 (select ?x24 ?x21)))
 (let ((?x29 (store ?x24 ?x21 (+ ?x25 1))))
 (let ((?x30 (select ?x29 ?x21)))
 (let ((?x46 (store ?x29 ?x10 ?x30)))
 (let ((?x47 (select ?x46 ?x21)))
 (let ((?x51 (store ?x46 ?x21 (+ ?x47 1))))
 (let ((?x52 (select ?x51 ?x21)))
 (< ?x52 (select ?x51 ?x8)))))))))))))))))))
(assert
 (let ((?x8 (+ 0 5)))
 (let ((?x10 (+ ?x8 1)))
 (let ((?x11 (+ ?x10 1)))
 (let ((?x21 (+ ?x11 1)))
 (let ((?x6 ((as const (Array Int Int)) 0)))
 (let ((?x12 (store ?x6 ?x11 0)))
 (let ((?x18 (store ?x12 ?x11 (+ (select ?x12 ?x11) 1))))
 (let ((?x20 (store ?x18 ?x10 (select ?x18 ?x11))))
 (let ((?x24 (store ?x20 ?x21 (+ (select ?x20 ?x11) 1))))
 (let ((?x25 (select ?x24 ?x21)))
 (let ((?x29 (store ?x24 ?x21 (+ ?x25 1))))
 (let ((?x30 (select ?x29 ?x21)))
 (let ((?x46 (store ?x29 ?x10 ?x30)))
 (let ((?x47 (select ?x46 ?x21)))
 (let ((?x51 (store ?x46 ?x21 (+ ?x47 1))))
 (let ((?x52 (select ?x51 ?x21)))
 (let ((?x70 (store ?x51 ?x21 (+ ?x52 1))))
 (let ((?x71 (select ?x70 ?x21)))
 (and (<= 0 ?x71) (< ?x71 1)))))))))))))))))))))
(assert
 (let ((?x8 (+ 0 5)))
 (let ((?x10 (+ ?x8 1)))
 (let ((?x11 (+ ?x10 1)))
 (let ((?x21 (+ ?x11 1)))
 (let ((?x6 ((as const (Array Int Int)) 0)))
 (let ((?x12 (store ?x6 ?x11 0)))
 (let ((?x18 (store ?x12 ?x11 (+ (select ?x12 ?x11) 1))))
 (let ((?x20 (store ?x18 ?x10 (select ?x18 ?x11))))
 (let ((?x24 (store ?x20 ?x21 (+ (select ?x20 ?x11) 1))))
 (let ((?x25 (select ?x24 ?x21)))
 (let ((?x29 (store ?x24 ?x21 (+ ?x25 1))))
 (let ((?x30 (select ?x29 ?x21)))
 (let ((?x46 (store ?x29 ?x10 ?x30)))
 (let ((?x47 (select ?x46 ?x21)))
 (let ((?x51 (store ?x46 ?x21 (+ ?x47 1))))
 (let ((?x52 (select ?x51 ?x21)))
 (let ((?x70 (store ?x51 ?x21 (+ ?x52 1))))
 (let ((?x75 (select ?x70 ?x10)))
 (and (<= 0 ?x75) (< ?x75 1)))))))))))))))))))))
(assert
 (let ((?x8 (+ 0 5)))
 (let ((?x10 (+ ?x8 1)))
 (let ((?x11 (+ ?x10 1)))
 (let ((?x21 (+ ?x11 1)))
 (let ((?x6 ((as const (Array Int Int)) 0)))
 (let ((?x12 (store ?x6 ?x11 0)))
 (let ((?x18 (store ?x12 ?x11 (+ (select ?x12 ?x11) 1))))
 (let ((?x20 (store ?x18 ?x10 (select ?x18 ?x11))))
 (let ((?x24 (store ?x20 ?x21 (+ (select ?x20 ?x11) 1))))
 (let ((?x25 (select ?x24 ?x21)))
 (let ((?x29 (store ?x24 ?x21 (+ ?x25 1))))
 (let ((?x30 (select ?x29 ?x21)))
 (let ((?x46 (store ?x29 ?x10 ?x30)))
 (let ((?x47 (select ?x46 ?x21)))
 (let ((?x51 (store ?x46 ?x21 (+ ?x47 1))))
 (let ((?x52 (select ?x51 ?x21)))
 (let ((?x70 (store ?x51 ?x21 (+ ?x52 1))))
 (let ((?x75 (select ?x70 ?x10)))
 (let (($x85 (< (select ?x70 (+ 0 (* 1 (select ?x70 ?x21)))) (select ?x70 (+ 0 (* 1 ?x75))))))
 (not $x85)))))))))))))))))))))
(assert
 (let ((?x8 (+ 0 5)))
 (let ((?x10 (+ ?x8 1)))
 (let ((?x11 (+ ?x10 1)))
 (let ((?x21 (+ ?x11 1)))
 (let ((?x6 ((as const (Array Int Int)) 0)))
 (let ((?x12 (store ?x6 ?x11 0)))
 (let ((?x18 (store ?x12 ?x11 (+ (select ?x12 ?x11) 1))))
 (let ((?x20 (store ?x18 ?x10 (select ?x18 ?x11))))
 (let ((?x24 (store ?x20 ?x21 (+ (select ?x20 ?x11) 1))))
 (let ((?x25 (select ?x24 ?x21)))
 (let ((?x29 (store ?x24 ?x21 (+ ?x25 1))))
 (let ((?x30 (select ?x29 ?x21)))
 (let ((?x46 (store ?x29 ?x10 ?x30)))
 (let ((?x47 (select ?x46 ?x21)))
 (let ((?x51 (store ?x46 ?x21 (+ ?x47 1))))
 (let ((?x52 (select ?x51 ?x21)))
 (let ((?x70 (store ?x51 ?x21 (+ ?x52 1))))
 (let ((?x71 (select ?x70 ?x21)))
 (let ((?x87 (store ?x70 ?x10 ?x71)))
 (let ((?x88 (select ?x87 ?x21)))
 (not (< ?x88 (select ?x87 ?x8))))))))))))))))))))))))
(assert
 (let ((?x8 (+ 0 5)))
 (let ((?x10 (+ ?x8 1)))
 (let ((?x11 (+ ?x10 1)))
 (let ((?x21 (+ ?x11 1)))
 (let ((?x6 ((as const (Array Int Int)) 0)))
 (let ((?x12 (store ?x6 ?x11 0)))
 (let ((?x18 (store ?x12 ?x11 (+ (select ?x12 ?x11) 1))))
 (let ((?x20 (store ?x18 ?x10 (select ?x18 ?x11))))
 (let ((?x24 (store ?x20 ?x21 (+ (select ?x20 ?x11) 1))))
 (let ((?x25 (select ?x24 ?x21)))
 (let ((?x29 (store ?x24 ?x21 (+ ?x25 1))))
 (let ((?x30 (select ?x29 ?x21)))
 (let ((?x46 (store ?x29 ?x10 ?x30)))
 (let ((?x47 (select ?x46 ?x21)))
 (let ((?x51 (store ?x46 ?x21 (+ ?x47 1))))
 (let ((?x52 (select ?x51 ?x21)))
 (let ((?x70 (store ?x51 ?x21 (+ ?x52 1))))
 (let ((?x71 (select ?x70 ?x21)))
 (let ((?x87 (store ?x70 ?x10 ?x71)))
 (let ((?x88 (select ?x87 ?x21)))
 (let ((?x93 (store ?x87 ?x21 (+ ?x88 1))))
 (let ((?x94 (select ?x93 ?x11)))
 (and (<= 0 ?x94) (< ?x94 1)))))))))))))))))))))))))
(assert
 (let ((?x8 (+ 0 5)))
 (let ((?x10 (+ ?x8 1)))
 (let ((?x11 (+ ?x10 1)))
 (let ((?x21 (+ ?x11 1)))
 (let ((?x6 ((as const (Array Int Int)) 0)))
 (let ((?x12 (store ?x6 ?x11 0)))
 (let ((?x18 (store ?x12 ?x11 (+ (select ?x12 ?x11) 1))))
 (let ((?x20 (store ?x18 ?x10 (select ?x18 ?x11))))
 (let ((?x24 (store ?x20 ?x21 (+ (select ?x20 ?x11) 1))))
 (let ((?x25 (select ?x24 ?x21)))
 (let ((?x29 (store ?x24 ?x21 (+ ?x25 1))))
 (let ((?x30 (select ?x29 ?x21)))
 (let ((?x46 (store ?x29 ?x10 ?x30)))
 (let ((?x47 (select ?x46 ?x21)))
 (let ((?x51 (store ?x46 ?x21 (+ ?x47 1))))
 (let ((?x52 (select ?x51 ?x21)))
 (let ((?x70 (store ?x51 ?x21 (+ ?x52 1))))
 (let ((?x71 (select ?x70 ?x21)))
 (let ((?x87 (store ?x70 ?x10 ?x71)))
 (let ((?x88 (select ?x87 ?x21)))
 (let ((?x93 (store ?x87 ?x21 (+ ?x88 1))))
 (let ((?x98 (select ?x93 ?x10)))
 (and (<= 0 ?x98) (< ?x98 1)))))))))))))))))))))))))
(assert
 (let ((?x8 (+ 0 5)))
 (let ((?x10 (+ ?x8 1)))
 (let ((?x11 (+ ?x10 1)))
 (let ((?x21 (+ ?x11 1)))
 (let ((?x6 ((as const (Array Int Int)) 0)))
 (let ((?x12 (store ?x6 ?x11 0)))
 (let ((?x18 (store ?x12 ?x11 (+ (select ?x12 ?x11) 1))))
 (let ((?x20 (store ?x18 ?x10 (select ?x18 ?x11))))
 (let ((?x24 (store ?x20 ?x21 (+ (select ?x20 ?x11) 1))))
 (let ((?x25 (select ?x24 ?x21)))
 (let ((?x29 (store ?x24 ?x21 (+ ?x25 1))))
 (let ((?x30 (select ?x29 ?x21)))
 (let ((?x46 (store ?x29 ?x10 ?x30)))
 (let ((?x47 (select ?x46 ?x21)))
 (let ((?x51 (store ?x46 ?x21 (+ ?x47 1))))
 (let ((?x52 (select ?x51 ?x21)))
 (let ((?x70 (store ?x51 ?x21 (+ ?x52 1))))
 (let ((?x71 (select ?x70 ?x21)))
 (let ((?x87 (store ?x70 ?x10 ?x71)))
 (let ((?x88 (select ?x87 ?x21)))
 (let ((?x93 (store ?x87 ?x21 (+ ?x88 1))))
 (let ((?x98 (select ?x93 ?x10)))
 (let ((?x107 (select ?x93 (+ 0 (* 1 ?x98)))))
 (let ((?x103 (+ 0 (* 1 (select ?x93 ?x11)))))
 (let ((?x104 (select ?x93 ?x103)))
 (not (and (distinct ?x104 ?x107) true))))))))))))))))))))))))))))
(assert
 (let ((?x8 (+ 0 5)))
 (let ((?x10 (+ ?x8 1)))
 (let ((?x11 (+ ?x10 1)))
 (let ((?x21 (+ ?x11 1)))
 (let ((?x6 ((as const (Array Int Int)) 0)))
 (let ((?x12 (store ?x6 ?x11 0)))
 (let ((?x18 (store ?x12 ?x11 (+ (select ?x12 ?x11) 1))))
 (let ((?x20 (store ?x18 ?x10 (select ?x18 ?x11))))
 (let ((?x24 (store ?x20 ?x21 (+ (select ?x20 ?x11) 1))))
 (let ((?x25 (select ?x24 ?x21)))
 (let ((?x29 (store ?x24 ?x21 (+ ?x25 1))))
 (let ((?x30 (select ?x29 ?x21)))
 (let ((?x46 (store ?x29 ?x10 ?x30)))
 (let ((?x47 (select ?x46 ?x21)))
 (let ((?x51 (store ?x46 ?x21 (+ ?x47 1))))
 (let ((?x52 (select ?x51 ?x21)))
 (let ((?x70 (store ?x51 ?x21 (+ ?x52 1))))
 (let ((?x71 (select ?x70 ?x21)))
 (let ((?x87 (store ?x70 ?x10 ?x71)))
 (let ((?x88 (select ?x87 ?x21)))
 (let ((?x93 (store ?x87 ?x21 (+ ?x88 1))))
 (let ((?x98 (select ?x93 ?x10)))
 (and (<= 0 ?x98) (< ?x98 1)))))))))))))))))))))))))
(assert
 (let ((?x8 (+ 0 5)))
 (let ((?x10 (+ ?x8 1)))
 (let ((?x11 (+ ?x10 1)))
 (let ((?x21 (+ ?x11 1)))
 (let ((?x6 ((as const (Array Int Int)) 0)))
 (let ((?x12 (store ?x6 ?x11 0)))
 (let ((?x18 (store ?x12 ?x11 (+ (select ?x12 ?x11) 1))))
 (let ((?x20 (store ?x18 ?x10 (select ?x18 ?x11))))
 (let ((?x24 (store ?x20 ?x21 (+ (select ?x20 ?x11) 1))))
 (let ((?x25 (select ?x24 ?x21)))
 (let ((?x29 (store ?x24 ?x21 (+ ?x25 1))))
 (let ((?x30 (select ?x29 ?x21)))
 (let ((?x46 (store ?x29 ?x10 ?x30)))
 (let ((?x47 (select ?x46 ?x21)))
 (let ((?x51 (store ?x46 ?x21 (+ ?x47 1))))
 (let ((?x52 (select ?x51 ?x21)))
 (let ((?x70 (store ?x51 ?x21 (+ ?x52 1))))
 (let ((?x71 (select ?x70 ?x21)))
 (let ((?x87 (store ?x70 ?x10 ?x71)))
 (let ((?x88 (select ?x87 ?x21)))
 (let ((?x93 (store ?x87 ?x21 (+ ?x88 1))))
 (let ((?x94 (select ?x93 ?x11)))
 (and (<= 0 ?x94) (< ?x94 1)))))))))))))))))))))))))
(assert
 (let ((?x8 (+ 0 5)))
 (let ((?x10 (+ ?x8 1)))
 (let ((?x11 (+ ?x10 1)))
 (let ((?x21 (+ ?x11 1)))
 (let ((?x6 ((as const (Array Int Int)) 0)))
 (let ((?x12 (store ?x6 ?x11 0)))
 (let ((?x18 (store ?x12 ?x11 (+ (select ?x12 ?x11) 1))))
 (let ((?x20 (store ?x18 ?x10 (select ?x18 ?x11))))
 (let ((?x24 (store ?x20 ?x21 (+ (select ?x20 ?x11) 1))))
 (let ((?x25 (select ?x24 ?x21)))
 (let ((?x29 (store ?x24 ?x21 (+ ?x25 1))))
 (let ((?x30 (select ?x29 ?x21)))
 (let ((?x46 (store ?x29 ?x10 ?x30)))
 (let ((?x47 (select ?x46 ?x21)))
 (let ((?x51 (store ?x46 ?x21 (+ ?x47 1))))
 (let ((?x52 (select ?x51 ?x21)))
 (let ((?x70 (store ?x51 ?x21 (+ ?x52 1))))
 (let ((?x71 (select ?x70 ?x21)))
 (let ((?x87 (store ?x70 ?x10 ?x71)))
 (let ((?x88 (select ?x87 ?x21)))
 (let ((?x93 (store ?x87 ?x21 (+ ?x88 1))))
 (let ((?x94 (select ?x93 ?x11)))
 (and (<= 0 ?x94) (< ?x94 1)))))))))))))))))))))))))
(assert
 (let ((?x8 (+ 0 5)))
 (let ((?x10 (+ ?x8 1)))
 (let ((?x11 (+ ?x10 1)))
 (let ((?x21 (+ ?x11 1)))
 (let ((?x6 ((as const (Array Int Int)) 0)))
 (let ((?x12 (store ?x6 ?x11 0)))
 (let ((?x18 (store ?x12 ?x11 (+ (select ?x12 ?x11) 1))))
 (let ((?x20 (store ?x18 ?x10 (select ?x18 ?x11))))
 (let ((?x24 (store ?x20 ?x21 (+ (select ?x20 ?x11) 1))))
 (let ((?x25 (select ?x24 ?x21)))
 (let ((?x29 (store ?x24 ?x21 (+ ?x25 1))))
 (let ((?x30 (select ?x29 ?x21)))
 (let ((?x46 (store ?x29 ?x10 ?x30)))
 (let ((?x47 (select ?x46 ?x21)))
 (let ((?x51 (store ?x46 ?x21 (+ ?x47 1))))
 (let ((?x52 (select ?x51 ?x21)))
 (let ((?x70 (store ?x51 ?x21 (+ ?x52 1))))
 (let ((?x71 (select ?x70 ?x21)))
 (let ((?x87 (store ?x70 ?x10 ?x71)))
 (let ((?x88 (select ?x87 ?x21)))
 (let ((?x93 (store ?x87 ?x21 (+ ?x88 1))))
 (let ((?x94 (select ?x93 ?x11)))
 (let ((?x103 (+ 0 (* 1 ?x94))))
 (let ((?x104 (select ?x93 ?x103)))
 (let ((?x107 (select ?x93 (+ 0 (* 1 (select ?x93 ?x10))))))
 (let ((?x111 (store ?x93 ?x103 (+ ?x107 ?x104))))
 (let ((?x112 (select ?x111 ?x11)))
 (and (<= 0 ?x112) (< ?x112 1))))))))))))))))))))))))))))))
(assert
 (let ((?x8 (+ 0 5)))
 (let ((?x10 (+ ?x8 1)))
 (let ((?x11 (+ ?x10 1)))
 (let ((?x21 (+ ?x11 1)))
 (let ((?x6 ((as const (Array Int Int)) 0)))
 (let ((?x12 (store ?x6 ?x11 0)))
 (let ((?x18 (store ?x12 ?x11 (+ (select ?x12 ?x11) 1))))
 (let ((?x20 (store ?x18 ?x10 (select ?x18 ?x11))))
 (let ((?x24 (store ?x20 ?x21 (+ (select ?x20 ?x11) 1))))
 (let ((?x25 (select ?x24 ?x21)))
 (let ((?x29 (store ?x24 ?x21 (+ ?x25 1))))
 (let ((?x30 (select ?x29 ?x21)))
 (let ((?x46 (store ?x29 ?x10 ?x30)))
 (let ((?x47 (select ?x46 ?x21)))
 (let ((?x51 (store ?x46 ?x21 (+ ?x47 1))))
 (let ((?x52 (select ?x51 ?x21)))
 (let ((?x70 (store ?x51 ?x21 (+ ?x52 1))))
 (let ((?x71 (select ?x70 ?x21)))
 (let ((?x87 (store ?x70 ?x10 ?x71)))
 (let ((?x88 (select ?x87 ?x21)))
 (let ((?x93 (store ?x87 ?x21 (+ ?x88 1))))
 (let ((?x94 (select ?x93 ?x11)))
 (let ((?x103 (+ 0 (* 1 ?x94))))
 (let ((?x104 (select ?x93 ?x103)))
 (let ((?x107 (select ?x93 (+ 0 (* 1 (select ?x93 ?x10))))))
 (let ((?x111 (store ?x93 ?x103 (+ ?x107 ?x104))))
 (let ((?x116 (select ?x111 ?x10)))
 (and (<= 0 ?x116) (< ?x116 1))))))))))))))))))))))))))))))
(assert
 (let ((?x8 (+ 0 5)))
 (let ((?x10 (+ ?x8 1)))
 (let ((?x11 (+ ?x10 1)))
 (let ((?x21 (+ ?x11 1)))
 (let ((?x6 ((as const (Array Int Int)) 0)))
 (let ((?x12 (store ?x6 ?x11 0)))
 (let ((?x18 (store ?x12 ?x11 (+ (select ?x12 ?x11) 1))))
 (let ((?x20 (store ?x18 ?x10 (select ?x18 ?x11))))
 (let ((?x24 (store ?x20 ?x21 (+ (select ?x20 ?x11) 1))))
 (let ((?x25 (select ?x24 ?x21)))
 (let ((?x29 (store ?x24 ?x21 (+ ?x25 1))))
 (let ((?x30 (select ?x29 ?x21)))
 (let ((?x46 (store ?x29 ?x10 ?x30)))
 (let ((?x47 (select ?x46 ?x21)))
 (let ((?x51 (store ?x46 ?x21 (+ ?x47 1))))
 (let ((?x52 (select ?x51 ?x21)))
 (let ((?x70 (store ?x51 ?x21 (+ ?x52 1))))
 (let ((?x71 (select ?x70 ?x21)))
 (let ((?x87 (store ?x70 ?x10 ?x71)))
 (let ((?x88 (select ?x87 ?x21)))
 (let ((?x93 (store ?x87 ?x21 (+ ?x88 1))))
 (let ((?x94 (select ?x93 ?x11)))
 (let ((?x103 (+ 0 (* 1 ?x94))))
 (let ((?x104 (select ?x93 ?x103)))
 (let ((?x107 (select ?x93 (+ 0 (* 1 (select ?x93 ?x10))))))
 (let ((?x111 (store ?x93 ?x103 (+ ?x107 ?x104))))
 (let ((?x116 (select ?x111 ?x10)))
 (and (<= 0 ?x116) (< ?x116 1))))))))))))))))))))))))))))))
(assert
 (let ((?x8 (+ 0 5)))
 (let ((?x10 (+ ?x8 1)))
 (let ((?x11 (+ ?x10 1)))
 (let ((?x21 (+ ?x11 1)))
 (let ((?x6 ((as const (Array Int Int)) 0)))
 (let ((?x12 (store ?x6 ?x11 0)))
 (let ((?x18 (store ?x12 ?x11 (+ (select ?x12 ?x11) 1))))
 (let ((?x20 (store ?x18 ?x10 (select ?x18 ?x11))))
 (let ((?x24 (store ?x20 ?x21 (+ (select ?x20 ?x11) 1))))
 (let ((?x25 (select ?x24 ?x21)))
 (let ((?x29 (store ?x24 ?x21 (+ ?x25 1))))
 (let ((?x30 (select ?x29 ?x21)))
 (let ((?x46 (store ?x29 ?x10 ?x30)))
 (let ((?x47 (select ?x46 ?x21)))
 (let ((?x51 (store ?x46 ?x21 (+ ?x47 1))))
 (let ((?x52 (select ?x51 ?x21)))
 (let ((?x70 (store ?x51 ?x21 (+ ?x52 1))))
 (let ((?x71 (select ?x70 ?x21)))
 (let ((?x87 (store ?x70 ?x10 ?x71)))
 (let ((?x88 (select ?x87 ?x21)))
 (let ((?x93 (store ?x87 ?x21 (+ ?x88 1))))
 (let ((?x94 (select ?x93 ?x11)))
 (let ((?x103 (+ 0 (* 1 ?x94))))
 (let ((?x104 (select ?x93 ?x103)))
 (let ((?x107 (select ?x93 (+ 0 (* 1 (select ?x93 ?x10))))))
 (let ((?x111 (store ?x93 ?x103 (+ ?x107 ?x104))))
 (let ((?x116 (select ?x111 ?x10)))
 (let ((?x121 (+ 0 (* 1 ?x116))))
 (let ((?x126 (- (select ?x111 (+ 0 (* 1 (select ?x111 ?x11)))) (select ?x111 ?x121))))
 (let ((?x127 (store ?x111 ?x121 ?x126)))
 (let ((?x128 (select ?x127 ?x11)))
 (and (<= 0 ?x128) (< ?x128 1))))))))))))))))))))))))))))))))))
(assert
 (let ((?x8 (+ 0 5)))
 (let ((?x10 (+ ?x8 1)))
 (let ((?x11 (+ ?x10 1)))
 (let ((?x21 (+ ?x11 1)))
 (let ((?x6 ((as const (Array Int Int)) 0)))
 (let ((?x12 (store ?x6 ?x11 0)))
 (let ((?x18 (store ?x12 ?x11 (+ (select ?x12 ?x11) 1))))
 (let ((?x20 (store ?x18 ?x10 (select ?x18 ?x11))))
 (let ((?x24 (store ?x20 ?x21 (+ (select ?x20 ?x11) 1))))
 (let ((?x25 (select ?x24 ?x21)))
 (let ((?x29 (store ?x24 ?x21 (+ ?x25 1))))
 (let ((?x30 (select ?x29 ?x21)))
 (let ((?x46 (store ?x29 ?x10 ?x30)))
 (let ((?x47 (select ?x46 ?x21)))
 (let ((?x51 (store ?x46 ?x21 (+ ?x47 1))))
 (let ((?x52 (select ?x51 ?x21)))
 (let ((?x70 (store ?x51 ?x21 (+ ?x52 1))))
 (let ((?x71 (select ?x70 ?x21)))
 (let ((?x87 (store ?x70 ?x10 ?x71)))
 (let ((?x88 (select ?x87 ?x21)))
 (let ((?x93 (store ?x87 ?x21 (+ ?x88 1))))
 (let ((?x94 (select ?x93 ?x11)))
 (let ((?x103 (+ 0 (* 1 ?x94))))
 (let ((?x104 (select ?x93 ?x103)))
 (let ((?x107 (select ?x93 (+ 0 (* 1 (select ?x93 ?x10))))))
 (let ((?x111 (store ?x93 ?x103 (+ ?x107 ?x104))))
 (let ((?x116 (select ?x111 ?x10)))
 (let ((?x121 (+ 0 (* 1 ?x116))))
 (let ((?x126 (- (select ?x111 (+ 0 (* 1 (select ?x111 ?x11)))) (select ?x111 ?x121))))
 (let ((?x127 (store ?x111 ?x121 ?x126)))
 (let ((?x132 (select ?x127 ?x10)))
 (and (<= 0 ?x132) (< ?x132 1))))))))))))))))))))))))))))))))))
(assert
 (let ((?x8 (+ 0 5)))
 (let ((?x10 (+ ?x8 1)))
 (let ((?x11 (+ ?x10 1)))
 (let ((?x21 (+ ?x11 1)))
 (let ((?x6 ((as const (Array Int Int)) 0)))
 (let ((?x12 (store ?x6 ?x11 0)))
 (let ((?x18 (store ?x12 ?x11 (+ (select ?x12 ?x11) 1))))
 (let ((?x20 (store ?x18 ?x10 (select ?x18 ?x11))))
 (let ((?x24 (store ?x20 ?x21 (+ (select ?x20 ?x11) 1))))
 (let ((?x25 (select ?x24 ?x21)))
 (let ((?x29 (store ?x24 ?x21 (+ ?x25 1))))
 (let ((?x30 (select ?x29 ?x21)))
 (let ((?x46 (store ?x29 ?x10 ?x30)))
 (let ((?x47 (select ?x46 ?x21)))
 (let ((?x51 (store ?x46 ?x21 (+ ?x47 1))))
 (let ((?x52 (select ?x51 ?x21)))
 (let ((?x70 (store ?x51 ?x21 (+ ?x52 1))))
 (let ((?x71 (select ?x70 ?x21)))
 (let ((?x87 (store ?x70 ?x10 ?x71)))
 (let ((?x88 (select ?x87 ?x21)))
 (let ((?x93 (store ?x87 ?x21 (+ ?x88 1))))
 (let ((?x94 (select ?x93 ?x11)))
 (let ((?x103 (+ 0 (* 1 ?x94))))
 (let ((?x104 (select ?x93 ?x103)))
 (let ((?x107 (select ?x93 (+ 0 (* 1 (select ?x93 ?x10))))))
 (let ((?x111 (store ?x93 ?x103 (+ ?x107 ?x104))))
 (let ((?x116 (select ?x111 ?x10)))
 (let ((?x121 (+ 0 (* 1 ?x116))))
 (let ((?x126 (- (select ?x111 (+ 0 (* 1 (select ?x111 ?x11)))) (select ?x111 ?x121))))
 (let ((?x127 (store ?x111 ?x121 ?x126)))
 (let ((?x128 (select ?x127 ?x11)))
 (and (<= 0 ?x128) (< ?x128 1))))))))))))))))))))))))))))))))))
(check-sat)

[mem]:17
Path:int data[5];
int n;
int min;
int i=0;
@(i<n-1);
i=i+1;
int i=0;
min=i;
int j=i+1;
@(j<n);
j=j+1;
int j=i+1;
@(!(data[j]<data[min]));

min=j;

@(j<n);
j=j+1;
int j=i+1;
@(!(data[j]<data[min]));

min=j;

@(j<n);
j=j+1;
int j=i+1;
@(data[j]<data[min]);

@(!(j<n));
j=j+1;

@(data[i]!=data[min]);

data[i]=data[min]+data[i];
data[min]=data[i]-data[min];
data[i]=data[i]-data[min];

warning: a declaration with the name "i" already exists!
warning: a declaration with the name "j" already exists!
warning: a declaration with the name "j" already exists!
warning: a declaration with the name "j" already exists!
debug:solver.cpp:60: input is a c0 path.
debug:solver.cpp:60: input is a c0 path.
infeasible!!!
SMT2:; 
(set-info :status unknown)
(assert
 (let ((?x8 (+ 0 5)))
 (let ((?x10 (+ ?x8 1)))
 (let ((?x11 (+ ?x10 1)))
 (let ((?x6 ((as const (Array Int Int)) 0)))
 (let ((?x12 (store ?x6 ?x11 0)))
 (let ((?x13 (select ?x12 ?x11)))
 (< ?x13 (- (select ?x12 ?x8) 1)))))))))
(assert
 (let ((?x8 (+ 0 5)))
 (let ((?x10 (+ ?x8 1)))
 (let ((?x11 (+ ?x10 1)))
 (let ((?x6 ((as const (Array Int Int)) 0)))
 (let ((?x12 (store ?x6 ?x11 0)))
 (let ((?x18 (store ?x12 ?x11 (+ (select ?x12 ?x11) 1))))
 (let ((?x20 (store ?x18 ?x10 (select ?x18 ?x11))))
 (let ((?x21 (+ ?x11 1)))
 (let ((?x24 (store ?x20 ?x21 (+ (select ?x20 ?x11) 1))))
 (let ((?x25 (select ?x24 ?x21)))
 (< ?x25 (select ?x24 ?x8)))))))))))))
(assert
 (let ((?x8 (+ 0 5)))
 (let ((?x10 (+ ?x8 1)))
 (let ((?x11 (+ ?x10 1)))
 (let ((?x21 (+ ?x11 1)))
 (let ((?x6 ((as const (Array Int Int)) 0)))
 (let ((?x12 (store ?x6 ?x11 0)))
 (let ((?x18 (store ?x12 ?x11 (+ (select ?x12 ?x11) 1))))
 (let ((?x20 (store ?x18 ?x10 (select ?x18 ?x11))))
 (let ((?x24 (store ?x20 ?x21 (+ (select ?x20 ?x11) 1))))
 (let ((?x25 (select ?x24 ?x21)))
 (let ((?x29 (store ?x24 ?x21 (+ ?x25 1))))
 (let ((?x30 (select ?x29 ?x21)))
 (and (<= 0 ?x30) (< ?x30 1)))))))))))))))
(assert
 (let ((?x8 (+ 0 5)))
 (let ((?x10 (+ ?x8 1)))
 (let ((?x11 (+ ?x10 1)))
 (let ((?x21 (+ ?x11 1)))
 (let ((?x6 ((as const (Array Int Int)) 0)))
 (let ((?x12 (store ?x6 ?x11 0)))
 (let ((?x18 (store ?x12 ?x11 (+ (select ?x12 ?x11) 1))))
 (let ((?x20 (store ?x18 ?x10 (select ?x18 ?x11))))
 (let ((?x24 (store ?x20 ?x21 (+ (select ?x20 ?x11) 1))))
 (let ((?x25 (select ?x24 ?x21)))
 (let ((?x29 (store ?x24 ?x21 (+ ?x25 1))))
 (let ((?x34 (select ?x29 ?x10)))
 (and (<= 0 ?x34) (< ?x34 1)))))))))))))))
(assert
 (let ((?x8 (+ 0 5)))
 (let ((?x10 (+ ?x8 1)))
 (let ((?x11 (+ ?x10 1)))
 (let ((?x21 (+ ?x11 1)))
 (let ((?x6 ((as const (Array Int Int)) 0)))
 (let ((?x12 (store ?x6 ?x11 0)))
 (let ((?x18 (store ?x12 ?x11 (+ (select ?x12 ?x11) 1))))
 (let ((?x20 (store ?x18 ?x10 (select ?x18 ?x11))))
 (let ((?x24 (store ?x20 ?x21 (+ (select ?x20 ?x11) 1))))
 (let ((?x25 (select ?x24 ?x21)))
 (let ((?x29 (store ?x24 ?x21 (+ ?x25 1))))
 (let ((?x34 (select ?x29 ?x10)))
 (let (($x44 (< (select ?x29 (+ 0 (* 1 (select ?x29 ?x21)))) (select ?x29 (+ 0 (* 1 ?x34))))))
 (not $x44)))))))))))))))
(assert
 (let ((?x8 (+ 0 5)))
 (let ((?x10 (+ ?x8 1)))
 (let ((?x11 (+ ?x10 1)))
 (let ((?x21 (+ ?x11 1)))
 (let ((?x6 ((as const (Array Int Int)) 0)))
 (let ((?x12 (store ?x6 ?x11 0)))
 (let ((?x18 (store ?x12 ?x11 (+ (select ?x12 ?x11) 1))))
 (let ((?x20 (store ?x18 ?x10 (select ?x18 ?x11))))
 (let ((?x24 (store ?x20 ?x21 (+ (select ?x20 ?x11) 1))))
 (let ((?x25 (select ?x24 ?x21)))
 (let ((?x29 (store ?x24 ?x21 (+ ?x25 1))))
 (let ((?x30 (select ?x29 ?x21)))
 (let ((?x46 (store ?x29 ?x10 ?x30)))
 (let ((?x47 (select ?x46 ?x21)))
 (< ?x47 (select ?x46 ?x8)))))))))))))))))
(assert
 (let ((?x8 (+ 0 5)))
 (let ((?x10 (+ ?x8 1)))
 (let ((?x11 (+ ?x10 1)))
 (let ((?x21 (+ ?x11 1)))
 (let ((?x6 ((as const (Array Int Int)) 0)))
 (let ((?x12 (store ?x6 ?x11 0)))
 (let ((?x18 (store ?x12 ?x11 (+ (select ?x12 ?x11) 1))))
 (let ((?x20 (store ?x18 ?x10 (select ?x18 ?x11))))
 (let ((?x24 (store ?x20 ?x21 (+ (select ?x20 ?x11) 1))))
 (let ((?x25 (select ?x24 ?x21)))
 (let ((?x29 (store ?x24 ?x21 (+ ?x25 1))))
 (let ((?x30 (select ?x29 ?x21)))
 (let ((?x46 (store ?x29 ?x10 ?x30)))
 (let ((?x47 (select ?x46 ?x21)))
 (let ((?x51 (store ?x46 ?x21 (+ ?x47 1))))
 (let ((?x52 (select ?x51 ?x21)))
 (and (<= 0 ?x52) (< ?x52 1)))))))))))))))))))
(assert
 (let ((?x8 (+ 0 5)))
 (let ((?x10 (+ ?x8 1)))
 (let ((?x11 (+ ?x10 1)))
 (let ((?x21 (+ ?x11 1)))
 (let ((?x6 ((as const (Array Int Int)) 0)))
 (let ((?x12 (store ?x6 ?x11 0)))
 (let ((?x18 (store ?x12 ?x11 (+ (select ?x12 ?x11) 1))))
 (let ((?x20 (store ?x18 ?x10 (select ?x18 ?x11))))
 (let ((?x24 (store ?x20 ?x21 (+ (select ?x20 ?x11) 1))))
 (let ((?x25 (select ?x24 ?x21)))
 (let ((?x29 (store ?x24 ?x21 (+ ?x25 1))))
 (let ((?x30 (select ?x29 ?x21)))
 (let ((?x46 (store ?x29 ?x10 ?x30)))
 (let ((?x47 (select ?x46 ?x21)))
 (let ((?x51 (store ?x46 ?x21 (+ ?x47 1))))
 (let ((?x56 (select ?x51 ?x10)))
 (and (<= 0 ?x56) (< ?x56 1)))))))))))))))))))
(assert
 (let ((?x8 (+ 0 5)))
 (let ((?x10 (+ ?x8 1)))
 (let ((?x11 (+ ?x10 1)))
 (let ((?x21 (+ ?x11 1)))
 (let ((?x6 ((as const (Array Int Int)) 0)))
 (let ((?x12 (store ?x6 ?x11 0)))
 (let ((?x18 (store ?x12 ?x11 (+ (select ?x12 ?x11) 1))))
 (let ((?x20 (store ?x18 ?x10 (select ?x18 ?x11))))
 (let ((?x24 (store ?x20 ?x21 (+ (select ?x20 ?x11) 1))))
 (let ((?x25 (select ?x24 ?x21)))
 (let ((?x29 (store ?x24 ?x21 (+ ?x25 1))))
 (let ((?x30 (select ?x29 ?x21)))
 (let ((?x46 (store ?x29 ?x10 ?x30)))
 (let ((?x47 (select ?x46 ?x21)))
 (let ((?x51 (store ?x46 ?x21 (+ ?x47 1))))
 (let ((?x56 (select ?x51 ?x10)))
 (let (($x66 (< (select ?x51 (+ 0 (* 1 (select ?x51 ?x21)))) (select ?x51 (+ 0 (* 1 ?x56))))))
 (not $x66)))))))))))))))))))
(assert
 (let ((?x8 (+ 0 5)))
 (let ((?x10 (+ ?x8 1)))
 (let ((?x11 (+ ?x10 1)))
 (let ((?x21 (+ ?x11 1)))
 (let ((?x6 ((as const (Array Int Int)) 0)))
 (let ((?x12 (store ?x6 ?x11 0)))
 (let ((?x18 (store ?x12 ?x11 (+ (select ?x12 ?x11) 1))))
 (let ((?x20 (store ?x18 ?x10 (select ?x18 ?x11))))
 (let ((?x24 (store ?x20 ?x21 (+ (select ?x20 ?x11) 1))))
 (let ((?x25 (select ?x24 ?x21)))
 (let ((?x29 (store ?x24 ?x21 (+ ?x25 1))))
 (let ((?x30 (select ?x29 ?x21)))
 (let ((?x46 (store ?x29 ?x10 ?x30)))
 (let ((?x47 (select ?x46 ?x21)))
 (let ((?x51 (store ?x46 ?x21 (+ ?x47 1))))
 (let ((?x52 (select ?x51 ?x21)))
 (let ((?x68 (store ?x51 ?x10 ?x52)))
 (let ((?x69 (select ?x68 ?x21)))
 (< ?x69 (select ?x68 ?x8)))))))))))))))))))))
(assert
 (let ((?x8 (+ 0 5)))
 (let ((?x10 (+ ?x8 1)))
 (let ((?x11 (+ ?x10 1)))
 (let ((?x21 (+ ?x11 1)))
 (let ((?x6 ((as const (Array Int Int)) 0)))
 (let ((?x12 (store ?x6 ?x11 0)))
 (let ((?x18 (store ?x12 ?x11 (+ (select ?x12 ?x11) 1))))
 (let ((?x20 (store ?x18 ?x10 (select ?x18 ?x11))))
 (let ((?x24 (store ?x20 ?x21 (+ (select ?x20 ?x11) 1))))
 (let ((?x25 (select ?x24 ?x21)))
 (let ((?x29 (store ?x24 ?x21 (+ ?x25 1))))
 (let ((?x30 (select ?x29 ?x21)))
 (let ((?x46 (store ?x29 ?x10 ?x30)))
 (let ((?x47 (select ?x46 ?x21)))
 (let ((?x51 (store ?x46 ?x21 (+ ?x47 1))))
 (let ((?x52 (select ?x51 ?x21)))
 (let ((?x68 (store ?x51 ?x10 ?x52)))
 (let ((?x69 (select ?x68 ?x21)))
 (let ((?x73 (store ?x68 ?x21 (+ ?x69 1))))
 (let ((?x74 (select ?x73 ?x21)))
 (and (<= 0 ?x74) (< ?x74 1)))))))))))))))))))))))
(assert
 (let ((?x8 (+ 0 5)))
 (let ((?x10 (+ ?x8 1)))
 (let ((?x11 (+ ?x10 1)))
 (let ((?x21 (+ ?x11 1)))
 (let ((?x6 ((as const (Array Int Int)) 0)))
 (let ((?x12 (store ?x6 ?x11 0)))
 (let ((?x18 (store ?x12 ?x11 (+ (select ?x12 ?x11) 1))))
 (let ((?x20 (store ?x18 ?x10 (select ?x18 ?x11))))
 (let ((?x24 (store ?x20 ?x21 (+ (select ?x20 ?x11) 1))))
 (let ((?x25 (select ?x24 ?x21)))
 (let ((?x29 (store ?x24 ?x21 (+ ?x25 1))))
 (let ((?x30 (select ?x29 ?x21)))
 (let ((?x46 (store ?x29 ?x10 ?x30)))
 (let ((?x47 (select ?x46 ?x21)))
 (let ((?x51 (store ?x46 ?x21 (+ ?x47 1))))
 (let ((?x52 (select ?x51 ?x21)))
 (let ((?x68 (store ?x51 ?x10 ?x52)))
 (let ((?x69 (select ?x68 ?x21)))
 (let ((?x73 (store ?x68 ?x21 (+ ?x69 1))))
 (let ((?x78 (select ?x73 ?x10)))
 (and (<= 0 ?x78) (< ?x78 1)))))))))))))))))))))))
(assert
 (let ((?x8 (+ 0 5)))
 (let ((?x10 (+ ?x8 1)))
 (let ((?x11 (+ ?x10 1)))
 (let ((?x21 (+ ?x11 1)))
 (let ((?x6 ((as const (Array Int Int)) 0)))
 (let ((?x12 (store ?x6 ?x11 0)))
 (let ((?x18 (store ?x12 ?x11 (+ (select ?x12 ?x11) 1))))
 (let ((?x20 (store ?x18 ?x10 (select ?x18 ?x11))))
 (let ((?x24 (store ?x20 ?x21 (+ (select ?x20 ?x11) 1))))
 (let ((?x25 (select ?x24 ?x21)))
 (let ((?x29 (store ?x24 ?x21 (+ ?x25 1))))
 (let ((?x30 (select ?x29 ?x21)))
 (let ((?x46 (store ?x29 ?x10 ?x30)))
 (let ((?x47 (select ?x46 ?x21)))
 (let ((?x51 (store ?x46 ?x21 (+ ?x47 1))))
 (let ((?x52 (select ?x51 ?x21)))
 (let ((?x68 (store ?x51 ?x10 ?x52)))
 (let ((?x69 (select ?x68 ?x21)))
 (let ((?x73 (store ?x68 ?x21 (+ ?x69 1))))
 (let ((?x78 (select ?x73 ?x10)))
 (< (select ?x73 (+ 0 (* 1 (select ?x73 ?x21)))) (select ?x73 (+ 0 (* 1 ?x78)))))))))))))))))))))))))
(assert
 (let ((?x8 (+ 0 5)))
 (let ((?x10 (+ ?x8 1)))
 (let ((?x11 (+ ?x10 1)))
 (let ((?x21 (+ ?x11 1)))
 (let ((?x6 ((as const (Array Int Int)) 0)))
 (let ((?x12 (store ?x6 ?x11 0)))
 (let ((?x18 (store ?x12 ?x11 (+ (select ?x12 ?x11) 1))))
 (let ((?x20 (store ?x18 ?x10 (select ?x18 ?x11))))
 (let ((?x24 (store ?x20 ?x21 (+ (select ?x20 ?x11) 1))))
 (let ((?x25 (select ?x24 ?x21)))
 (let ((?x29 (store ?x24 ?x21 (+ ?x25 1))))
 (let ((?x30 (select ?x29 ?x21)))
 (let ((?x46 (store ?x29 ?x10 ?x30)))
 (let ((?x47 (select ?x46 ?x21)))
 (let ((?x51 (store ?x46 ?x21 (+ ?x47 1))))
 (let ((?x52 (select ?x51 ?x21)))
 (let ((?x68 (store ?x51 ?x10 ?x52)))
 (let ((?x69 (select ?x68 ?x21)))
 (let ((?x73 (store ?x68 ?x21 (+ ?x69 1))))
 (let ((?x74 (select ?x73 ?x21)))
 (not (< ?x74 (select ?x73 ?x8))))))))))))))))))))))))
(assert
 (let ((?x8 (+ 0 5)))
 (let ((?x10 (+ ?x8 1)))
 (let ((?x11 (+ ?x10 1)))
 (let ((?x21 (+ ?x11 1)))
 (let ((?x6 ((as const (Array Int Int)) 0)))
 (let ((?x12 (store ?x6 ?x11 0)))
 (let ((?x18 (store ?x12 ?x11 (+ (select ?x12 ?x11) 1))))
 (let ((?x20 (store ?x18 ?x10 (select ?x18 ?x11))))
 (let ((?x24 (store ?x20 ?x21 (+ (select ?x20 ?x11) 1))))
 (let ((?x25 (select ?x24 ?x21)))
 (let ((?x29 (store ?x24 ?x21 (+ ?x25 1))))
 (let ((?x30 (select ?x29 ?x21)))
 (let ((?x46 (store ?x29 ?x10 ?x30)))
 (let ((?x47 (select ?x46 ?x21)))
 (let ((?x51 (store ?x46 ?x21 (+ ?x47 1))))
 (let ((?x52 (select ?x51 ?x21)))
 (let ((?x68 (store ?x51 ?x10 ?x52)))
 (let ((?x69 (select ?x68 ?x21)))
 (let ((?x73 (store ?x68 ?x21 (+ ?x69 1))))
 (let ((?x74 (select ?x73 ?x21)))
 (let ((?x93 (store ?x73 ?x21 (+ ?x74 1))))
 (let ((?x94 (select ?x93 ?x11)))
 (and (<= 0 ?x94) (< ?x94 1)))))))))))))))))))))))))
(assert
 (let ((?x8 (+ 0 5)))
 (let ((?x10 (+ ?x8 1)))
 (let ((?x11 (+ ?x10 1)))
 (let ((?x21 (+ ?x11 1)))
 (let ((?x6 ((as const (Array Int Int)) 0)))
 (let ((?x12 (store ?x6 ?x11 0)))
 (let ((?x18 (store ?x12 ?x11 (+ (select ?x12 ?x11) 1))))
 (let ((?x20 (store ?x18 ?x10 (select ?x18 ?x11))))
 (let ((?x24 (store ?x20 ?x21 (+ (select ?x20 ?x11) 1))))
 (let ((?x25 (select ?x24 ?x21)))
 (let ((?x29 (store ?x24 ?x21 (+ ?x25 1))))
 (let ((?x30 (select ?x29 ?x21)))
 (let ((?x46 (store ?x29 ?x10 ?x30)))
 (let ((?x47 (select ?x46 ?x21)))
 (let ((?x51 (store ?x46 ?x21 (+ ?x47 1))))
 (let ((?x52 (select ?x51 ?x21)))
 (let ((?x68 (store ?x51 ?x10 ?x52)))
 (let ((?x69 (select ?x68 ?x21)))
 (let ((?x73 (store ?x68 ?x21 (+ ?x69 1))))
 (let ((?x74 (select ?x73 ?x21)))
 (let ((?x93 (store ?x73 ?x21 (+ ?x74 1))))
 (let ((?x98 (select ?x93 ?x10)))
 (and (<= 0 ?x98) (< ?x98 1)))))))))))))))))))))))))
(assert
 (let ((?x8 (+ 0 5)))
 (let ((?x10 (+ ?x8 1)))
 (let ((?x11 (+ ?x10 1)))
 (let ((?x21 (+ ?x11 1)))
 (let ((?x6 ((as const (Array Int Int)) 0)))
 (let ((?x12 (store ?x6 ?x11 0)))
 (let ((?x18 (store ?x12 ?x11 (+ (select ?x12 ?x11) 1))))
 (let ((?x20 (store ?x18 ?x10 (select ?x18 ?x11))))
 (let ((?x24 (store ?x20 ?x21 (+ (select ?x20 ?x11) 1))))
 (let ((?x25 (select ?x24 ?x21)))
 (let ((?x29 (store ?x24 ?x21 (+ ?x25 1))))
 (let ((?x30 (select ?x29 ?x21)))
 (let ((?x46 (store ?x29 ?x10 ?x30)))
 (let ((?x47 (select ?x46 ?x21)))
 (let ((?x51 (store ?x46 ?x21 (+ ?x47 1))))
 (let ((?x52 (select ?x51 ?x21)))
 (let ((?x68 (store ?x51 ?x10 ?x52)))
 (let ((?x69 (select ?x68 ?x21)))
 (let ((?x73 (store ?x68 ?x21 (+ ?x69 1))))
 (let ((?x74 (select ?x73 ?x21)))
 (let ((?x93 (store ?x73 ?x21 (+ ?x74 1))))
 (let ((?x98 (select ?x93 ?x10)))
 (let ((?x107 (select ?x93 (+ 0 (* 1 ?x98)))))
 (let ((?x103 (+ 0 (* 1 (select ?x93 ?x11)))))
 (let ((?x104 (select ?x93 ?x103)))
 (and (distinct ?x104 ?x107) true)))))))))))))))))))))))))))
(assert
 (let ((?x8 (+ 0 5)))
 (let ((?x10 (+ ?x8 1)))
 (let ((?x11 (+ ?x10 1)))
 (let ((?x21 (+ ?x11 1)))
 (let ((?x6 ((as const (Array Int Int)) 0)))
 (let ((?x12 (store ?x6 ?x11 0)))
 (let ((?x18 (store ?x12 ?x11 (+ (select ?x12 ?x11) 1))))
 (let ((?x20 (store ?x18 ?x10 (select ?x18 ?x11))))
 (let ((?x24 (store ?x20 ?x21 (+ (select ?x20 ?x11) 1))))
 (let ((?x25 (select ?x24 ?x21)))
 (let ((?x29 (store ?x24 ?x21 (+ ?x25 1))))
 (let ((?x30 (select ?x29 ?x21)))
 (let ((?x46 (store ?x29 ?x10 ?x30)))
 (let ((?x47 (select ?x46 ?x21)))
 (let ((?x51 (store ?x46 ?x21 (+ ?x47 1))))
 (let ((?x52 (select ?x51 ?x21)))
 (let ((?x68 (store ?x51 ?x10 ?x52)))
 (let ((?x69 (select ?x68 ?x21)))
 (let ((?x73 (store ?x68 ?x21 (+ ?x69 1))))
 (let ((?x74 (select ?x73 ?x21)))
 (let ((?x93 (store ?x73 ?x21 (+ ?x74 1))))
 (let ((?x98 (select ?x93 ?x10)))
 (and (<= 0 ?x98) (< ?x98 1)))))))))))))))))))))))))
(assert
 (let ((?x8 (+ 0 5)))
 (let ((?x10 (+ ?x8 1)))
 (let ((?x11 (+ ?x10 1)))
 (let ((?x21 (+ ?x11 1)))
 (let ((?x6 ((as const (Array Int Int)) 0)))
 (let ((?x12 (store ?x6 ?x11 0)))
 (let ((?x18 (store ?x12 ?x11 (+ (select ?x12 ?x11) 1))))
 (let ((?x20 (store ?x18 ?x10 (select ?x18 ?x11))))
 (let ((?x24 (store ?x20 ?x21 (+ (select ?x20 ?x11) 1))))
 (let ((?x25 (select ?x24 ?x21)))
 (let ((?x29 (store ?x24 ?x21 (+ ?x25 1))))
 (let ((?x30 (select ?x29 ?x21)))
 (let ((?x46 (store ?x29 ?x10 ?x30)))
 (let ((?x47 (select ?x46 ?x21)))
 (let ((?x51 (store ?x46 ?x21 (+ ?x47 1))))
 (let ((?x52 (select ?x51 ?x21)))
 (let ((?x68 (store ?x51 ?x10 ?x52)))
 (let ((?x69 (select ?x68 ?x21)))
 (let ((?x73 (store ?x68 ?x21 (+ ?x69 1))))
 (let ((?x74 (select ?x73 ?x21)))
 (let ((?x93 (store ?x73 ?x21 (+ ?x74 1))))
 (let ((?x94 (select ?x93 ?x11)))
 (and (<= 0 ?x94) (< ?x94 1)))))))))))))))))))))))))
(assert
 (let ((?x8 (+ 0 5)))
 (let ((?x10 (+ ?x8 1)))
 (let ((?x11 (+ ?x10 1)))
 (let ((?x21 (+ ?x11 1)))
 (let ((?x6 ((as const (Array Int Int)) 0)))
 (let ((?x12 (store ?x6 ?x11 0)))
 (let ((?x18 (store ?x12 ?x11 (+ (select ?x12 ?x11) 1))))
 (let ((?x20 (store ?x18 ?x10 (select ?x18 ?x11))))
 (let ((?x24 (store ?x20 ?x21 (+ (select ?x20 ?x11) 1))))
 (let ((?x25 (select ?x24 ?x21)))
 (let ((?x29 (store ?x24 ?x21 (+ ?x25 1))))
 (let ((?x30 (select ?x29 ?x21)))
 (let ((?x46 (store ?x29 ?x10 ?x30)))
 (let ((?x47 (select ?x46 ?x21)))
 (let ((?x51 (store ?x46 ?x21 (+ ?x47 1))))
 (let ((?x52 (select ?x51 ?x21)))
 (let ((?x68 (store ?x51 ?x10 ?x52)))
 (let ((?x69 (select ?x68 ?x21)))
 (let ((?x73 (store ?x68 ?x21 (+ ?x69 1))))
 (let ((?x74 (select ?x73 ?x21)))
 (let ((?x93 (store ?x73 ?x21 (+ ?x74 1))))
 (let ((?x94 (select ?x93 ?x11)))
 (and (<= 0 ?x94) (< ?x94 1)))))))))))))))))))))))))
(assert
 (let ((?x8 (+ 0 5)))
 (let ((?x10 (+ ?x8 1)))
 (let ((?x11 (+ ?x10 1)))
 (let ((?x21 (+ ?x11 1)))
 (let ((?x6 ((as const (Array Int Int)) 0)))
 (let ((?x12 (store ?x6 ?x11 0)))
 (let ((?x18 (store ?x12 ?x11 (+ (select ?x12 ?x11) 1))))
 (let ((?x20 (store ?x18 ?x10 (select ?x18 ?x11))))
 (let ((?x24 (store ?x20 ?x21 (+ (select ?x20 ?x11) 1))))
 (let ((?x25 (select ?x24 ?x21)))
 (let ((?x29 (store ?x24 ?x21 (+ ?x25 1))))
 (let ((?x30 (select ?x29 ?x21)))
 (let ((?x46 (store ?x29 ?x10 ?x30)))
 (let ((?x47 (select ?x46 ?x21)))
 (let ((?x51 (store ?x46 ?x21 (+ ?x47 1))))
 (let ((?x52 (select ?x51 ?x21)))
 (let ((?x68 (store ?x51 ?x10 ?x52)))
 (let ((?x69 (select ?x68 ?x21)))
 (let ((?x73 (store ?x68 ?x21 (+ ?x69 1))))
 (let ((?x74 (select ?x73 ?x21)))
 (let ((?x93 (store ?x73 ?x21 (+ ?x74 1))))
 (let ((?x94 (select ?x93 ?x11)))
 (let ((?x103 (+ 0 (* 1 ?x94))))
 (let ((?x104 (select ?x93 ?x103)))
 (let ((?x107 (select ?x93 (+ 0 (* 1 (select ?x93 ?x10))))))
 (let ((?x110 (store ?x93 ?x103 (+ ?x107 ?x104))))
 (let ((?x111 (select ?x110 ?x11)))
 (and (<= 0 ?x111) (< ?x111 1))))))))))))))))))))))))))))))
(assert
 (let ((?x8 (+ 0 5)))
 (let ((?x10 (+ ?x8 1)))
 (let ((?x11 (+ ?x10 1)))
 (let ((?x21 (+ ?x11 1)))
 (let ((?x6 ((as const (Array Int Int)) 0)))
 (let ((?x12 (store ?x6 ?x11 0)))
 (let ((?x18 (store ?x12 ?x11 (+ (select ?x12 ?x11) 1))))
 (let ((?x20 (store ?x18 ?x10 (select ?x18 ?x11))))
 (let ((?x24 (store ?x20 ?x21 (+ (select ?x20 ?x11) 1))))
 (let ((?x25 (select ?x24 ?x21)))
 (let ((?x29 (store ?x24 ?x21 (+ ?x25 1))))
 (let ((?x30 (select ?x29 ?x21)))
 (let ((?x46 (store ?x29 ?x10 ?x30)))
 (let ((?x47 (select ?x46 ?x21)))
 (let ((?x51 (store ?x46 ?x21 (+ ?x47 1))))
 (let ((?x52 (select ?x51 ?x21)))
 (let ((?x68 (store ?x51 ?x10 ?x52)))
 (let ((?x69 (select ?x68 ?x21)))
 (let ((?x73 (store ?x68 ?x21 (+ ?x69 1))))
 (let ((?x74 (select ?x73 ?x21)))
 (let ((?x93 (store ?x73 ?x21 (+ ?x74 1))))
 (let ((?x94 (select ?x93 ?x11)))
 (let ((?x103 (+ 0 (* 1 ?x94))))
 (let ((?x104 (select ?x93 ?x103)))
 (let ((?x107 (select ?x93 (+ 0 (* 1 (select ?x93 ?x10))))))
 (let ((?x110 (store ?x93 ?x103 (+ ?x107 ?x104))))
 (let ((?x115 (select ?x110 ?x10)))
 (and (<= 0 ?x115) (< ?x115 1))))))))))))))))))))))))))))))
(assert
 (let ((?x8 (+ 0 5)))
 (let ((?x10 (+ ?x8 1)))
 (let ((?x11 (+ ?x10 1)))
 (let ((?x21 (+ ?x11 1)))
 (let ((?x6 ((as const (Array Int Int)) 0)))
 (let ((?x12 (store ?x6 ?x11 0)))
 (let ((?x18 (store ?x12 ?x11 (+ (select ?x12 ?x11) 1))))
 (let ((?x20 (store ?x18 ?x10 (select ?x18 ?x11))))
 (let ((?x24 (store ?x20 ?x21 (+ (select ?x20 ?x11) 1))))
 (let ((?x25 (select ?x24 ?x21)))
 (let ((?x29 (store ?x24 ?x21 (+ ?x25 1))))
 (let ((?x30 (select ?x29 ?x21)))
 (let ((?x46 (store ?x29 ?x10 ?x30)))
 (let ((?x47 (select ?x46 ?x21)))
 (let ((?x51 (store ?x46 ?x21 (+ ?x47 1))))
 (let ((?x52 (select ?x51 ?x21)))
 (let ((?x68 (store ?x51 ?x10 ?x52)))
 (let ((?x69 (select ?x68 ?x21)))
 (let ((?x73 (store ?x68 ?x21 (+ ?x69 1))))
 (let ((?x74 (select ?x73 ?x21)))
 (let ((?x93 (store ?x73 ?x21 (+ ?x74 1))))
 (let ((?x94 (select ?x93 ?x11)))
 (let ((?x103 (+ 0 (* 1 ?x94))))
 (let ((?x104 (select ?x93 ?x103)))
 (let ((?x107 (select ?x93 (+ 0 (* 1 (select ?x93 ?x10))))))
 (let ((?x110 (store ?x93 ?x103 (+ ?x107 ?x104))))
 (let ((?x115 (select ?x110 ?x10)))
 (and (<= 0 ?x115) (< ?x115 1))))))))))))))))))))))))))))))
(assert
 (let ((?x8 (+ 0 5)))
 (let ((?x10 (+ ?x8 1)))
 (let ((?x11 (+ ?x10 1)))
 (let ((?x21 (+ ?x11 1)))
 (let ((?x6 ((as const (Array Int Int)) 0)))
 (let ((?x12 (store ?x6 ?x11 0)))
 (let ((?x18 (store ?x12 ?x11 (+ (select ?x12 ?x11) 1))))
 (let ((?x20 (store ?x18 ?x10 (select ?x18 ?x11))))
 (let ((?x24 (store ?x20 ?x21 (+ (select ?x20 ?x11) 1))))
 (let ((?x25 (select ?x24 ?x21)))
 (let ((?x29 (store ?x24 ?x21 (+ ?x25 1))))
 (let ((?x30 (select ?x29 ?x21)))
 (let ((?x46 (store ?x29 ?x10 ?x30)))
 (let ((?x47 (select ?x46 ?x21)))
 (let ((?x51 (store ?x46 ?x21 (+ ?x47 1))))
 (let ((?x52 (select ?x51 ?x21)))
 (let ((?x68 (store ?x51 ?x10 ?x52)))
 (let ((?x69 (select ?x68 ?x21)))
 (let ((?x73 (store ?x68 ?x21 (+ ?x69 1))))
 (let ((?x74 (select ?x73 ?x21)))
 (let ((?x93 (store ?x73 ?x21 (+ ?x74 1))))
 (let ((?x94 (select ?x93 ?x11)))
 (let ((?x103 (+ 0 (* 1 ?x94))))
 (let ((?x104 (select ?x93 ?x103)))
 (let ((?x107 (select ?x93 (+ 0 (* 1 (select ?x93 ?x10))))))
 (let ((?x110 (store ?x93 ?x103 (+ ?x107 ?x104))))
 (let ((?x115 (select ?x110 ?x10)))
 (let ((?x120 (+ 0 (* 1 ?x115))))
 (let ((?x125 (- (select ?x110 (+ 0 (* 1 (select ?x110 ?x11)))) (select ?x110 ?x120))))
 (let ((?x126 (store ?x110 ?x120 ?x125)))
 (let ((?x127 (select ?x126 ?x11)))
 (and (<= 0 ?x127) (< ?x127 1))))))))))))))))))))))))))))))))))
(assert
 (let ((?x8 (+ 0 5)))
 (let ((?x10 (+ ?x8 1)))
 (let ((?x11 (+ ?x10 1)))
 (let ((?x21 (+ ?x11 1)))
 (let ((?x6 ((as const (Array Int Int)) 0)))
 (let ((?x12 (store ?x6 ?x11 0)))
 (let ((?x18 (store ?x12 ?x11 (+ (select ?x12 ?x11) 1))))
 (let ((?x20 (store ?x18 ?x10 (select ?x18 ?x11))))
 (let ((?x24 (store ?x20 ?x21 (+ (select ?x20 ?x11) 1))))
 (let ((?x25 (select ?x24 ?x21)))
 (let ((?x29 (store ?x24 ?x21 (+ ?x25 1))))
 (let ((?x30 (select ?x29 ?x21)))
 (let ((?x46 (store ?x29 ?x10 ?x30)))
 (let ((?x47 (select ?x46 ?x21)))
 (let ((?x51 (store ?x46 ?x21 (+ ?x47 1))))
 (let ((?x52 (select ?x51 ?x21)))
 (let ((?x68 (store ?x51 ?x10 ?x52)))
 (let ((?x69 (select ?x68 ?x21)))
 (let ((?x73 (store ?x68 ?x21 (+ ?x69 1))))
 (let ((?x74 (select ?x73 ?x21)))
 (let ((?x93 (store ?x73 ?x21 (+ ?x74 1))))
 (let ((?x94 (select ?x93 ?x11)))
 (let ((?x103 (+ 0 (* 1 ?x94))))
 (let ((?x104 (select ?x93 ?x103)))
 (let ((?x107 (select ?x93 (+ 0 (* 1 (select ?x93 ?x10))))))
 (let ((?x110 (store ?x93 ?x103 (+ ?x107 ?x104))))
 (let ((?x115 (select ?x110 ?x10)))
 (let ((?x120 (+ 0 (* 1 ?x115))))
 (let ((?x125 (- (select ?x110 (+ 0 (* 1 (select ?x110 ?x11)))) (select ?x110 ?x120))))
 (let ((?x126 (store ?x110 ?x120 ?x125)))
 (let ((?x131 (select ?x126 ?x10)))
 (and (<= 0 ?x131) (< ?x131 1))))))))))))))))))))))))))))))))))
(assert
 (let ((?x8 (+ 0 5)))
 (let ((?x10 (+ ?x8 1)))
 (let ((?x11 (+ ?x10 1)))
 (let ((?x21 (+ ?x11 1)))
 (let ((?x6 ((as const (Array Int Int)) 0)))
 (let ((?x12 (store ?x6 ?x11 0)))
 (let ((?x18 (store ?x12 ?x11 (+ (select ?x12 ?x11) 1))))
 (let ((?x20 (store ?x18 ?x10 (select ?x18 ?x11))))
 (let ((?x24 (store ?x20 ?x21 (+ (select ?x20 ?x11) 1))))
 (let ((?x25 (select ?x24 ?x21)))
 (let ((?x29 (store ?x24 ?x21 (+ ?x25 1))))
 (let ((?x30 (select ?x29 ?x21)))
 (let ((?x46 (store ?x29 ?x10 ?x30)))
 (let ((?x47 (select ?x46 ?x21)))
 (let ((?x51 (store ?x46 ?x21 (+ ?x47 1))))
 (let ((?x52 (select ?x51 ?x21)))
 (let ((?x68 (store ?x51 ?x10 ?x52)))
 (let ((?x69 (select ?x68 ?x21)))
 (let ((?x73 (store ?x68 ?x21 (+ ?x69 1))))
 (let ((?x74 (select ?x73 ?x21)))
 (let ((?x93 (store ?x73 ?x21 (+ ?x74 1))))
 (let ((?x94 (select ?x93 ?x11)))
 (let ((?x103 (+ 0 (* 1 ?x94))))
 (let ((?x104 (select ?x93 ?x103)))
 (let ((?x107 (select ?x93 (+ 0 (* 1 (select ?x93 ?x10))))))
 (let ((?x110 (store ?x93 ?x103 (+ ?x107 ?x104))))
 (let ((?x115 (select ?x110 ?x10)))
 (let ((?x120 (+ 0 (* 1 ?x115))))
 (let ((?x125 (- (select ?x110 (+ 0 (* 1 (select ?x110 ?x11)))) (select ?x110 ?x120))))
 (let ((?x126 (store ?x110 ?x120 ?x125)))
 (let ((?x127 (select ?x126 ?x11)))
 (and (<= 0 ?x127) (< ?x127 1))))))))))))))))))))))))))))))))))
(check-sat)

[mem]:17
Path:int data[5];
int n;
int min;
int i=0;
@(i<n-1);
i=i+1;
int i=0;
min=i;
int j=i+1;
@(j<n);
j=j+1;
int j=i+1;
@(!(data[j]<data[min]));

min=j;

@(j<n);
j=j+1;
int j=i+1;
@(!(data[j]<data[min]));

min=j;

@(j<n);
j=j+1;
int j=i+1;
@(data[j]<data[min]);

@(!(j<n));
j=j+1;

@(!(data[i]!=data[min]));

data[i]=data[min]+data[i];
data[min]=data[i]-data[min];
data[i]=data[i]-data[min];

warning: a declaration with the name "i" already exists!
warning: a declaration with the name "j" already exists!
warning: a declaration with the name "j" already exists!
warning: a declaration with the name "j" already exists!
debug:solver.cpp:60: input is a c0 path.
debug:solver.cpp:60: input is a c0 path.
infeasible!!!
SMT2:; 
(set-info :status unknown)
(assert
 (let ((?x8 (+ 0 5)))
 (let ((?x10 (+ ?x8 1)))
 (let ((?x11 (+ ?x10 1)))
 (let ((?x6 ((as const (Array Int Int)) 0)))
 (let ((?x12 (store ?x6 ?x11 0)))
 (let ((?x13 (select ?x12 ?x11)))
 (< ?x13 (- (select ?x12 ?x8) 1)))))))))
(assert
 (let ((?x8 (+ 0 5)))
 (let ((?x10 (+ ?x8 1)))
 (let ((?x11 (+ ?x10 1)))
 (let ((?x6 ((as const (Array Int Int)) 0)))
 (let ((?x12 (store ?x6 ?x11 0)))
 (let ((?x18 (store ?x12 ?x11 (+ (select ?x12 ?x11) 1))))
 (let ((?x20 (store ?x18 ?x10 (select ?x18 ?x11))))
 (let ((?x21 (+ ?x11 1)))
 (let ((?x24 (store ?x20 ?x21 (+ (select ?x20 ?x11) 1))))
 (let ((?x25 (select ?x24 ?x21)))
 (< ?x25 (select ?x24 ?x8)))))))))))))
(assert
 (let ((?x8 (+ 0 5)))
 (let ((?x10 (+ ?x8 1)))
 (let ((?x11 (+ ?x10 1)))
 (let ((?x21 (+ ?x11 1)))
 (let ((?x6 ((as const (Array Int Int)) 0)))
 (let ((?x12 (store ?x6 ?x11 0)))
 (let ((?x18 (store ?x12 ?x11 (+ (select ?x12 ?x11) 1))))
 (let ((?x20 (store ?x18 ?x10 (select ?x18 ?x11))))
 (let ((?x24 (store ?x20 ?x21 (+ (select ?x20 ?x11) 1))))
 (let ((?x25 (select ?x24 ?x21)))
 (let ((?x29 (store ?x24 ?x21 (+ ?x25 1))))
 (let ((?x30 (select ?x29 ?x21)))
 (and (<= 0 ?x30) (< ?x30 1)))))))))))))))
(assert
 (let ((?x8 (+ 0 5)))
 (let ((?x10 (+ ?x8 1)))
 (let ((?x11 (+ ?x10 1)))
 (let ((?x21 (+ ?x11 1)))
 (let ((?x6 ((as const (Array Int Int)) 0)))
 (let ((?x12 (store ?x6 ?x11 0)))
 (let ((?x18 (store ?x12 ?x11 (+ (select ?x12 ?x11) 1))))
 (let ((?x20 (store ?x18 ?x10 (select ?x18 ?x11))))
 (let ((?x24 (store ?x20 ?x21 (+ (select ?x20 ?x11) 1))))
 (let ((?x25 (select ?x24 ?x21)))
 (let ((?x29 (store ?x24 ?x21 (+ ?x25 1))))
 (let ((?x34 (select ?x29 ?x10)))
 (and (<= 0 ?x34) (< ?x34 1)))))))))))))))
(assert
 (let ((?x8 (+ 0 5)))
 (let ((?x10 (+ ?x8 1)))
 (let ((?x11 (+ ?x10 1)))
 (let ((?x21 (+ ?x11 1)))
 (let ((?x6 ((as const (Array Int Int)) 0)))
 (let ((?x12 (store ?x6 ?x11 0)))
 (let ((?x18 (store ?x12 ?x11 (+ (select ?x12 ?x11) 1))))
 (let ((?x20 (store ?x18 ?x10 (select ?x18 ?x11))))
 (let ((?x24 (store ?x20 ?x21 (+ (select ?x20 ?x11) 1))))
 (let ((?x25 (select ?x24 ?x21)))
 (let ((?x29 (store ?x24 ?x21 (+ ?x25 1))))
 (let ((?x34 (select ?x29 ?x10)))
 (let (($x44 (< (select ?x29 (+ 0 (* 1 (select ?x29 ?x21)))) (select ?x29 (+ 0 (* 1 ?x34))))))
 (not $x44)))))))))))))))
(assert
 (let ((?x8 (+ 0 5)))
 (let ((?x10 (+ ?x8 1)))
 (let ((?x11 (+ ?x10 1)))
 (let ((?x21 (+ ?x11 1)))
 (let ((?x6 ((as const (Array Int Int)) 0)))
 (let ((?x12 (store ?x6 ?x11 0)))
 (let ((?x18 (store ?x12 ?x11 (+ (select ?x12 ?x11) 1))))
 (let ((?x20 (store ?x18 ?x10 (select ?x18 ?x11))))
 (let ((?x24 (store ?x20 ?x21 (+ (select ?x20 ?x11) 1))))
 (let ((?x25 (select ?x24 ?x21)))
 (let ((?x29 (store ?x24 ?x21 (+ ?x25 1))))
 (let ((?x30 (select ?x29 ?x21)))
 (let ((?x46 (store ?x29 ?x10 ?x30)))
 (let ((?x47 (select ?x46 ?x21)))
 (< ?x47 (select ?x46 ?x8)))))))))))))))))
(assert
 (let ((?x8 (+ 0 5)))
 (let ((?x10 (+ ?x8 1)))
 (let ((?x11 (+ ?x10 1)))
 (let ((?x21 (+ ?x11 1)))
 (let ((?x6 ((as const (Array Int Int)) 0)))
 (let ((?x12 (store ?x6 ?x11 0)))
 (let ((?x18 (store ?x12 ?x11 (+ (select ?x12 ?x11) 1))))
 (let ((?x20 (store ?x18 ?x10 (select ?x18 ?x11))))
 (let ((?x24 (store ?x20 ?x21 (+ (select ?x20 ?x11) 1))))
 (let ((?x25 (select ?x24 ?x21)))
 (let ((?x29 (store ?x24 ?x21 (+ ?x25 1))))
 (let ((?x30 (select ?x29 ?x21)))
 (let ((?x46 (store ?x29 ?x10 ?x30)))
 (let ((?x47 (select ?x46 ?x21)))
 (let ((?x51 (store ?x46 ?x21 (+ ?x47 1))))
 (let ((?x52 (select ?x51 ?x21)))
 (and (<= 0 ?x52) (< ?x52 1)))))))))))))))))))
(assert
 (let ((?x8 (+ 0 5)))
 (let ((?x10 (+ ?x8 1)))
 (let ((?x11 (+ ?x10 1)))
 (let ((?x21 (+ ?x11 1)))
 (let ((?x6 ((as const (Array Int Int)) 0)))
 (let ((?x12 (store ?x6 ?x11 0)))
 (let ((?x18 (store ?x12 ?x11 (+ (select ?x12 ?x11) 1))))
 (let ((?x20 (store ?x18 ?x10 (select ?x18 ?x11))))
 (let ((?x24 (store ?x20 ?x21 (+ (select ?x20 ?x11) 1))))
 (let ((?x25 (select ?x24 ?x21)))
 (let ((?x29 (store ?x24 ?x21 (+ ?x25 1))))
 (let ((?x30 (select ?x29 ?x21)))
 (let ((?x46 (store ?x29 ?x10 ?x30)))
 (let ((?x47 (select ?x46 ?x21)))
 (let ((?x51 (store ?x46 ?x21 (+ ?x47 1))))
 (let ((?x56 (select ?x51 ?x10)))
 (and (<= 0 ?x56) (< ?x56 1)))))))))))))))))))
(assert
 (let ((?x8 (+ 0 5)))
 (let ((?x10 (+ ?x8 1)))
 (let ((?x11 (+ ?x10 1)))
 (let ((?x21 (+ ?x11 1)))
 (let ((?x6 ((as const (Array Int Int)) 0)))
 (let ((?x12 (store ?x6 ?x11 0)))
 (let ((?x18 (store ?x12 ?x11 (+ (select ?x12 ?x11) 1))))
 (let ((?x20 (store ?x18 ?x10 (select ?x18 ?x11))))
 (let ((?x24 (store ?x20 ?x21 (+ (select ?x20 ?x11) 1))))
 (let ((?x25 (select ?x24 ?x21)))
 (let ((?x29 (store ?x24 ?x21 (+ ?x25 1))))
 (let ((?x30 (select ?x29 ?x21)))
 (let ((?x46 (store ?x29 ?x10 ?x30)))
 (let ((?x47 (select ?x46 ?x21)))
 (let ((?x51 (store ?x46 ?x21 (+ ?x47 1))))
 (let ((?x56 (select ?x51 ?x10)))
 (let (($x66 (< (select ?x51 (+ 0 (* 1 (select ?x51 ?x21)))) (select ?x51 (+ 0 (* 1 ?x56))))))
 (not $x66)))))))))))))))))))
(assert
 (let ((?x8 (+ 0 5)))
 (let ((?x10 (+ ?x8 1)))
 (let ((?x11 (+ ?x10 1)))
 (let ((?x21 (+ ?x11 1)))
 (let ((?x6 ((as const (Array Int Int)) 0)))
 (let ((?x12 (store ?x6 ?x11 0)))
 (let ((?x18 (store ?x12 ?x11 (+ (select ?x12 ?x11) 1))))
 (let ((?x20 (store ?x18 ?x10 (select ?x18 ?x11))))
 (let ((?x24 (store ?x20 ?x21 (+ (select ?x20 ?x11) 1))))
 (let ((?x25 (select ?x24 ?x21)))
 (let ((?x29 (store ?x24 ?x21 (+ ?x25 1))))
 (let ((?x30 (select ?x29 ?x21)))
 (let ((?x46 (store ?x29 ?x10 ?x30)))
 (let ((?x47 (select ?x46 ?x21)))
 (let ((?x51 (store ?x46 ?x21 (+ ?x47 1))))
 (let ((?x52 (select ?x51 ?x21)))
 (let ((?x68 (store ?x51 ?x10 ?x52)))
 (let ((?x69 (select ?x68 ?x21)))
 (< ?x69 (select ?x68 ?x8)))))))))))))))))))))
(assert
 (let ((?x8 (+ 0 5)))
 (let ((?x10 (+ ?x8 1)))
 (let ((?x11 (+ ?x10 1)))
 (let ((?x21 (+ ?x11 1)))
 (let ((?x6 ((as const (Array Int Int)) 0)))
 (let ((?x12 (store ?x6 ?x11 0)))
 (let ((?x18 (store ?x12 ?x11 (+ (select ?x12 ?x11) 1))))
 (let ((?x20 (store ?x18 ?x10 (select ?x18 ?x11))))
 (let ((?x24 (store ?x20 ?x21 (+ (select ?x20 ?x11) 1))))
 (let ((?x25 (select ?x24 ?x21)))
 (let ((?x29 (store ?x24 ?x21 (+ ?x25 1))))
 (let ((?x30 (select ?x29 ?x21)))
 (let ((?x46 (store ?x29 ?x10 ?x30)))
 (let ((?x47 (select ?x46 ?x21)))
 (let ((?x51 (store ?x46 ?x21 (+ ?x47 1))))
 (let ((?x52 (select ?x51 ?x21)))
 (let ((?x68 (store ?x51 ?x10 ?x52)))
 (let ((?x69 (select ?x68 ?x21)))
 (let ((?x73 (store ?x68 ?x21 (+ ?x69 1))))
 (let ((?x74 (select ?x73 ?x21)))
 (and (<= 0 ?x74) (< ?x74 1)))))))))))))))))))))))
(assert
 (let ((?x8 (+ 0 5)))
 (let ((?x10 (+ ?x8 1)))
 (let ((?x11 (+ ?x10 1)))
 (let ((?x21 (+ ?x11 1)))
 (let ((?x6 ((as const (Array Int Int)) 0)))
 (let ((?x12 (store ?x6 ?x11 0)))
 (let ((?x18 (store ?x12 ?x11 (+ (select ?x12 ?x11) 1))))
 (let ((?x20 (store ?x18 ?x10 (select ?x18 ?x11))))
 (let ((?x24 (store ?x20 ?x21 (+ (select ?x20 ?x11) 1))))
 (let ((?x25 (select ?x24 ?x21)))
 (let ((?x29 (store ?x24 ?x21 (+ ?x25 1))))
 (let ((?x30 (select ?x29 ?x21)))
 (let ((?x46 (store ?x29 ?x10 ?x30)))
 (let ((?x47 (select ?x46 ?x21)))
 (let ((?x51 (store ?x46 ?x21 (+ ?x47 1))))
 (let ((?x52 (select ?x51 ?x21)))
 (let ((?x68 (store ?x51 ?x10 ?x52)))
 (let ((?x69 (select ?x68 ?x21)))
 (let ((?x73 (store ?x68 ?x21 (+ ?x69 1))))
 (let ((?x78 (select ?x73 ?x10)))
 (and (<= 0 ?x78) (< ?x78 1)))))))))))))))))))))))
(assert
 (let ((?x8 (+ 0 5)))
 (let ((?x10 (+ ?x8 1)))
 (let ((?x11 (+ ?x10 1)))
 (let ((?x21 (+ ?x11 1)))
 (let ((?x6 ((as const (Array Int Int)) 0)))
 (let ((?x12 (store ?x6 ?x11 0)))
 (let ((?x18 (store ?x12 ?x11 (+ (select ?x12 ?x11) 1))))
 (let ((?x20 (store ?x18 ?x10 (select ?x18 ?x11))))
 (let ((?x24 (store ?x20 ?x21 (+ (select ?x20 ?x11) 1))))
 (let ((?x25 (select ?x24 ?x21)))
 (let ((?x29 (store ?x24 ?x21 (+ ?x25 1))))
 (let ((?x30 (select ?x29 ?x21)))
 (let ((?x46 (store ?x29 ?x10 ?x30)))
 (let ((?x47 (select ?x46 ?x21)))
 (let ((?x51 (store ?x46 ?x21 (+ ?x47 1))))
 (let ((?x52 (select ?x51 ?x21)))
 (let ((?x68 (store ?x51 ?x10 ?x52)))
 (let ((?x69 (select ?x68 ?x21)))
 (let ((?x73 (store ?x68 ?x21 (+ ?x69 1))))
 (let ((?x78 (select ?x73 ?x10)))
 (< (select ?x73 (+ 0 (* 1 (select ?x73 ?x21)))) (select ?x73 (+ 0 (* 1 ?x78)))))))))))))))))))))))))
(assert
 (let ((?x8 (+ 0 5)))
 (let ((?x10 (+ ?x8 1)))
 (let ((?x11 (+ ?x10 1)))
 (let ((?x21 (+ ?x11 1)))
 (let ((?x6 ((as const (Array Int Int)) 0)))
 (let ((?x12 (store ?x6 ?x11 0)))
 (let ((?x18 (store ?x12 ?x11 (+ (select ?x12 ?x11) 1))))
 (let ((?x20 (store ?x18 ?x10 (select ?x18 ?x11))))
 (let ((?x24 (store ?x20 ?x21 (+ (select ?x20 ?x11) 1))))
 (let ((?x25 (select ?x24 ?x21)))
 (let ((?x29 (store ?x24 ?x21 (+ ?x25 1))))
 (let ((?x30 (select ?x29 ?x21)))
 (let ((?x46 (store ?x29 ?x10 ?x30)))
 (let ((?x47 (select ?x46 ?x21)))
 (let ((?x51 (store ?x46 ?x21 (+ ?x47 1))))
 (let ((?x52 (select ?x51 ?x21)))
 (let ((?x68 (store ?x51 ?x10 ?x52)))
 (let ((?x69 (select ?x68 ?x21)))
 (let ((?x73 (store ?x68 ?x21 (+ ?x69 1))))
 (let ((?x74 (select ?x73 ?x21)))
 (not (< ?x74 (select ?x73 ?x8))))))))))))))))))))))))
(assert
 (let ((?x8 (+ 0 5)))
 (let ((?x10 (+ ?x8 1)))
 (let ((?x11 (+ ?x10 1)))
 (let ((?x21 (+ ?x11 1)))
 (let ((?x6 ((as const (Array Int Int)) 0)))
 (let ((?x12 (store ?x6 ?x11 0)))
 (let ((?x18 (store ?x12 ?x11 (+ (select ?x12 ?x11) 1))))
 (let ((?x20 (store ?x18 ?x10 (select ?x18 ?x11))))
 (let ((?x24 (store ?x20 ?x21 (+ (select ?x20 ?x11) 1))))
 (let ((?x25 (select ?x24 ?x21)))
 (let ((?x29 (store ?x24 ?x21 (+ ?x25 1))))
 (let ((?x30 (select ?x29 ?x21)))
 (let ((?x46 (store ?x29 ?x10 ?x30)))
 (let ((?x47 (select ?x46 ?x21)))
 (let ((?x51 (store ?x46 ?x21 (+ ?x47 1))))
 (let ((?x52 (select ?x51 ?x21)))
 (let ((?x68 (store ?x51 ?x10 ?x52)))
 (let ((?x69 (select ?x68 ?x21)))
 (let ((?x73 (store ?x68 ?x21 (+ ?x69 1))))
 (let ((?x74 (select ?x73 ?x21)))
 (let ((?x93 (store ?x73 ?x21 (+ ?x74 1))))
 (let ((?x94 (select ?x93 ?x11)))
 (and (<= 0 ?x94) (< ?x94 1)))))))))))))))))))))))))
(assert
 (let ((?x8 (+ 0 5)))
 (let ((?x10 (+ ?x8 1)))
 (let ((?x11 (+ ?x10 1)))
 (let ((?x21 (+ ?x11 1)))
 (let ((?x6 ((as const (Array Int Int)) 0)))
 (let ((?x12 (store ?x6 ?x11 0)))
 (let ((?x18 (store ?x12 ?x11 (+ (select ?x12 ?x11) 1))))
 (let ((?x20 (store ?x18 ?x10 (select ?x18 ?x11))))
 (let ((?x24 (store ?x20 ?x21 (+ (select ?x20 ?x11) 1))))
 (let ((?x25 (select ?x24 ?x21)))
 (let ((?x29 (store ?x24 ?x21 (+ ?x25 1))))
 (let ((?x30 (select ?x29 ?x21)))
 (let ((?x46 (store ?x29 ?x10 ?x30)))
 (let ((?x47 (select ?x46 ?x21)))
 (let ((?x51 (store ?x46 ?x21 (+ ?x47 1))))
 (let ((?x52 (select ?x51 ?x21)))
 (let ((?x68 (store ?x51 ?x10 ?x52)))
 (let ((?x69 (select ?x68 ?x21)))
 (let ((?x73 (store ?x68 ?x21 (+ ?x69 1))))
 (let ((?x74 (select ?x73 ?x21)))
 (let ((?x93 (store ?x73 ?x21 (+ ?x74 1))))
 (let ((?x98 (select ?x93 ?x10)))
 (and (<= 0 ?x98) (< ?x98 1)))))))))))))))))))))))))
(assert
 (let ((?x8 (+ 0 5)))
 (let ((?x10 (+ ?x8 1)))
 (let ((?x11 (+ ?x10 1)))
 (let ((?x21 (+ ?x11 1)))
 (let ((?x6 ((as const (Array Int Int)) 0)))
 (let ((?x12 (store ?x6 ?x11 0)))
 (let ((?x18 (store ?x12 ?x11 (+ (select ?x12 ?x11) 1))))
 (let ((?x20 (store ?x18 ?x10 (select ?x18 ?x11))))
 (let ((?x24 (store ?x20 ?x21 (+ (select ?x20 ?x11) 1))))
 (let ((?x25 (select ?x24 ?x21)))
 (let ((?x29 (store ?x24 ?x21 (+ ?x25 1))))
 (let ((?x30 (select ?x29 ?x21)))
 (let ((?x46 (store ?x29 ?x10 ?x30)))
 (let ((?x47 (select ?x46 ?x21)))
 (let ((?x51 (store ?x46 ?x21 (+ ?x47 1))))
 (let ((?x52 (select ?x51 ?x21)))
 (let ((?x68 (store ?x51 ?x10 ?x52)))
 (let ((?x69 (select ?x68 ?x21)))
 (let ((?x73 (store ?x68 ?x21 (+ ?x69 1))))
 (let ((?x74 (select ?x73 ?x21)))
 (let ((?x93 (store ?x73 ?x21 (+ ?x74 1))))
 (let ((?x98 (select ?x93 ?x10)))
 (let ((?x107 (select ?x93 (+ 0 (* 1 ?x98)))))
 (let ((?x103 (+ 0 (* 1 (select ?x93 ?x11)))))
 (let ((?x104 (select ?x93 ?x103)))
 (not (and (distinct ?x104 ?x107) true))))))))))))))))))))))))))))
(assert
 (let ((?x8 (+ 0 5)))
 (let ((?x10 (+ ?x8 1)))
 (let ((?x11 (+ ?x10 1)))
 (let ((?x21 (+ ?x11 1)))
 (let ((?x6 ((as const (Array Int Int)) 0)))
 (let ((?x12 (store ?x6 ?x11 0)))
 (let ((?x18 (store ?x12 ?x11 (+ (select ?x12 ?x11) 1))))
 (let ((?x20 (store ?x18 ?x10 (select ?x18 ?x11))))
 (let ((?x24 (store ?x20 ?x21 (+ (select ?x20 ?x11) 1))))
 (let ((?x25 (select ?x24 ?x21)))
 (let ((?x29 (store ?x24 ?x21 (+ ?x25 1))))
 (let ((?x30 (select ?x29 ?x21)))
 (let ((?x46 (store ?x29 ?x10 ?x30)))
 (let ((?x47 (select ?x46 ?x21)))
 (let ((?x51 (store ?x46 ?x21 (+ ?x47 1))))
 (let ((?x52 (select ?x51 ?x21)))
 (let ((?x68 (store ?x51 ?x10 ?x52)))
 (let ((?x69 (select ?x68 ?x21)))
 (let ((?x73 (store ?x68 ?x21 (+ ?x69 1))))
 (let ((?x74 (select ?x73 ?x21)))
 (let ((?x93 (store ?x73 ?x21 (+ ?x74 1))))
 (let ((?x98 (select ?x93 ?x10)))
 (and (<= 0 ?x98) (< ?x98 1)))))))))))))))))))))))))
(assert
 (let ((?x8 (+ 0 5)))
 (let ((?x10 (+ ?x8 1)))
 (let ((?x11 (+ ?x10 1)))
 (let ((?x21 (+ ?x11 1)))
 (let ((?x6 ((as const (Array Int Int)) 0)))
 (let ((?x12 (store ?x6 ?x11 0)))
 (let ((?x18 (store ?x12 ?x11 (+ (select ?x12 ?x11) 1))))
 (let ((?x20 (store ?x18 ?x10 (select ?x18 ?x11))))
 (let ((?x24 (store ?x20 ?x21 (+ (select ?x20 ?x11) 1))))
 (let ((?x25 (select ?x24 ?x21)))
 (let ((?x29 (store ?x24 ?x21 (+ ?x25 1))))
 (let ((?x30 (select ?x29 ?x21)))
 (let ((?x46 (store ?x29 ?x10 ?x30)))
 (let ((?x47 (select ?x46 ?x21)))
 (let ((?x51 (store ?x46 ?x21 (+ ?x47 1))))
 (let ((?x52 (select ?x51 ?x21)))
 (let ((?x68 (store ?x51 ?x10 ?x52)))
 (let ((?x69 (select ?x68 ?x21)))
 (let ((?x73 (store ?x68 ?x21 (+ ?x69 1))))
 (let ((?x74 (select ?x73 ?x21)))
 (let ((?x93 (store ?x73 ?x21 (+ ?x74 1))))
 (let ((?x94 (select ?x93 ?x11)))
 (and (<= 0 ?x94) (< ?x94 1)))))))))))))))))))))))))
(assert
 (let ((?x8 (+ 0 5)))
 (let ((?x10 (+ ?x8 1)))
 (let ((?x11 (+ ?x10 1)))
 (let ((?x21 (+ ?x11 1)))
 (let ((?x6 ((as const (Array Int Int)) 0)))
 (let ((?x12 (store ?x6 ?x11 0)))
 (let ((?x18 (store ?x12 ?x11 (+ (select ?x12 ?x11) 1))))
 (let ((?x20 (store ?x18 ?x10 (select ?x18 ?x11))))
 (let ((?x24 (store ?x20 ?x21 (+ (select ?x20 ?x11) 1))))
 (let ((?x25 (select ?x24 ?x21)))
 (let ((?x29 (store ?x24 ?x21 (+ ?x25 1))))
 (let ((?x30 (select ?x29 ?x21)))
 (let ((?x46 (store ?x29 ?x10 ?x30)))
 (let ((?x47 (select ?x46 ?x21)))
 (let ((?x51 (store ?x46 ?x21 (+ ?x47 1))))
 (let ((?x52 (select ?x51 ?x21)))
 (let ((?x68 (store ?x51 ?x10 ?x52)))
 (let ((?x69 (select ?x68 ?x21)))
 (let ((?x73 (store ?x68 ?x21 (+ ?x69 1))))
 (let ((?x74 (select ?x73 ?x21)))
 (let ((?x93 (store ?x73 ?x21 (+ ?x74 1))))
 (let ((?x94 (select ?x93 ?x11)))
 (and (<= 0 ?x94) (< ?x94 1)))))))))))))))))))))))))
(assert
 (let ((?x8 (+ 0 5)))
 (let ((?x10 (+ ?x8 1)))
 (let ((?x11 (+ ?x10 1)))
 (let ((?x21 (+ ?x11 1)))
 (let ((?x6 ((as const (Array Int Int)) 0)))
 (let ((?x12 (store ?x6 ?x11 0)))
 (let ((?x18 (store ?x12 ?x11 (+ (select ?x12 ?x11) 1))))
 (let ((?x20 (store ?x18 ?x10 (select ?x18 ?x11))))
 (let ((?x24 (store ?x20 ?x21 (+ (select ?x20 ?x11) 1))))
 (let ((?x25 (select ?x24 ?x21)))
 (let ((?x29 (store ?x24 ?x21 (+ ?x25 1))))
 (let ((?x30 (select ?x29 ?x21)))
 (let ((?x46 (store ?x29 ?x10 ?x30)))
 (let ((?x47 (select ?x46 ?x21)))
 (let ((?x51 (store ?x46 ?x21 (+ ?x47 1))))
 (let ((?x52 (select ?x51 ?x21)))
 (let ((?x68 (store ?x51 ?x10 ?x52)))
 (let ((?x69 (select ?x68 ?x21)))
 (let ((?x73 (store ?x68 ?x21 (+ ?x69 1))))
 (let ((?x74 (select ?x73 ?x21)))
 (let ((?x93 (store ?x73 ?x21 (+ ?x74 1))))
 (let ((?x94 (select ?x93 ?x11)))
 (let ((?x103 (+ 0 (* 1 ?x94))))
 (let ((?x104 (select ?x93 ?x103)))
 (let ((?x107 (select ?x93 (+ 0 (* 1 (select ?x93 ?x10))))))
 (let ((?x111 (store ?x93 ?x103 (+ ?x107 ?x104))))
 (let ((?x112 (select ?x111 ?x11)))
 (and (<= 0 ?x112) (< ?x112 1))))))))))))))))))))))))))))))
(assert
 (let ((?x8 (+ 0 5)))
 (let ((?x10 (+ ?x8 1)))
 (let ((?x11 (+ ?x10 1)))
 (let ((?x21 (+ ?x11 1)))
 (let ((?x6 ((as const (Array Int Int)) 0)))
 (let ((?x12 (store ?x6 ?x11 0)))
 (let ((?x18 (store ?x12 ?x11 (+ (select ?x12 ?x11) 1))))
 (let ((?x20 (store ?x18 ?x10 (select ?x18 ?x11))))
 (let ((?x24 (store ?x20 ?x21 (+ (select ?x20 ?x11) 1))))
 (let ((?x25 (select ?x24 ?x21)))
 (let ((?x29 (store ?x24 ?x21 (+ ?x25 1))))
 (let ((?x30 (select ?x29 ?x21)))
 (let ((?x46 (store ?x29 ?x10 ?x30)))
 (let ((?x47 (select ?x46 ?x21)))
 (let ((?x51 (store ?x46 ?x21 (+ ?x47 1))))
 (let ((?x52 (select ?x51 ?x21)))
 (let ((?x68 (store ?x51 ?x10 ?x52)))
 (let ((?x69 (select ?x68 ?x21)))
 (let ((?x73 (store ?x68 ?x21 (+ ?x69 1))))
 (let ((?x74 (select ?x73 ?x21)))
 (let ((?x93 (store ?x73 ?x21 (+ ?x74 1))))
 (let ((?x94 (select ?x93 ?x11)))
 (let ((?x103 (+ 0 (* 1 ?x94))))
 (let ((?x104 (select ?x93 ?x103)))
 (let ((?x107 (select ?x93 (+ 0 (* 1 (select ?x93 ?x10))))))
 (let ((?x111 (store ?x93 ?x103 (+ ?x107 ?x104))))
 (let ((?x116 (select ?x111 ?x10)))
 (and (<= 0 ?x116) (< ?x116 1))))))))))))))))))))))))))))))
(assert
 (let ((?x8 (+ 0 5)))
 (let ((?x10 (+ ?x8 1)))
 (let ((?x11 (+ ?x10 1)))
 (let ((?x21 (+ ?x11 1)))
 (let ((?x6 ((as const (Array Int Int)) 0)))
 (let ((?x12 (store ?x6 ?x11 0)))
 (let ((?x18 (store ?x12 ?x11 (+ (select ?x12 ?x11) 1))))
 (let ((?x20 (store ?x18 ?x10 (select ?x18 ?x11))))
 (let ((?x24 (store ?x20 ?x21 (+ (select ?x20 ?x11) 1))))
 (let ((?x25 (select ?x24 ?x21)))
 (let ((?x29 (store ?x24 ?x21 (+ ?x25 1))))
 (let ((?x30 (select ?x29 ?x21)))
 (let ((?x46 (store ?x29 ?x10 ?x30)))
 (let ((?x47 (select ?x46 ?x21)))
 (let ((?x51 (store ?x46 ?x21 (+ ?x47 1))))
 (let ((?x52 (select ?x51 ?x21)))
 (let ((?x68 (store ?x51 ?x10 ?x52)))
 (let ((?x69 (select ?x68 ?x21)))
 (let ((?x73 (store ?x68 ?x21 (+ ?x69 1))))
 (let ((?x74 (select ?x73 ?x21)))
 (let ((?x93 (store ?x73 ?x21 (+ ?x74 1))))
 (let ((?x94 (select ?x93 ?x11)))
 (let ((?x103 (+ 0 (* 1 ?x94))))
 (let ((?x104 (select ?x93 ?x103)))
 (let ((?x107 (select ?x93 (+ 0 (* 1 (select ?x93 ?x10))))))
 (let ((?x111 (store ?x93 ?x103 (+ ?x107 ?x104))))
 (let ((?x116 (select ?x111 ?x10)))
 (and (<= 0 ?x116) (< ?x116 1))))))))))))))))))))))))))))))
(assert
 (let ((?x8 (+ 0 5)))
 (let ((?x10 (+ ?x8 1)))
 (let ((?x11 (+ ?x10 1)))
 (let ((?x21 (+ ?x11 1)))
 (let ((?x6 ((as const (Array Int Int)) 0)))
 (let ((?x12 (store ?x6 ?x11 0)))
 (let ((?x18 (store ?x12 ?x11 (+ (select ?x12 ?x11) 1))))
 (let ((?x20 (store ?x18 ?x10 (select ?x18 ?x11))))
 (let ((?x24 (store ?x20 ?x21 (+ (select ?x20 ?x11) 1))))
 (let ((?x25 (select ?x24 ?x21)))
 (let ((?x29 (store ?x24 ?x21 (+ ?x25 1))))
 (let ((?x30 (select ?x29 ?x21)))
 (let ((?x46 (store ?x29 ?x10 ?x30)))
 (let ((?x47 (select ?x46 ?x21)))
 (let ((?x51 (store ?x46 ?x21 (+ ?x47 1))))
 (let ((?x52 (select ?x51 ?x21)))
 (let ((?x68 (store ?x51 ?x10 ?x52)))
 (let ((?x69 (select ?x68 ?x21)))
 (let ((?x73 (store ?x68 ?x21 (+ ?x69 1))))
 (let ((?x74 (select ?x73 ?x21)))
 (let ((?x93 (store ?x73 ?x21 (+ ?x74 1))))
 (let ((?x94 (select ?x93 ?x11)))
 (let ((?x103 (+ 0 (* 1 ?x94))))
 (let ((?x104 (select ?x93 ?x103)))
 (let ((?x107 (select ?x93 (+ 0 (* 1 (select ?x93 ?x10))))))
 (let ((?x111 (store ?x93 ?x103 (+ ?x107 ?x104))))
 (let ((?x116 (select ?x111 ?x10)))
 (let ((?x121 (+ 0 (* 1 ?x116))))
 (let ((?x126 (- (select ?x111 (+ 0 (* 1 (select ?x111 ?x11)))) (select ?x111 ?x121))))
 (let ((?x127 (store ?x111 ?x121 ?x126)))
 (let ((?x128 (select ?x127 ?x11)))
 (and (<= 0 ?x128) (< ?x128 1))))))))))))))))))))))))))))))))))
(assert
 (let ((?x8 (+ 0 5)))
 (let ((?x10 (+ ?x8 1)))
 (let ((?x11 (+ ?x10 1)))
 (let ((?x21 (+ ?x11 1)))
 (let ((?x6 ((as const (Array Int Int)) 0)))
 (let ((?x12 (store ?x6 ?x11 0)))
 (let ((?x18 (store ?x12 ?x11 (+ (select ?x12 ?x11) 1))))
 (let ((?x20 (store ?x18 ?x10 (select ?x18 ?x11))))
 (let ((?x24 (store ?x20 ?x21 (+ (select ?x20 ?x11) 1))))
 (let ((?x25 (select ?x24 ?x21)))
 (let ((?x29 (store ?x24 ?x21 (+ ?x25 1))))
 (let ((?x30 (select ?x29 ?x21)))
 (let ((?x46 (store ?x29 ?x10 ?x30)))
 (let ((?x47 (select ?x46 ?x21)))
 (let ((?x51 (store ?x46 ?x21 (+ ?x47 1))))
 (let ((?x52 (select ?x51 ?x21)))
 (let ((?x68 (store ?x51 ?x10 ?x52)))
 (let ((?x69 (select ?x68 ?x21)))
 (let ((?x73 (store ?x68 ?x21 (+ ?x69 1))))
 (let ((?x74 (select ?x73 ?x21)))
 (let ((?x93 (store ?x73 ?x21 (+ ?x74 1))))
 (let ((?x94 (select ?x93 ?x11)))
 (let ((?x103 (+ 0 (* 1 ?x94))))
 (let ((?x104 (select ?x93 ?x103)))
 (let ((?x107 (select ?x93 (+ 0 (* 1 (select ?x93 ?x10))))))
 (let ((?x111 (store ?x93 ?x103 (+ ?x107 ?x104))))
 (let ((?x116 (select ?x111 ?x10)))
 (let ((?x121 (+ 0 (* 1 ?x116))))
 (let ((?x126 (- (select ?x111 (+ 0 (* 1 (select ?x111 ?x11)))) (select ?x111 ?x121))))
 (let ((?x127 (store ?x111 ?x121 ?x126)))
 (let ((?x132 (select ?x127 ?x10)))
 (and (<= 0 ?x132) (< ?x132 1))))))))))))))))))))))))))))))))))
(assert
 (let ((?x8 (+ 0 5)))
 (let ((?x10 (+ ?x8 1)))
 (let ((?x11 (+ ?x10 1)))
 (let ((?x21 (+ ?x11 1)))
 (let ((?x6 ((as const (Array Int Int)) 0)))
 (let ((?x12 (store ?x6 ?x11 0)))
 (let ((?x18 (store ?x12 ?x11 (+ (select ?x12 ?x11) 1))))
 (let ((?x20 (store ?x18 ?x10 (select ?x18 ?x11))))
 (let ((?x24 (store ?x20 ?x21 (+ (select ?x20 ?x11) 1))))
 (let ((?x25 (select ?x24 ?x21)))
 (let ((?x29 (store ?x24 ?x21 (+ ?x25 1))))
 (let ((?x30 (select ?x29 ?x21)))
 (let ((?x46 (store ?x29 ?x10 ?x30)))
 (let ((?x47 (select ?x46 ?x21)))
 (let ((?x51 (store ?x46 ?x21 (+ ?x47 1))))
 (let ((?x52 (select ?x51 ?x21)))
 (let ((?x68 (store ?x51 ?x10 ?x52)))
 (let ((?x69 (select ?x68 ?x21)))
 (let ((?x73 (store ?x68 ?x21 (+ ?x69 1))))
 (let ((?x74 (select ?x73 ?x21)))
 (let ((?x93 (store ?x73 ?x21 (+ ?x74 1))))
 (let ((?x94 (select ?x93 ?x11)))
 (let ((?x103 (+ 0 (* 1 ?x94))))
 (let ((?x104 (select ?x93 ?x103)))
 (let ((?x107 (select ?x93 (+ 0 (* 1 (select ?x93 ?x10))))))
 (let ((?x111 (store ?x93 ?x103 (+ ?x107 ?x104))))
 (let ((?x116 (select ?x111 ?x10)))
 (let ((?x121 (+ 0 (* 1 ?x116))))
 (let ((?x126 (- (select ?x111 (+ 0 (* 1 (select ?x111 ?x11)))) (select ?x111 ?x121))))
 (let ((?x127 (store ?x111 ?x121 ?x126)))
 (let ((?x128 (select ?x127 ?x11)))
 (and (<= 0 ?x128) (< ?x128 1))))))))))))))))))))))))))))))))))
(check-sat)

[mem]:17
Path:int data[5];
int n;
int min;
int i=0;
@(i<n-1);
i=i+1;
int i=0;
min=i;
int j=i+1;
@(j<n);
j=j+1;
int j=i+1;
@(!(data[j]<data[min]));

min=j;

@(j<n);
j=j+1;
int j=i+1;
@(!(data[j]<data[min]));

min=j;

@(j<n);
j=j+1;
int j=i+1;
@(!(data[j]<data[min]));

min=j;

@(!(j<n));
j=j+1;

@(data[i]!=data[min]);

data[i]=data[min]+data[i];
data[min]=data[i]-data[min];
data[i]=data[i]-data[min];

warning: a declaration with the name "i" already exists!
warning: a declaration with the name "j" already exists!
warning: a declaration with the name "j" already exists!
warning: a declaration with the name "j" already exists!
debug:solver.cpp:60: input is a c0 path.
debug:solver.cpp:60: input is a c0 path.
infeasible!!!
SMT2:; 
(set-info :status unknown)
(assert
 (let ((?x8 (+ 0 5)))
 (let ((?x10 (+ ?x8 1)))
 (let ((?x11 (+ ?x10 1)))
 (let ((?x6 ((as const (Array Int Int)) 0)))
 (let ((?x12 (store ?x6 ?x11 0)))
 (let ((?x13 (select ?x12 ?x11)))
 (< ?x13 (- (select ?x12 ?x8) 1)))))))))
(assert
 (let ((?x8 (+ 0 5)))
 (let ((?x10 (+ ?x8 1)))
 (let ((?x11 (+ ?x10 1)))
 (let ((?x6 ((as const (Array Int Int)) 0)))
 (let ((?x12 (store ?x6 ?x11 0)))
 (let ((?x18 (store ?x12 ?x11 (+ (select ?x12 ?x11) 1))))
 (let ((?x20 (store ?x18 ?x10 (select ?x18 ?x11))))
 (let ((?x21 (+ ?x11 1)))
 (let ((?x24 (store ?x20 ?x21 (+ (select ?x20 ?x11) 1))))
 (let ((?x25 (select ?x24 ?x21)))
 (< ?x25 (select ?x24 ?x8)))))))))))))
(assert
 (let ((?x8 (+ 0 5)))
 (let ((?x10 (+ ?x8 1)))
 (let ((?x11 (+ ?x10 1)))
 (let ((?x21 (+ ?x11 1)))
 (let ((?x6 ((as const (Array Int Int)) 0)))
 (let ((?x12 (store ?x6 ?x11 0)))
 (let ((?x18 (store ?x12 ?x11 (+ (select ?x12 ?x11) 1))))
 (let ((?x20 (store ?x18 ?x10 (select ?x18 ?x11))))
 (let ((?x24 (store ?x20 ?x21 (+ (select ?x20 ?x11) 1))))
 (let ((?x25 (select ?x24 ?x21)))
 (let ((?x29 (store ?x24 ?x21 (+ ?x25 1))))
 (let ((?x30 (select ?x29 ?x21)))
 (and (<= 0 ?x30) (< ?x30 1)))))))))))))))
(assert
 (let ((?x8 (+ 0 5)))
 (let ((?x10 (+ ?x8 1)))
 (let ((?x11 (+ ?x10 1)))
 (let ((?x21 (+ ?x11 1)))
 (let ((?x6 ((as const (Array Int Int)) 0)))
 (let ((?x12 (store ?x6 ?x11 0)))
 (let ((?x18 (store ?x12 ?x11 (+ (select ?x12 ?x11) 1))))
 (let ((?x20 (store ?x18 ?x10 (select ?x18 ?x11))))
 (let ((?x24 (store ?x20 ?x21 (+ (select ?x20 ?x11) 1))))
 (let ((?x25 (select ?x24 ?x21)))
 (let ((?x29 (store ?x24 ?x21 (+ ?x25 1))))
 (let ((?x34 (select ?x29 ?x10)))
 (and (<= 0 ?x34) (< ?x34 1)))))))))))))))
(assert
 (let ((?x8 (+ 0 5)))
 (let ((?x10 (+ ?x8 1)))
 (let ((?x11 (+ ?x10 1)))
 (let ((?x21 (+ ?x11 1)))
 (let ((?x6 ((as const (Array Int Int)) 0)))
 (let ((?x12 (store ?x6 ?x11 0)))
 (let ((?x18 (store ?x12 ?x11 (+ (select ?x12 ?x11) 1))))
 (let ((?x20 (store ?x18 ?x10 (select ?x18 ?x11))))
 (let ((?x24 (store ?x20 ?x21 (+ (select ?x20 ?x11) 1))))
 (let ((?x25 (select ?x24 ?x21)))
 (let ((?x29 (store ?x24 ?x21 (+ ?x25 1))))
 (let ((?x34 (select ?x29 ?x10)))
 (let (($x44 (< (select ?x29 (+ 0 (* 1 (select ?x29 ?x21)))) (select ?x29 (+ 0 (* 1 ?x34))))))
 (not $x44)))))))))))))))
(assert
 (let ((?x8 (+ 0 5)))
 (let ((?x10 (+ ?x8 1)))
 (let ((?x11 (+ ?x10 1)))
 (let ((?x21 (+ ?x11 1)))
 (let ((?x6 ((as const (Array Int Int)) 0)))
 (let ((?x12 (store ?x6 ?x11 0)))
 (let ((?x18 (store ?x12 ?x11 (+ (select ?x12 ?x11) 1))))
 (let ((?x20 (store ?x18 ?x10 (select ?x18 ?x11))))
 (let ((?x24 (store ?x20 ?x21 (+ (select ?x20 ?x11) 1))))
 (let ((?x25 (select ?x24 ?x21)))
 (let ((?x29 (store ?x24 ?x21 (+ ?x25 1))))
 (let ((?x30 (select ?x29 ?x21)))
 (let ((?x46 (store ?x29 ?x10 ?x30)))
 (let ((?x47 (select ?x46 ?x21)))
 (< ?x47 (select ?x46 ?x8)))))))))))))))))
(assert
 (let ((?x8 (+ 0 5)))
 (let ((?x10 (+ ?x8 1)))
 (let ((?x11 (+ ?x10 1)))
 (let ((?x21 (+ ?x11 1)))
 (let ((?x6 ((as const (Array Int Int)) 0)))
 (let ((?x12 (store ?x6 ?x11 0)))
 (let ((?x18 (store ?x12 ?x11 (+ (select ?x12 ?x11) 1))))
 (let ((?x20 (store ?x18 ?x10 (select ?x18 ?x11))))
 (let ((?x24 (store ?x20 ?x21 (+ (select ?x20 ?x11) 1))))
 (let ((?x25 (select ?x24 ?x21)))
 (let ((?x29 (store ?x24 ?x21 (+ ?x25 1))))
 (let ((?x30 (select ?x29 ?x21)))
 (let ((?x46 (store ?x29 ?x10 ?x30)))
 (let ((?x47 (select ?x46 ?x21)))
 (let ((?x51 (store ?x46 ?x21 (+ ?x47 1))))
 (let ((?x52 (select ?x51 ?x21)))
 (and (<= 0 ?x52) (< ?x52 1)))))))))))))))))))
(assert
 (let ((?x8 (+ 0 5)))
 (let ((?x10 (+ ?x8 1)))
 (let ((?x11 (+ ?x10 1)))
 (let ((?x21 (+ ?x11 1)))
 (let ((?x6 ((as const (Array Int Int)) 0)))
 (let ((?x12 (store ?x6 ?x11 0)))
 (let ((?x18 (store ?x12 ?x11 (+ (select ?x12 ?x11) 1))))
 (let ((?x20 (store ?x18 ?x10 (select ?x18 ?x11))))
 (let ((?x24 (store ?x20 ?x21 (+ (select ?x20 ?x11) 1))))
 (let ((?x25 (select ?x24 ?x21)))
 (let ((?x29 (store ?x24 ?x21 (+ ?x25 1))))
 (let ((?x30 (select ?x29 ?x21)))
 (let ((?x46 (store ?x29 ?x10 ?x30)))
 (let ((?x47 (select ?x46 ?x21)))
 (let ((?x51 (store ?x46 ?x21 (+ ?x47 1))))
 (let ((?x56 (select ?x51 ?x10)))
 (and (<= 0 ?x56) (< ?x56 1)))))))))))))))))))
(assert
 (let ((?x8 (+ 0 5)))
 (let ((?x10 (+ ?x8 1)))
 (let ((?x11 (+ ?x10 1)))
 (let ((?x21 (+ ?x11 1)))
 (let ((?x6 ((as const (Array Int Int)) 0)))
 (let ((?x12 (store ?x6 ?x11 0)))
 (let ((?x18 (store ?x12 ?x11 (+ (select ?x12 ?x11) 1))))
 (let ((?x20 (store ?x18 ?x10 (select ?x18 ?x11))))
 (let ((?x24 (store ?x20 ?x21 (+ (select ?x20 ?x11) 1))))
 (let ((?x25 (select ?x24 ?x21)))
 (let ((?x29 (store ?x24 ?x21 (+ ?x25 1))))
 (let ((?x30 (select ?x29 ?x21)))
 (let ((?x46 (store ?x29 ?x10 ?x30)))
 (let ((?x47 (select ?x46 ?x21)))
 (let ((?x51 (store ?x46 ?x21 (+ ?x47 1))))
 (let ((?x56 (select ?x51 ?x10)))
 (let (($x66 (< (select ?x51 (+ 0 (* 1 (select ?x51 ?x21)))) (select ?x51 (+ 0 (* 1 ?x56))))))
 (not $x66)))))))))))))))))))
(assert
 (let ((?x8 (+ 0 5)))
 (let ((?x10 (+ ?x8 1)))
 (let ((?x11 (+ ?x10 1)))
 (let ((?x21 (+ ?x11 1)))
 (let ((?x6 ((as const (Array Int Int)) 0)))
 (let ((?x12 (store ?x6 ?x11 0)))
 (let ((?x18 (store ?x12 ?x11 (+ (select ?x12 ?x11) 1))))
 (let ((?x20 (store ?x18 ?x10 (select ?x18 ?x11))))
 (let ((?x24 (store ?x20 ?x21 (+ (select ?x20 ?x11) 1))))
 (let ((?x25 (select ?x24 ?x21)))
 (let ((?x29 (store ?x24 ?x21 (+ ?x25 1))))
 (let ((?x30 (select ?x29 ?x21)))
 (let ((?x46 (store ?x29 ?x10 ?x30)))
 (let ((?x47 (select ?x46 ?x21)))
 (let ((?x51 (store ?x46 ?x21 (+ ?x47 1))))
 (let ((?x52 (select ?x51 ?x21)))
 (let ((?x68 (store ?x51 ?x10 ?x52)))
 (let ((?x69 (select ?x68 ?x21)))
 (< ?x69 (select ?x68 ?x8)))))))))))))))))))))
(assert
 (let ((?x8 (+ 0 5)))
 (let ((?x10 (+ ?x8 1)))
 (let ((?x11 (+ ?x10 1)))
 (let ((?x21 (+ ?x11 1)))
 (let ((?x6 ((as const (Array Int Int)) 0)))
 (let ((?x12 (store ?x6 ?x11 0)))
 (let ((?x18 (store ?x12 ?x11 (+ (select ?x12 ?x11) 1))))
 (let ((?x20 (store ?x18 ?x10 (select ?x18 ?x11))))
 (let ((?x24 (store ?x20 ?x21 (+ (select ?x20 ?x11) 1))))
 (let ((?x25 (select ?x24 ?x21)))
 (let ((?x29 (store ?x24 ?x21 (+ ?x25 1))))
 (let ((?x30 (select ?x29 ?x21)))
 (let ((?x46 (store ?x29 ?x10 ?x30)))
 (let ((?x47 (select ?x46 ?x21)))
 (let ((?x51 (store ?x46 ?x21 (+ ?x47 1))))
 (let ((?x52 (select ?x51 ?x21)))
 (let ((?x68 (store ?x51 ?x10 ?x52)))
 (let ((?x69 (select ?x68 ?x21)))
 (let ((?x73 (store ?x68 ?x21 (+ ?x69 1))))
 (let ((?x74 (select ?x73 ?x21)))
 (and (<= 0 ?x74) (< ?x74 1)))))))))))))))))))))))
(assert
 (let ((?x8 (+ 0 5)))
 (let ((?x10 (+ ?x8 1)))
 (let ((?x11 (+ ?x10 1)))
 (let ((?x21 (+ ?x11 1)))
 (let ((?x6 ((as const (Array Int Int)) 0)))
 (let ((?x12 (store ?x6 ?x11 0)))
 (let ((?x18 (store ?x12 ?x11 (+ (select ?x12 ?x11) 1))))
 (let ((?x20 (store ?x18 ?x10 (select ?x18 ?x11))))
 (let ((?x24 (store ?x20 ?x21 (+ (select ?x20 ?x11) 1))))
 (let ((?x25 (select ?x24 ?x21)))
 (let ((?x29 (store ?x24 ?x21 (+ ?x25 1))))
 (let ((?x30 (select ?x29 ?x21)))
 (let ((?x46 (store ?x29 ?x10 ?x30)))
 (let ((?x47 (select ?x46 ?x21)))
 (let ((?x51 (store ?x46 ?x21 (+ ?x47 1))))
 (let ((?x52 (select ?x51 ?x21)))
 (let ((?x68 (store ?x51 ?x10 ?x52)))
 (let ((?x69 (select ?x68 ?x21)))
 (let ((?x73 (store ?x68 ?x21 (+ ?x69 1))))
 (let ((?x78 (select ?x73 ?x10)))
 (and (<= 0 ?x78) (< ?x78 1)))))))))))))))))))))))
(assert
 (let ((?x8 (+ 0 5)))
 (let ((?x10 (+ ?x8 1)))
 (let ((?x11 (+ ?x10 1)))
 (let ((?x21 (+ ?x11 1)))
 (let ((?x6 ((as const (Array Int Int)) 0)))
 (let ((?x12 (store ?x6 ?x11 0)))
 (let ((?x18 (store ?x12 ?x11 (+ (select ?x12 ?x11) 1))))
 (let ((?x20 (store ?x18 ?x10 (select ?x18 ?x11))))
 (let ((?x24 (store ?x20 ?x21 (+ (select ?x20 ?x11) 1))))
 (let ((?x25 (select ?x24 ?x21)))
 (let ((?x29 (store ?x24 ?x21 (+ ?x25 1))))
 (let ((?x30 (select ?x29 ?x21)))
 (let ((?x46 (store ?x29 ?x10 ?x30)))
 (let ((?x47 (select ?x46 ?x21)))
 (let ((?x51 (store ?x46 ?x21 (+ ?x47 1))))
 (let ((?x52 (select ?x51 ?x21)))
 (let ((?x68 (store ?x51 ?x10 ?x52)))
 (let ((?x69 (select ?x68 ?x21)))
 (let ((?x73 (store ?x68 ?x21 (+ ?x69 1))))
 (let ((?x78 (select ?x73 ?x10)))
 (let (($x88 (< (select ?x73 (+ 0 (* 1 (select ?x73 ?x21)))) (select ?x73 (+ 0 (* 1 ?x78))))))
 (not $x88)))))))))))))))))))))))
(assert
 (let ((?x8 (+ 0 5)))
 (let ((?x10 (+ ?x8 1)))
 (let ((?x11 (+ ?x10 1)))
 (let ((?x21 (+ ?x11 1)))
 (let ((?x6 ((as const (Array Int Int)) 0)))
 (let ((?x12 (store ?x6 ?x11 0)))
 (let ((?x18 (store ?x12 ?x11 (+ (select ?x12 ?x11) 1))))
 (let ((?x20 (store ?x18 ?x10 (select ?x18 ?x11))))
 (let ((?x24 (store ?x20 ?x21 (+ (select ?x20 ?x11) 1))))
 (let ((?x25 (select ?x24 ?x21)))
 (let ((?x29 (store ?x24 ?x21 (+ ?x25 1))))
 (let ((?x30 (select ?x29 ?x21)))
 (let ((?x46 (store ?x29 ?x10 ?x30)))
 (let ((?x47 (select ?x46 ?x21)))
 (let ((?x51 (store ?x46 ?x21 (+ ?x47 1))))
 (let ((?x52 (select ?x51 ?x21)))
 (let ((?x68 (store ?x51 ?x10 ?x52)))
 (let ((?x69 (select ?x68 ?x21)))
 (let ((?x73 (store ?x68 ?x21 (+ ?x69 1))))
 (let ((?x74 (select ?x73 ?x21)))
 (let ((?x90 (store ?x73 ?x10 ?x74)))
 (let ((?x91 (select ?x90 ?x21)))
 (not (< ?x91 (select ?x90 ?x8))))))))))))))))))))))))))
(assert
 (let ((?x8 (+ 0 5)))
 (let ((?x10 (+ ?x8 1)))
 (let ((?x11 (+ ?x10 1)))
 (let ((?x21 (+ ?x11 1)))
 (let ((?x6 ((as const (Array Int Int)) 0)))
 (let ((?x12 (store ?x6 ?x11 0)))
 (let ((?x18 (store ?x12 ?x11 (+ (select ?x12 ?x11) 1))))
 (let ((?x20 (store ?x18 ?x10 (select ?x18 ?x11))))
 (let ((?x24 (store ?x20 ?x21 (+ (select ?x20 ?x11) 1))))
 (let ((?x25 (select ?x24 ?x21)))
 (let ((?x29 (store ?x24 ?x21 (+ ?x25 1))))
 (let ((?x30 (select ?x29 ?x21)))
 (let ((?x46 (store ?x29 ?x10 ?x30)))
 (let ((?x47 (select ?x46 ?x21)))
 (let ((?x51 (store ?x46 ?x21 (+ ?x47 1))))
 (let ((?x52 (select ?x51 ?x21)))
 (let ((?x68 (store ?x51 ?x10 ?x52)))
 (let ((?x69 (select ?x68 ?x21)))
 (let ((?x73 (store ?x68 ?x21 (+ ?x69 1))))
 (let ((?x74 (select ?x73 ?x21)))
 (let ((?x90 (store ?x73 ?x10 ?x74)))
 (let ((?x91 (select ?x90 ?x21)))
 (let ((?x96 (store ?x90 ?x21 (+ ?x91 1))))
 (let ((?x97 (select ?x96 ?x11)))
 (and (<= 0 ?x97) (< ?x97 1)))))))))))))))))))))))))))
(assert
 (let ((?x8 (+ 0 5)))
 (let ((?x10 (+ ?x8 1)))
 (let ((?x11 (+ ?x10 1)))
 (let ((?x21 (+ ?x11 1)))
 (let ((?x6 ((as const (Array Int Int)) 0)))
 (let ((?x12 (store ?x6 ?x11 0)))
 (let ((?x18 (store ?x12 ?x11 (+ (select ?x12 ?x11) 1))))
 (let ((?x20 (store ?x18 ?x10 (select ?x18 ?x11))))
 (let ((?x24 (store ?x20 ?x21 (+ (select ?x20 ?x11) 1))))
 (let ((?x25 (select ?x24 ?x21)))
 (let ((?x29 (store ?x24 ?x21 (+ ?x25 1))))
 (let ((?x30 (select ?x29 ?x21)))
 (let ((?x46 (store ?x29 ?x10 ?x30)))
 (let ((?x47 (select ?x46 ?x21)))
 (let ((?x51 (store ?x46 ?x21 (+ ?x47 1))))
 (let ((?x52 (select ?x51 ?x21)))
 (let ((?x68 (store ?x51 ?x10 ?x52)))
 (let ((?x69 (select ?x68 ?x21)))
 (let ((?x73 (store ?x68 ?x21 (+ ?x69 1))))
 (let ((?x74 (select ?x73 ?x21)))
 (let ((?x90 (store ?x73 ?x10 ?x74)))
 (let ((?x91 (select ?x90 ?x21)))
 (let ((?x96 (store ?x90 ?x21 (+ ?x91 1))))
 (let ((?x101 (select ?x96 ?x10)))
 (and (<= 0 ?x101) (< ?x101 1)))))))))))))))))))))))))))
(assert
 (let ((?x8 (+ 0 5)))
 (let ((?x10 (+ ?x8 1)))
 (let ((?x11 (+ ?x10 1)))
 (let ((?x21 (+ ?x11 1)))
 (let ((?x6 ((as const (Array Int Int)) 0)))
 (let ((?x12 (store ?x6 ?x11 0)))
 (let ((?x18 (store ?x12 ?x11 (+ (select ?x12 ?x11) 1))))
 (let ((?x20 (store ?x18 ?x10 (select ?x18 ?x11))))
 (let ((?x24 (store ?x20 ?x21 (+ (select ?x20 ?x11) 1))))
 (let ((?x25 (select ?x24 ?x21)))
 (let ((?x29 (store ?x24 ?x21 (+ ?x25 1))))
 (let ((?x30 (select ?x29 ?x21)))
 (let ((?x46 (store ?x29 ?x10 ?x30)))
 (let ((?x47 (select ?x46 ?x21)))
 (let ((?x51 (store ?x46 ?x21 (+ ?x47 1))))
 (let ((?x52 (select ?x51 ?x21)))
 (let ((?x68 (store ?x51 ?x10 ?x52)))
 (let ((?x69 (select ?x68 ?x21)))
 (let ((?x73 (store ?x68 ?x21 (+ ?x69 1))))
 (let ((?x74 (select ?x73 ?x21)))
 (let ((?x90 (store ?x73 ?x10 ?x74)))
 (let ((?x91 (select ?x90 ?x21)))
 (let ((?x96 (store ?x90 ?x21 (+ ?x91 1))))
 (let ((?x101 (select ?x96 ?x10)))
 (let ((?x110 (select ?x96 (+ 0 (* 1 ?x101)))))
 (let ((?x106 (+ 0 (* 1 (select ?x96 ?x11)))))
 (let ((?x107 (select ?x96 ?x106)))
 (and (distinct ?x107 ?x110) true)))))))))))))))))))))))))))))
(assert
 (let ((?x8 (+ 0 5)))
 (let ((?x10 (+ ?x8 1)))
 (let ((?x11 (+ ?x10 1)))
 (let ((?x21 (+ ?x11 1)))
 (let ((?x6 ((as const (Array Int Int)) 0)))
 (let ((?x12 (store ?x6 ?x11 0)))
 (let ((?x18 (store ?x12 ?x11 (+ (select ?x12 ?x11) 1))))
 (let ((?x20 (store ?x18 ?x10 (select ?x18 ?x11))))
 (let ((?x24 (store ?x20 ?x21 (+ (select ?x20 ?x11) 1))))
 (let ((?x25 (select ?x24 ?x21)))
 (let ((?x29 (store ?x24 ?x21 (+ ?x25 1))))
 (let ((?x30 (select ?x29 ?x21)))
 (let ((?x46 (store ?x29 ?x10 ?x30)))
 (let ((?x47 (select ?x46 ?x21)))
 (let ((?x51 (store ?x46 ?x21 (+ ?x47 1))))
 (let ((?x52 (select ?x51 ?x21)))
 (let ((?x68 (store ?x51 ?x10 ?x52)))
 (let ((?x69 (select ?x68 ?x21)))
 (let ((?x73 (store ?x68 ?x21 (+ ?x69 1))))
 (let ((?x74 (select ?x73 ?x21)))
 (let ((?x90 (store ?x73 ?x10 ?x74)))
 (let ((?x91 (select ?x90 ?x21)))
 (let ((?x96 (store ?x90 ?x21 (+ ?x91 1))))
 (let ((?x101 (select ?x96 ?x10)))
 (and (<= 0 ?x101) (< ?x101 1)))))))))))))))))))))))))))
(assert
 (let ((?x8 (+ 0 5)))
 (let ((?x10 (+ ?x8 1)))
 (let ((?x11 (+ ?x10 1)))
 (let ((?x21 (+ ?x11 1)))
 (let ((?x6 ((as const (Array Int Int)) 0)))
 (let ((?x12 (store ?x6 ?x11 0)))
 (let ((?x18 (store ?x12 ?x11 (+ (select ?x12 ?x11) 1))))
 (let ((?x20 (store ?x18 ?x10 (select ?x18 ?x11))))
 (let ((?x24 (store ?x20 ?x21 (+ (select ?x20 ?x11) 1))))
 (let ((?x25 (select ?x24 ?x21)))
 (let ((?x29 (store ?x24 ?x21 (+ ?x25 1))))
 (let ((?x30 (select ?x29 ?x21)))
 (let ((?x46 (store ?x29 ?x10 ?x30)))
 (let ((?x47 (select ?x46 ?x21)))
 (let ((?x51 (store ?x46 ?x21 (+ ?x47 1))))
 (let ((?x52 (select ?x51 ?x21)))
 (let ((?x68 (store ?x51 ?x10 ?x52)))
 (let ((?x69 (select ?x68 ?x21)))
 (let ((?x73 (store ?x68 ?x21 (+ ?x69 1))))
 (let ((?x74 (select ?x73 ?x21)))
 (let ((?x90 (store ?x73 ?x10 ?x74)))
 (let ((?x91 (select ?x90 ?x21)))
 (let ((?x96 (store ?x90 ?x21 (+ ?x91 1))))
 (let ((?x97 (select ?x96 ?x11)))
 (and (<= 0 ?x97) (< ?x97 1)))))))))))))))))))))))))))
(assert
 (let ((?x8 (+ 0 5)))
 (let ((?x10 (+ ?x8 1)))
 (let ((?x11 (+ ?x10 1)))
 (let ((?x21 (+ ?x11 1)))
 (let ((?x6 ((as const (Array Int Int)) 0)))
 (let ((?x12 (store ?x6 ?x11 0)))
 (let ((?x18 (store ?x12 ?x11 (+ (select ?x12 ?x11) 1))))
 (let ((?x20 (store ?x18 ?x10 (select ?x18 ?x11))))
 (let ((?x24 (store ?x20 ?x21 (+ (select ?x20 ?x11) 1))))
 (let ((?x25 (select ?x24 ?x21)))
 (let ((?x29 (store ?x24 ?x21 (+ ?x25 1))))
 (let ((?x30 (select ?x29 ?x21)))
 (let ((?x46 (store ?x29 ?x10 ?x30)))
 (let ((?x47 (select ?x46 ?x21)))
 (let ((?x51 (store ?x46 ?x21 (+ ?x47 1))))
 (let ((?x52 (select ?x51 ?x21)))
 (let ((?x68 (store ?x51 ?x10 ?x52)))
 (let ((?x69 (select ?x68 ?x21)))
 (let ((?x73 (store ?x68 ?x21 (+ ?x69 1))))
 (let ((?x74 (select ?x73 ?x21)))
 (let ((?x90 (store ?x73 ?x10 ?x74)))
 (let ((?x91 (select ?x90 ?x21)))
 (let ((?x96 (store ?x90 ?x21 (+ ?x91 1))))
 (let ((?x97 (select ?x96 ?x11)))
 (and (<= 0 ?x97) (< ?x97 1)))))))))))))))))))))))))))
(assert
 (let ((?x8 (+ 0 5)))
 (let ((?x10 (+ ?x8 1)))
 (let ((?x11 (+ ?x10 1)))
 (let ((?x21 (+ ?x11 1)))
 (let ((?x6 ((as const (Array Int Int)) 0)))
 (let ((?x12 (store ?x6 ?x11 0)))
 (let ((?x18 (store ?x12 ?x11 (+ (select ?x12 ?x11) 1))))
 (let ((?x20 (store ?x18 ?x10 (select ?x18 ?x11))))
 (let ((?x24 (store ?x20 ?x21 (+ (select ?x20 ?x11) 1))))
 (let ((?x25 (select ?x24 ?x21)))
 (let ((?x29 (store ?x24 ?x21 (+ ?x25 1))))
 (let ((?x30 (select ?x29 ?x21)))
 (let ((?x46 (store ?x29 ?x10 ?x30)))
 (let ((?x47 (select ?x46 ?x21)))
 (let ((?x51 (store ?x46 ?x21 (+ ?x47 1))))
 (let ((?x52 (select ?x51 ?x21)))
 (let ((?x68 (store ?x51 ?x10 ?x52)))
 (let ((?x69 (select ?x68 ?x21)))
 (let ((?x73 (store ?x68 ?x21 (+ ?x69 1))))
 (let ((?x74 (select ?x73 ?x21)))
 (let ((?x90 (store ?x73 ?x10 ?x74)))
 (let ((?x91 (select ?x90 ?x21)))
 (let ((?x96 (store ?x90 ?x21 (+ ?x91 1))))
 (let ((?x97 (select ?x96 ?x11)))
 (let ((?x106 (+ 0 (* 1 ?x97))))
 (let ((?x107 (select ?x96 ?x106)))
 (let ((?x110 (select ?x96 (+ 0 (* 1 (select ?x96 ?x10))))))
 (let ((?x113 (store ?x96 ?x106 (+ ?x110 ?x107))))
 (let ((?x114 (select ?x113 ?x11)))
 (and (<= 0 ?x114) (< ?x114 1))))))))))))))))))))))))))))))))
(assert
 (let ((?x8 (+ 0 5)))
 (let ((?x10 (+ ?x8 1)))
 (let ((?x11 (+ ?x10 1)))
 (let ((?x21 (+ ?x11 1)))
 (let ((?x6 ((as const (Array Int Int)) 0)))
 (let ((?x12 (store ?x6 ?x11 0)))
 (let ((?x18 (store ?x12 ?x11 (+ (select ?x12 ?x11) 1))))
 (let ((?x20 (store ?x18 ?x10 (select ?x18 ?x11))))
 (let ((?x24 (store ?x20 ?x21 (+ (select ?x20 ?x11) 1))))
 (let ((?x25 (select ?x24 ?x21)))
 (let ((?x29 (store ?x24 ?x21 (+ ?x25 1))))
 (let ((?x30 (select ?x29 ?x21)))
 (let ((?x46 (store ?x29 ?x10 ?x30)))
 (let ((?x47 (select ?x46 ?x21)))
 (let ((?x51 (store ?x46 ?x21 (+ ?x47 1))))
 (let ((?x52 (select ?x51 ?x21)))
 (let ((?x68 (store ?x51 ?x10 ?x52)))
 (let ((?x69 (select ?x68 ?x21)))
 (let ((?x73 (store ?x68 ?x21 (+ ?x69 1))))
 (let ((?x74 (select ?x73 ?x21)))
 (let ((?x90 (store ?x73 ?x10 ?x74)))
 (let ((?x91 (select ?x90 ?x21)))
 (let ((?x96 (store ?x90 ?x21 (+ ?x91 1))))
 (let ((?x97 (select ?x96 ?x11)))
 (let ((?x106 (+ 0 (* 1 ?x97))))
 (let ((?x107 (select ?x96 ?x106)))
 (let ((?x110 (select ?x96 (+ 0 (* 1 (select ?x96 ?x10))))))
 (let ((?x113 (store ?x96 ?x106 (+ ?x110 ?x107))))
 (let ((?x118 (select ?x113 ?x10)))
 (and (<= 0 ?x118) (< ?x118 1))))))))))))))))))))))))))))))))
(assert
 (let ((?x8 (+ 0 5)))
 (let ((?x10 (+ ?x8 1)))
 (let ((?x11 (+ ?x10 1)))
 (let ((?x21 (+ ?x11 1)))
 (let ((?x6 ((as const (Array Int Int)) 0)))
 (let ((?x12 (store ?x6 ?x11 0)))
 (let ((?x18 (store ?x12 ?x11 (+ (select ?x12 ?x11) 1))))
 (let ((?x20 (store ?x18 ?x10 (select ?x18 ?x11))))
 (let ((?x24 (store ?x20 ?x21 (+ (select ?x20 ?x11) 1))))
 (let ((?x25 (select ?x24 ?x21)))
 (let ((?x29 (store ?x24 ?x21 (+ ?x25 1))))
 (let ((?x30 (select ?x29 ?x21)))
 (let ((?x46 (store ?x29 ?x10 ?x30)))
 (let ((?x47 (select ?x46 ?x21)))
 (let ((?x51 (store ?x46 ?x21 (+ ?x47 1))))
 (let ((?x52 (select ?x51 ?x21)))
 (let ((?x68 (store ?x51 ?x10 ?x52)))
 (let ((?x69 (select ?x68 ?x21)))
 (let ((?x73 (store ?x68 ?x21 (+ ?x69 1))))
 (let ((?x74 (select ?x73 ?x21)))
 (let ((?x90 (store ?x73 ?x10 ?x74)))
 (let ((?x91 (select ?x90 ?x21)))
 (let ((?x96 (store ?x90 ?x21 (+ ?x91 1))))
 (let ((?x97 (select ?x96 ?x11)))
 (let ((?x106 (+ 0 (* 1 ?x97))))
 (let ((?x107 (select ?x96 ?x106)))
 (let ((?x110 (select ?x96 (+ 0 (* 1 (select ?x96 ?x10))))))
 (let ((?x113 (store ?x96 ?x106 (+ ?x110 ?x107))))
 (let ((?x118 (select ?x113 ?x10)))
 (and (<= 0 ?x118) (< ?x118 1))))))))))))))))))))))))))))))))
(assert
 (let ((?x8 (+ 0 5)))
 (let ((?x10 (+ ?x8 1)))
 (let ((?x11 (+ ?x10 1)))
 (let ((?x21 (+ ?x11 1)))
 (let ((?x6 ((as const (Array Int Int)) 0)))
 (let ((?x12 (store ?x6 ?x11 0)))
 (let ((?x18 (store ?x12 ?x11 (+ (select ?x12 ?x11) 1))))
 (let ((?x20 (store ?x18 ?x10 (select ?x18 ?x11))))
 (let ((?x24 (store ?x20 ?x21 (+ (select ?x20 ?x11) 1))))
 (let ((?x25 (select ?x24 ?x21)))
 (let ((?x29 (store ?x24 ?x21 (+ ?x25 1))))
 (let ((?x30 (select ?x29 ?x21)))
 (let ((?x46 (store ?x29 ?x10 ?x30)))
 (let ((?x47 (select ?x46 ?x21)))
 (let ((?x51 (store ?x46 ?x21 (+ ?x47 1))))
 (let ((?x52 (select ?x51 ?x21)))
 (let ((?x68 (store ?x51 ?x10 ?x52)))
 (let ((?x69 (select ?x68 ?x21)))
 (let ((?x73 (store ?x68 ?x21 (+ ?x69 1))))
 (let ((?x74 (select ?x73 ?x21)))
 (let ((?x90 (store ?x73 ?x10 ?x74)))
 (let ((?x91 (select ?x90 ?x21)))
 (let ((?x96 (store ?x90 ?x21 (+ ?x91 1))))
 (let ((?x97 (select ?x96 ?x11)))
 (let ((?x106 (+ 0 (* 1 ?x97))))
 (let ((?x107 (select ?x96 ?x106)))
 (let ((?x110 (select ?x96 (+ 0 (* 1 (select ?x96 ?x10))))))
 (let ((?x113 (store ?x96 ?x106 (+ ?x110 ?x107))))
 (let ((?x118 (select ?x113 ?x10)))
 (let ((?x123 (+ 0 (* 1 ?x118))))
 (let ((?x128 (- (select ?x113 (+ 0 (* 1 (select ?x113 ?x11)))) (select ?x113 ?x123))))
 (let ((?x129 (store ?x113 ?x123 ?x128)))
 (let ((?x130 (select ?x129 ?x11)))
 (and (<= 0 ?x130) (< ?x130 1))))))))))))))))))))))))))))))))))))
(assert
 (let ((?x8 (+ 0 5)))
 (let ((?x10 (+ ?x8 1)))
 (let ((?x11 (+ ?x10 1)))
 (let ((?x21 (+ ?x11 1)))
 (let ((?x6 ((as const (Array Int Int)) 0)))
 (let ((?x12 (store ?x6 ?x11 0)))
 (let ((?x18 (store ?x12 ?x11 (+ (select ?x12 ?x11) 1))))
 (let ((?x20 (store ?x18 ?x10 (select ?x18 ?x11))))
 (let ((?x24 (store ?x20 ?x21 (+ (select ?x20 ?x11) 1))))
 (let ((?x25 (select ?x24 ?x21)))
 (let ((?x29 (store ?x24 ?x21 (+ ?x25 1))))
 (let ((?x30 (select ?x29 ?x21)))
 (let ((?x46 (store ?x29 ?x10 ?x30)))
 (let ((?x47 (select ?x46 ?x21)))
 (let ((?x51 (store ?x46 ?x21 (+ ?x47 1))))
 (let ((?x52 (select ?x51 ?x21)))
 (let ((?x68 (store ?x51 ?x10 ?x52)))
 (let ((?x69 (select ?x68 ?x21)))
 (let ((?x73 (store ?x68 ?x21 (+ ?x69 1))))
 (let ((?x74 (select ?x73 ?x21)))
 (let ((?x90 (store ?x73 ?x10 ?x74)))
 (let ((?x91 (select ?x90 ?x21)))
 (let ((?x96 (store ?x90 ?x21 (+ ?x91 1))))
 (let ((?x97 (select ?x96 ?x11)))
 (let ((?x106 (+ 0 (* 1 ?x97))))
 (let ((?x107 (select ?x96 ?x106)))
 (let ((?x110 (select ?x96 (+ 0 (* 1 (select ?x96 ?x10))))))
 (let ((?x113 (store ?x96 ?x106 (+ ?x110 ?x107))))
 (let ((?x118 (select ?x113 ?x10)))
 (let ((?x123 (+ 0 (* 1 ?x118))))
 (let ((?x128 (- (select ?x113 (+ 0 (* 1 (select ?x113 ?x11)))) (select ?x113 ?x123))))
 (let ((?x129 (store ?x113 ?x123 ?x128)))
 (let ((?x134 (select ?x129 ?x10)))
 (and (<= 0 ?x134) (< ?x134 1))))))))))))))))))))))))))))))))))))
(assert
 (let ((?x8 (+ 0 5)))
 (let ((?x10 (+ ?x8 1)))
 (let ((?x11 (+ ?x10 1)))
 (let ((?x21 (+ ?x11 1)))
 (let ((?x6 ((as const (Array Int Int)) 0)))
 (let ((?x12 (store ?x6 ?x11 0)))
 (let ((?x18 (store ?x12 ?x11 (+ (select ?x12 ?x11) 1))))
 (let ((?x20 (store ?x18 ?x10 (select ?x18 ?x11))))
 (let ((?x24 (store ?x20 ?x21 (+ (select ?x20 ?x11) 1))))
 (let ((?x25 (select ?x24 ?x21)))
 (let ((?x29 (store ?x24 ?x21 (+ ?x25 1))))
 (let ((?x30 (select ?x29 ?x21)))
 (let ((?x46 (store ?x29 ?x10 ?x30)))
 (let ((?x47 (select ?x46 ?x21)))
 (let ((?x51 (store ?x46 ?x21 (+ ?x47 1))))
 (let ((?x52 (select ?x51 ?x21)))
 (let ((?x68 (store ?x51 ?x10 ?x52)))
 (let ((?x69 (select ?x68 ?x21)))
 (let ((?x73 (store ?x68 ?x21 (+ ?x69 1))))
 (let ((?x74 (select ?x73 ?x21)))
 (let ((?x90 (store ?x73 ?x10 ?x74)))
 (let ((?x91 (select ?x90 ?x21)))
 (let ((?x96 (store ?x90 ?x21 (+ ?x91 1))))
 (let ((?x97 (select ?x96 ?x11)))
 (let ((?x106 (+ 0 (* 1 ?x97))))
 (let ((?x107 (select ?x96 ?x106)))
 (let ((?x110 (select ?x96 (+ 0 (* 1 (select ?x96 ?x10))))))
 (let ((?x113 (store ?x96 ?x106 (+ ?x110 ?x107))))
 (let ((?x118 (select ?x113 ?x10)))
 (let ((?x123 (+ 0 (* 1 ?x118))))
 (let ((?x128 (- (select ?x113 (+ 0 (* 1 (select ?x113 ?x11)))) (select ?x113 ?x123))))
 (let ((?x129 (store ?x113 ?x123 ?x128)))
 (let ((?x130 (select ?x129 ?x11)))
 (and (<= 0 ?x130) (< ?x130 1))))))))))))))))))))))))))))))))))))
(check-sat)

[mem]:17
Path:int data[5];
int n;
int min;
int i=0;
@(i<n-1);
i=i+1;
int i=0;
min=i;
int j=i+1;
@(j<n);
j=j+1;
int j=i+1;
@(!(data[j]<data[min]));

min=j;

@(j<n);
j=j+1;
int j=i+1;
@(!(data[j]<data[min]));

min=j;

@(j<n);
j=j+1;
int j=i+1;
@(!(data[j]<data[min]));

min=j;

@(!(j<n));
j=j+1;

@(!(data[i]!=data[min]));

data[i]=data[min]+data[i];
data[min]=data[i]-data[min];
data[i]=data[i]-data[min];

warning: a declaration with the name "i" already exists!
warning: a declaration with the name "j" already exists!
warning: a declaration with the name "j" already exists!
warning: a declaration with the name "j" already exists!
debug:solver.cpp:60: input is a c0 path.
debug:solver.cpp:60: input is a c0 path.
infeasible!!!
SMT2:; 
(set-info :status unknown)
(assert
 (let ((?x8 (+ 0 5)))
 (let ((?x10 (+ ?x8 1)))
 (let ((?x11 (+ ?x10 1)))
 (let ((?x6 ((as const (Array Int Int)) 0)))
 (let ((?x12 (store ?x6 ?x11 0)))
 (let ((?x13 (select ?x12 ?x11)))
 (< ?x13 (- (select ?x12 ?x8) 1)))))))))
(assert
 (let ((?x8 (+ 0 5)))
 (let ((?x10 (+ ?x8 1)))
 (let ((?x11 (+ ?x10 1)))
 (let ((?x6 ((as const (Array Int Int)) 0)))
 (let ((?x12 (store ?x6 ?x11 0)))
 (let ((?x18 (store ?x12 ?x11 (+ (select ?x12 ?x11) 1))))
 (let ((?x20 (store ?x18 ?x10 (select ?x18 ?x11))))
 (let ((?x21 (+ ?x11 1)))
 (let ((?x24 (store ?x20 ?x21 (+ (select ?x20 ?x11) 1))))
 (let ((?x25 (select ?x24 ?x21)))
 (< ?x25 (select ?x24 ?x8)))))))))))))
(assert
 (let ((?x8 (+ 0 5)))
 (let ((?x10 (+ ?x8 1)))
 (let ((?x11 (+ ?x10 1)))
 (let ((?x21 (+ ?x11 1)))
 (let ((?x6 ((as const (Array Int Int)) 0)))
 (let ((?x12 (store ?x6 ?x11 0)))
 (let ((?x18 (store ?x12 ?x11 (+ (select ?x12 ?x11) 1))))
 (let ((?x20 (store ?x18 ?x10 (select ?x18 ?x11))))
 (let ((?x24 (store ?x20 ?x21 (+ (select ?x20 ?x11) 1))))
 (let ((?x25 (select ?x24 ?x21)))
 (let ((?x29 (store ?x24 ?x21 (+ ?x25 1))))
 (let ((?x30 (select ?x29 ?x21)))
 (and (<= 0 ?x30) (< ?x30 1)))))))))))))))
(assert
 (let ((?x8 (+ 0 5)))
 (let ((?x10 (+ ?x8 1)))
 (let ((?x11 (+ ?x10 1)))
 (let ((?x21 (+ ?x11 1)))
 (let ((?x6 ((as const (Array Int Int)) 0)))
 (let ((?x12 (store ?x6 ?x11 0)))
 (let ((?x18 (store ?x12 ?x11 (+ (select ?x12 ?x11) 1))))
 (let ((?x20 (store ?x18 ?x10 (select ?x18 ?x11))))
 (let ((?x24 (store ?x20 ?x21 (+ (select ?x20 ?x11) 1))))
 (let ((?x25 (select ?x24 ?x21)))
 (let ((?x29 (store ?x24 ?x21 (+ ?x25 1))))
 (let ((?x34 (select ?x29 ?x10)))
 (and (<= 0 ?x34) (< ?x34 1)))))))))))))))
(assert
 (let ((?x8 (+ 0 5)))
 (let ((?x10 (+ ?x8 1)))
 (let ((?x11 (+ ?x10 1)))
 (let ((?x21 (+ ?x11 1)))
 (let ((?x6 ((as const (Array Int Int)) 0)))
 (let ((?x12 (store ?x6 ?x11 0)))
 (let ((?x18 (store ?x12 ?x11 (+ (select ?x12 ?x11) 1))))
 (let ((?x20 (store ?x18 ?x10 (select ?x18 ?x11))))
 (let ((?x24 (store ?x20 ?x21 (+ (select ?x20 ?x11) 1))))
 (let ((?x25 (select ?x24 ?x21)))
 (let ((?x29 (store ?x24 ?x21 (+ ?x25 1))))
 (let ((?x34 (select ?x29 ?x10)))
 (let (($x44 (< (select ?x29 (+ 0 (* 1 (select ?x29 ?x21)))) (select ?x29 (+ 0 (* 1 ?x34))))))
 (not $x44)))))))))))))))
(assert
 (let ((?x8 (+ 0 5)))
 (let ((?x10 (+ ?x8 1)))
 (let ((?x11 (+ ?x10 1)))
 (let ((?x21 (+ ?x11 1)))
 (let ((?x6 ((as const (Array Int Int)) 0)))
 (let ((?x12 (store ?x6 ?x11 0)))
 (let ((?x18 (store ?x12 ?x11 (+ (select ?x12 ?x11) 1))))
 (let ((?x20 (store ?x18 ?x10 (select ?x18 ?x11))))
 (let ((?x24 (store ?x20 ?x21 (+ (select ?x20 ?x11) 1))))
 (let ((?x25 (select ?x24 ?x21)))
 (let ((?x29 (store ?x24 ?x21 (+ ?x25 1))))
 (let ((?x30 (select ?x29 ?x21)))
 (let ((?x46 (store ?x29 ?x10 ?x30)))
 (let ((?x47 (select ?x46 ?x21)))
 (< ?x47 (select ?x46 ?x8)))))))))))))))))
(assert
 (let ((?x8 (+ 0 5)))
 (let ((?x10 (+ ?x8 1)))
 (let ((?x11 (+ ?x10 1)))
 (let ((?x21 (+ ?x11 1)))
 (let ((?x6 ((as const (Array Int Int)) 0)))
 (let ((?x12 (store ?x6 ?x11 0)))
 (let ((?x18 (store ?x12 ?x11 (+ (select ?x12 ?x11) 1))))
 (let ((?x20 (store ?x18 ?x10 (select ?x18 ?x11))))
 (let ((?x24 (store ?x20 ?x21 (+ (select ?x20 ?x11) 1))))
 (let ((?x25 (select ?x24 ?x21)))
 (let ((?x29 (store ?x24 ?x21 (+ ?x25 1))))
 (let ((?x30 (select ?x29 ?x21)))
 (let ((?x46 (store ?x29 ?x10 ?x30)))
 (let ((?x47 (select ?x46 ?x21)))
 (let ((?x51 (store ?x46 ?x21 (+ ?x47 1))))
 (let ((?x52 (select ?x51 ?x21)))
 (and (<= 0 ?x52) (< ?x52 1)))))))))))))))))))
(assert
 (let ((?x8 (+ 0 5)))
 (let ((?x10 (+ ?x8 1)))
 (let ((?x11 (+ ?x10 1)))
 (let ((?x21 (+ ?x11 1)))
 (let ((?x6 ((as const (Array Int Int)) 0)))
 (let ((?x12 (store ?x6 ?x11 0)))
 (let ((?x18 (store ?x12 ?x11 (+ (select ?x12 ?x11) 1))))
 (let ((?x20 (store ?x18 ?x10 (select ?x18 ?x11))))
 (let ((?x24 (store ?x20 ?x21 (+ (select ?x20 ?x11) 1))))
 (let ((?x25 (select ?x24 ?x21)))
 (let ((?x29 (store ?x24 ?x21 (+ ?x25 1))))
 (let ((?x30 (select ?x29 ?x21)))
 (let ((?x46 (store ?x29 ?x10 ?x30)))
 (let ((?x47 (select ?x46 ?x21)))
 (let ((?x51 (store ?x46 ?x21 (+ ?x47 1))))
 (let ((?x56 (select ?x51 ?x10)))
 (and (<= 0 ?x56) (< ?x56 1)))))))))))))))))))
(assert
 (let ((?x8 (+ 0 5)))
 (let ((?x10 (+ ?x8 1)))
 (let ((?x11 (+ ?x10 1)))
 (let ((?x21 (+ ?x11 1)))
 (let ((?x6 ((as const (Array Int Int)) 0)))
 (let ((?x12 (store ?x6 ?x11 0)))
 (let ((?x18 (store ?x12 ?x11 (+ (select ?x12 ?x11) 1))))
 (let ((?x20 (store ?x18 ?x10 (select ?x18 ?x11))))
 (let ((?x24 (store ?x20 ?x21 (+ (select ?x20 ?x11) 1))))
 (let ((?x25 (select ?x24 ?x21)))
 (let ((?x29 (store ?x24 ?x21 (+ ?x25 1))))
 (let ((?x30 (select ?x29 ?x21)))
 (let ((?x46 (store ?x29 ?x10 ?x30)))
 (let ((?x47 (select ?x46 ?x21)))
 (let ((?x51 (store ?x46 ?x21 (+ ?x47 1))))
 (let ((?x56 (select ?x51 ?x10)))
 (let (($x66 (< (select ?x51 (+ 0 (* 1 (select ?x51 ?x21)))) (select ?x51 (+ 0 (* 1 ?x56))))))
 (not $x66)))))))))))))))))))
(assert
 (let ((?x8 (+ 0 5)))
 (let ((?x10 (+ ?x8 1)))
 (let ((?x11 (+ ?x10 1)))
 (let ((?x21 (+ ?x11 1)))
 (let ((?x6 ((as const (Array Int Int)) 0)))
 (let ((?x12 (store ?x6 ?x11 0)))
 (let ((?x18 (store ?x12 ?x11 (+ (select ?x12 ?x11) 1))))
 (let ((?x20 (store ?x18 ?x10 (select ?x18 ?x11))))
 (let ((?x24 (store ?x20 ?x21 (+ (select ?x20 ?x11) 1))))
 (let ((?x25 (select ?x24 ?x21)))
 (let ((?x29 (store ?x24 ?x21 (+ ?x25 1))))
 (let ((?x30 (select ?x29 ?x21)))
 (let ((?x46 (store ?x29 ?x10 ?x30)))
 (let ((?x47 (select ?x46 ?x21)))
 (let ((?x51 (store ?x46 ?x21 (+ ?x47 1))))
 (let ((?x52 (select ?x51 ?x21)))
 (let ((?x68 (store ?x51 ?x10 ?x52)))
 (let ((?x69 (select ?x68 ?x21)))
 (< ?x69 (select ?x68 ?x8)))))))))))))))))))))
(assert
 (let ((?x8 (+ 0 5)))
 (let ((?x10 (+ ?x8 1)))
 (let ((?x11 (+ ?x10 1)))
 (let ((?x21 (+ ?x11 1)))
 (let ((?x6 ((as const (Array Int Int)) 0)))
 (let ((?x12 (store ?x6 ?x11 0)))
 (let ((?x18 (store ?x12 ?x11 (+ (select ?x12 ?x11) 1))))
 (let ((?x20 (store ?x18 ?x10 (select ?x18 ?x11))))
 (let ((?x24 (store ?x20 ?x21 (+ (select ?x20 ?x11) 1))))
 (let ((?x25 (select ?x24 ?x21)))
 (let ((?x29 (store ?x24 ?x21 (+ ?x25 1))))
 (let ((?x30 (select ?x29 ?x21)))
 (let ((?x46 (store ?x29 ?x10 ?x30)))
 (let ((?x47 (select ?x46 ?x21)))
 (let ((?x51 (store ?x46 ?x21 (+ ?x47 1))))
 (let ((?x52 (select ?x51 ?x21)))
 (let ((?x68 (store ?x51 ?x10 ?x52)))
 (let ((?x69 (select ?x68 ?x21)))
 (let ((?x73 (store ?x68 ?x21 (+ ?x69 1))))
 (let ((?x74 (select ?x73 ?x21)))
 (and (<= 0 ?x74) (< ?x74 1)))))))))))))))))))))))
(assert
 (let ((?x8 (+ 0 5)))
 (let ((?x10 (+ ?x8 1)))
 (let ((?x11 (+ ?x10 1)))
 (let ((?x21 (+ ?x11 1)))
 (let ((?x6 ((as const (Array Int Int)) 0)))
 (let ((?x12 (store ?x6 ?x11 0)))
 (let ((?x18 (store ?x12 ?x11 (+ (select ?x12 ?x11) 1))))
 (let ((?x20 (store ?x18 ?x10 (select ?x18 ?x11))))
 (let ((?x24 (store ?x20 ?x21 (+ (select ?x20 ?x11) 1))))
 (let ((?x25 (select ?x24 ?x21)))
 (let ((?x29 (store ?x24 ?x21 (+ ?x25 1))))
 (let ((?x30 (select ?x29 ?x21)))
 (let ((?x46 (store ?x29 ?x10 ?x30)))
 (let ((?x47 (select ?x46 ?x21)))
 (let ((?x51 (store ?x46 ?x21 (+ ?x47 1))))
 (let ((?x52 (select ?x51 ?x21)))
 (let ((?x68 (store ?x51 ?x10 ?x52)))
 (let ((?x69 (select ?x68 ?x21)))
 (let ((?x73 (store ?x68 ?x21 (+ ?x69 1))))
 (let ((?x78 (select ?x73 ?x10)))
 (and (<= 0 ?x78) (< ?x78 1)))))))))))))))))))))))
(assert
 (let ((?x8 (+ 0 5)))
 (let ((?x10 (+ ?x8 1)))
 (let ((?x11 (+ ?x10 1)))
 (let ((?x21 (+ ?x11 1)))
 (let ((?x6 ((as const (Array Int Int)) 0)))
 (let ((?x12 (store ?x6 ?x11 0)))
 (let ((?x18 (store ?x12 ?x11 (+ (select ?x12 ?x11) 1))))
 (let ((?x20 (store ?x18 ?x10 (select ?x18 ?x11))))
 (let ((?x24 (store ?x20 ?x21 (+ (select ?x20 ?x11) 1))))
 (let ((?x25 (select ?x24 ?x21)))
 (let ((?x29 (store ?x24 ?x21 (+ ?x25 1))))
 (let ((?x30 (select ?x29 ?x21)))
 (let ((?x46 (store ?x29 ?x10 ?x30)))
 (let ((?x47 (select ?x46 ?x21)))
 (let ((?x51 (store ?x46 ?x21 (+ ?x47 1))))
 (let ((?x52 (select ?x51 ?x21)))
 (let ((?x68 (store ?x51 ?x10 ?x52)))
 (let ((?x69 (select ?x68 ?x21)))
 (let ((?x73 (store ?x68 ?x21 (+ ?x69 1))))
 (let ((?x78 (select ?x73 ?x10)))
 (let (($x88 (< (select ?x73 (+ 0 (* 1 (select ?x73 ?x21)))) (select ?x73 (+ 0 (* 1 ?x78))))))
 (not $x88)))))))))))))))))))))))
(assert
 (let ((?x8 (+ 0 5)))
 (let ((?x10 (+ ?x8 1)))
 (let ((?x11 (+ ?x10 1)))
 (let ((?x21 (+ ?x11 1)))
 (let ((?x6 ((as const (Array Int Int)) 0)))
 (let ((?x12 (store ?x6 ?x11 0)))
 (let ((?x18 (store ?x12 ?x11 (+ (select ?x12 ?x11) 1))))
 (let ((?x20 (store ?x18 ?x10 (select ?x18 ?x11))))
 (let ((?x24 (store ?x20 ?x21 (+ (select ?x20 ?x11) 1))))
 (let ((?x25 (select ?x24 ?x21)))
 (let ((?x29 (store ?x24 ?x21 (+ ?x25 1))))
 (let ((?x30 (select ?x29 ?x21)))
 (let ((?x46 (store ?x29 ?x10 ?x30)))
 (let ((?x47 (select ?x46 ?x21)))
 (let ((?x51 (store ?x46 ?x21 (+ ?x47 1))))
 (let ((?x52 (select ?x51 ?x21)))
 (let ((?x68 (store ?x51 ?x10 ?x52)))
 (let ((?x69 (select ?x68 ?x21)))
 (let ((?x73 (store ?x68 ?x21 (+ ?x69 1))))
 (let ((?x74 (select ?x73 ?x21)))
 (let ((?x90 (store ?x73 ?x10 ?x74)))
 (let ((?x91 (select ?x90 ?x21)))
 (not (< ?x91 (select ?x90 ?x8))))))))))))))))))))))))))
(assert
 (let ((?x8 (+ 0 5)))
 (let ((?x10 (+ ?x8 1)))
 (let ((?x11 (+ ?x10 1)))
 (let ((?x21 (+ ?x11 1)))
 (let ((?x6 ((as const (Array Int Int)) 0)))
 (let ((?x12 (store ?x6 ?x11 0)))
 (let ((?x18 (store ?x12 ?x11 (+ (select ?x12 ?x11) 1))))
 (let ((?x20 (store ?x18 ?x10 (select ?x18 ?x11))))
 (let ((?x24 (store ?x20 ?x21 (+ (select ?x20 ?x11) 1))))
 (let ((?x25 (select ?x24 ?x21)))
 (let ((?x29 (store ?x24 ?x21 (+ ?x25 1))))
 (let ((?x30 (select ?x29 ?x21)))
 (let ((?x46 (store ?x29 ?x10 ?x30)))
 (let ((?x47 (select ?x46 ?x21)))
 (let ((?x51 (store ?x46 ?x21 (+ ?x47 1))))
 (let ((?x52 (select ?x51 ?x21)))
 (let ((?x68 (store ?x51 ?x10 ?x52)))
 (let ((?x69 (select ?x68 ?x21)))
 (let ((?x73 (store ?x68 ?x21 (+ ?x69 1))))
 (let ((?x74 (select ?x73 ?x21)))
 (let ((?x90 (store ?x73 ?x10 ?x74)))
 (let ((?x91 (select ?x90 ?x21)))
 (let ((?x96 (store ?x90 ?x21 (+ ?x91 1))))
 (let ((?x97 (select ?x96 ?x11)))
 (and (<= 0 ?x97) (< ?x97 1)))))))))))))))))))))))))))
(assert
 (let ((?x8 (+ 0 5)))
 (let ((?x10 (+ ?x8 1)))
 (let ((?x11 (+ ?x10 1)))
 (let ((?x21 (+ ?x11 1)))
 (let ((?x6 ((as const (Array Int Int)) 0)))
 (let ((?x12 (store ?x6 ?x11 0)))
 (let ((?x18 (store ?x12 ?x11 (+ (select ?x12 ?x11) 1))))
 (let ((?x20 (store ?x18 ?x10 (select ?x18 ?x11))))
 (let ((?x24 (store ?x20 ?x21 (+ (select ?x20 ?x11) 1))))
 (let ((?x25 (select ?x24 ?x21)))
 (let ((?x29 (store ?x24 ?x21 (+ ?x25 1))))
 (let ((?x30 (select ?x29 ?x21)))
 (let ((?x46 (store ?x29 ?x10 ?x30)))
 (let ((?x47 (select ?x46 ?x21)))
 (let ((?x51 (store ?x46 ?x21 (+ ?x47 1))))
 (let ((?x52 (select ?x51 ?x21)))
 (let ((?x68 (store ?x51 ?x10 ?x52)))
 (let ((?x69 (select ?x68 ?x21)))
 (let ((?x73 (store ?x68 ?x21 (+ ?x69 1))))
 (let ((?x74 (select ?x73 ?x21)))
 (let ((?x90 (store ?x73 ?x10 ?x74)))
 (let ((?x91 (select ?x90 ?x21)))
 (let ((?x96 (store ?x90 ?x21 (+ ?x91 1))))
 (let ((?x101 (select ?x96 ?x10)))
 (and (<= 0 ?x101) (< ?x101 1)))))))))))))))))))))))))))
(assert
 (let ((?x8 (+ 0 5)))
 (let ((?x10 (+ ?x8 1)))
 (let ((?x11 (+ ?x10 1)))
 (let ((?x21 (+ ?x11 1)))
 (let ((?x6 ((as const (Array Int Int)) 0)))
 (let ((?x12 (store ?x6 ?x11 0)))
 (let ((?x18 (store ?x12 ?x11 (+ (select ?x12 ?x11) 1))))
 (let ((?x20 (store ?x18 ?x10 (select ?x18 ?x11))))
 (let ((?x24 (store ?x20 ?x21 (+ (select ?x20 ?x11) 1))))
 (let ((?x25 (select ?x24 ?x21)))
 (let ((?x29 (store ?x24 ?x21 (+ ?x25 1))))
 (let ((?x30 (select ?x29 ?x21)))
 (let ((?x46 (store ?x29 ?x10 ?x30)))
 (let ((?x47 (select ?x46 ?x21)))
 (let ((?x51 (store ?x46 ?x21 (+ ?x47 1))))
 (let ((?x52 (select ?x51 ?x21)))
 (let ((?x68 (store ?x51 ?x10 ?x52)))
 (let ((?x69 (select ?x68 ?x21)))
 (let ((?x73 (store ?x68 ?x21 (+ ?x69 1))))
 (let ((?x74 (select ?x73 ?x21)))
 (let ((?x90 (store ?x73 ?x10 ?x74)))
 (let ((?x91 (select ?x90 ?x21)))
 (let ((?x96 (store ?x90 ?x21 (+ ?x91 1))))
 (let ((?x101 (select ?x96 ?x10)))
 (let ((?x110 (select ?x96 (+ 0 (* 1 ?x101)))))
 (let ((?x106 (+ 0 (* 1 (select ?x96 ?x11)))))
 (let ((?x107 (select ?x96 ?x106)))
 (not (and (distinct ?x107 ?x110) true))))))))))))))))))))))))))))))
(assert
 (let ((?x8 (+ 0 5)))
 (let ((?x10 (+ ?x8 1)))
 (let ((?x11 (+ ?x10 1)))
 (let ((?x21 (+ ?x11 1)))
 (let ((?x6 ((as const (Array Int Int)) 0)))
 (let ((?x12 (store ?x6 ?x11 0)))
 (let ((?x18 (store ?x12 ?x11 (+ (select ?x12 ?x11) 1))))
 (let ((?x20 (store ?x18 ?x10 (select ?x18 ?x11))))
 (let ((?x24 (store ?x20 ?x21 (+ (select ?x20 ?x11) 1))))
 (let ((?x25 (select ?x24 ?x21)))
 (let ((?x29 (store ?x24 ?x21 (+ ?x25 1))))
 (let ((?x30 (select ?x29 ?x21)))
 (let ((?x46 (store ?x29 ?x10 ?x30)))
 (let ((?x47 (select ?x46 ?x21)))
 (let ((?x51 (store ?x46 ?x21 (+ ?x47 1))))
 (let ((?x52 (select ?x51 ?x21)))
 (let ((?x68 (store ?x51 ?x10 ?x52)))
 (let ((?x69 (select ?x68 ?x21)))
 (let ((?x73 (store ?x68 ?x21 (+ ?x69 1))))
 (let ((?x74 (select ?x73 ?x21)))
 (let ((?x90 (store ?x73 ?x10 ?x74)))
 (let ((?x91 (select ?x90 ?x21)))
 (let ((?x96 (store ?x90 ?x21 (+ ?x91 1))))
 (let ((?x101 (select ?x96 ?x10)))
 (and (<= 0 ?x101) (< ?x101 1)))))))))))))))))))))))))))
(assert
 (let ((?x8 (+ 0 5)))
 (let ((?x10 (+ ?x8 1)))
 (let ((?x11 (+ ?x10 1)))
 (let ((?x21 (+ ?x11 1)))
 (let ((?x6 ((as const (Array Int Int)) 0)))
 (let ((?x12 (store ?x6 ?x11 0)))
 (let ((?x18 (store ?x12 ?x11 (+ (select ?x12 ?x11) 1))))
 (let ((?x20 (store ?x18 ?x10 (select ?x18 ?x11))))
 (let ((?x24 (store ?x20 ?x21 (+ (select ?x20 ?x11) 1))))
 (let ((?x25 (select ?x24 ?x21)))
 (let ((?x29 (store ?x24 ?x21 (+ ?x25 1))))
 (let ((?x30 (select ?x29 ?x21)))
 (let ((?x46 (store ?x29 ?x10 ?x30)))
 (let ((?x47 (select ?x46 ?x21)))
 (let ((?x51 (store ?x46 ?x21 (+ ?x47 1))))
 (let ((?x52 (select ?x51 ?x21)))
 (let ((?x68 (store ?x51 ?x10 ?x52)))
 (let ((?x69 (select ?x68 ?x21)))
 (let ((?x73 (store ?x68 ?x21 (+ ?x69 1))))
 (let ((?x74 (select ?x73 ?x21)))
 (let ((?x90 (store ?x73 ?x10 ?x74)))
 (let ((?x91 (select ?x90 ?x21)))
 (let ((?x96 (store ?x90 ?x21 (+ ?x91 1))))
 (let ((?x97 (select ?x96 ?x11)))
 (and (<= 0 ?x97) (< ?x97 1)))))))))))))))))))))))))))
(assert
 (let ((?x8 (+ 0 5)))
 (let ((?x10 (+ ?x8 1)))
 (let ((?x11 (+ ?x10 1)))
 (let ((?x21 (+ ?x11 1)))
 (let ((?x6 ((as const (Array Int Int)) 0)))
 (let ((?x12 (store ?x6 ?x11 0)))
 (let ((?x18 (store ?x12 ?x11 (+ (select ?x12 ?x11) 1))))
 (let ((?x20 (store ?x18 ?x10 (select ?x18 ?x11))))
 (let ((?x24 (store ?x20 ?x21 (+ (select ?x20 ?x11) 1))))
 (let ((?x25 (select ?x24 ?x21)))
 (let ((?x29 (store ?x24 ?x21 (+ ?x25 1))))
 (let ((?x30 (select ?x29 ?x21)))
 (let ((?x46 (store ?x29 ?x10 ?x30)))
 (let ((?x47 (select ?x46 ?x21)))
 (let ((?x51 (store ?x46 ?x21 (+ ?x47 1))))
 (let ((?x52 (select ?x51 ?x21)))
 (let ((?x68 (store ?x51 ?x10 ?x52)))
 (let ((?x69 (select ?x68 ?x21)))
 (let ((?x73 (store ?x68 ?x21 (+ ?x69 1))))
 (let ((?x74 (select ?x73 ?x21)))
 (let ((?x90 (store ?x73 ?x10 ?x74)))
 (let ((?x91 (select ?x90 ?x21)))
 (let ((?x96 (store ?x90 ?x21 (+ ?x91 1))))
 (let ((?x97 (select ?x96 ?x11)))
 (and (<= 0 ?x97) (< ?x97 1)))))))))))))))))))))))))))
(assert
 (let ((?x8 (+ 0 5)))
 (let ((?x10 (+ ?x8 1)))
 (let ((?x11 (+ ?x10 1)))
 (let ((?x21 (+ ?x11 1)))
 (let ((?x6 ((as const (Array Int Int)) 0)))
 (let ((?x12 (store ?x6 ?x11 0)))
 (let ((?x18 (store ?x12 ?x11 (+ (select ?x12 ?x11) 1))))
 (let ((?x20 (store ?x18 ?x10 (select ?x18 ?x11))))
 (let ((?x24 (store ?x20 ?x21 (+ (select ?x20 ?x11) 1))))
 (let ((?x25 (select ?x24 ?x21)))
 (let ((?x29 (store ?x24 ?x21 (+ ?x25 1))))
 (let ((?x30 (select ?x29 ?x21)))
 (let ((?x46 (store ?x29 ?x10 ?x30)))
 (let ((?x47 (select ?x46 ?x21)))
 (let ((?x51 (store ?x46 ?x21 (+ ?x47 1))))
 (let ((?x52 (select ?x51 ?x21)))
 (let ((?x68 (store ?x51 ?x10 ?x52)))
 (let ((?x69 (select ?x68 ?x21)))
 (let ((?x73 (store ?x68 ?x21 (+ ?x69 1))))
 (let ((?x74 (select ?x73 ?x21)))
 (let ((?x90 (store ?x73 ?x10 ?x74)))
 (let ((?x91 (select ?x90 ?x21)))
 (let ((?x96 (store ?x90 ?x21 (+ ?x91 1))))
 (let ((?x97 (select ?x96 ?x11)))
 (let ((?x106 (+ 0 (* 1 ?x97))))
 (let ((?x107 (select ?x96 ?x106)))
 (let ((?x110 (select ?x96 (+ 0 (* 1 (select ?x96 ?x10))))))
 (let ((?x114 (store ?x96 ?x106 (+ ?x110 ?x107))))
 (let ((?x115 (select ?x114 ?x11)))
 (and (<= 0 ?x115) (< ?x115 1))))))))))))))))))))))))))))))))
(assert
 (let ((?x8 (+ 0 5)))
 (let ((?x10 (+ ?x8 1)))
 (let ((?x11 (+ ?x10 1)))
 (let ((?x21 (+ ?x11 1)))
 (let ((?x6 ((as const (Array Int Int)) 0)))
 (let ((?x12 (store ?x6 ?x11 0)))
 (let ((?x18 (store ?x12 ?x11 (+ (select ?x12 ?x11) 1))))
 (let ((?x20 (store ?x18 ?x10 (select ?x18 ?x11))))
 (let ((?x24 (store ?x20 ?x21 (+ (select ?x20 ?x11) 1))))
 (let ((?x25 (select ?x24 ?x21)))
 (let ((?x29 (store ?x24 ?x21 (+ ?x25 1))))
 (let ((?x30 (select ?x29 ?x21)))
 (let ((?x46 (store ?x29 ?x10 ?x30)))
 (let ((?x47 (select ?x46 ?x21)))
 (let ((?x51 (store ?x46 ?x21 (+ ?x47 1))))
 (let ((?x52 (select ?x51 ?x21)))
 (let ((?x68 (store ?x51 ?x10 ?x52)))
 (let ((?x69 (select ?x68 ?x21)))
 (let ((?x73 (store ?x68 ?x21 (+ ?x69 1))))
 (let ((?x74 (select ?x73 ?x21)))
 (let ((?x90 (store ?x73 ?x10 ?x74)))
 (let ((?x91 (select ?x90 ?x21)))
 (let ((?x96 (store ?x90 ?x21 (+ ?x91 1))))
 (let ((?x97 (select ?x96 ?x11)))
 (let ((?x106 (+ 0 (* 1 ?x97))))
 (let ((?x107 (select ?x96 ?x106)))
 (let ((?x110 (select ?x96 (+ 0 (* 1 (select ?x96 ?x10))))))
 (let ((?x114 (store ?x96 ?x106 (+ ?x110 ?x107))))
 (let ((?x119 (select ?x114 ?x10)))
 (and (<= 0 ?x119) (< ?x119 1))))))))))))))))))))))))))))))))
(assert
 (let ((?x8 (+ 0 5)))
 (let ((?x10 (+ ?x8 1)))
 (let ((?x11 (+ ?x10 1)))
 (let ((?x21 (+ ?x11 1)))
 (let ((?x6 ((as const (Array Int Int)) 0)))
 (let ((?x12 (store ?x6 ?x11 0)))
 (let ((?x18 (store ?x12 ?x11 (+ (select ?x12 ?x11) 1))))
 (let ((?x20 (store ?x18 ?x10 (select ?x18 ?x11))))
 (let ((?x24 (store ?x20 ?x21 (+ (select ?x20 ?x11) 1))))
 (let ((?x25 (select ?x24 ?x21)))
 (let ((?x29 (store ?x24 ?x21 (+ ?x25 1))))
 (let ((?x30 (select ?x29 ?x21)))
 (let ((?x46 (store ?x29 ?x10 ?x30)))
 (let ((?x47 (select ?x46 ?x21)))
 (let ((?x51 (store ?x46 ?x21 (+ ?x47 1))))
 (let ((?x52 (select ?x51 ?x21)))
 (let ((?x68 (store ?x51 ?x10 ?x52)))
 (let ((?x69 (select ?x68 ?x21)))
 (let ((?x73 (store ?x68 ?x21 (+ ?x69 1))))
 (let ((?x74 (select ?x73 ?x21)))
 (let ((?x90 (store ?x73 ?x10 ?x74)))
 (let ((?x91 (select ?x90 ?x21)))
 (let ((?x96 (store ?x90 ?x21 (+ ?x91 1))))
 (let ((?x97 (select ?x96 ?x11)))
 (let ((?x106 (+ 0 (* 1 ?x97))))
 (let ((?x107 (select ?x96 ?x106)))
 (let ((?x110 (select ?x96 (+ 0 (* 1 (select ?x96 ?x10))))))
 (let ((?x114 (store ?x96 ?x106 (+ ?x110 ?x107))))
 (let ((?x119 (select ?x114 ?x10)))
 (and (<= 0 ?x119) (< ?x119 1))))))))))))))))))))))))))))))))
(assert
 (let ((?x8 (+ 0 5)))
 (let ((?x10 (+ ?x8 1)))
 (let ((?x11 (+ ?x10 1)))
 (let ((?x21 (+ ?x11 1)))
 (let ((?x6 ((as const (Array Int Int)) 0)))
 (let ((?x12 (store ?x6 ?x11 0)))
 (let ((?x18 (store ?x12 ?x11 (+ (select ?x12 ?x11) 1))))
 (let ((?x20 (store ?x18 ?x10 (select ?x18 ?x11))))
 (let ((?x24 (store ?x20 ?x21 (+ (select ?x20 ?x11) 1))))
 (let ((?x25 (select ?x24 ?x21)))
 (let ((?x29 (store ?x24 ?x21 (+ ?x25 1))))
 (let ((?x30 (select ?x29 ?x21)))
 (let ((?x46 (store ?x29 ?x10 ?x30)))
 (let ((?x47 (select ?x46 ?x21)))
 (let ((?x51 (store ?x46 ?x21 (+ ?x47 1))))
 (let ((?x52 (select ?x51 ?x21)))
 (let ((?x68 (store ?x51 ?x10 ?x52)))
 (let ((?x69 (select ?x68 ?x21)))
 (let ((?x73 (store ?x68 ?x21 (+ ?x69 1))))
 (let ((?x74 (select ?x73 ?x21)))
 (let ((?x90 (store ?x73 ?x10 ?x74)))
 (let ((?x91 (select ?x90 ?x21)))
 (let ((?x96 (store ?x90 ?x21 (+ ?x91 1))))
 (let ((?x97 (select ?x96 ?x11)))
 (let ((?x106 (+ 0 (* 1 ?x97))))
 (let ((?x107 (select ?x96 ?x106)))
 (let ((?x110 (select ?x96 (+ 0 (* 1 (select ?x96 ?x10))))))
 (let ((?x114 (store ?x96 ?x106 (+ ?x110 ?x107))))
 (let ((?x119 (select ?x114 ?x10)))
 (let ((?x124 (+ 0 (* 1 ?x119))))
 (let ((?x129 (- (select ?x114 (+ 0 (* 1 (select ?x114 ?x11)))) (select ?x114 ?x124))))
 (let ((?x130 (store ?x114 ?x124 ?x129)))
 (let ((?x131 (select ?x130 ?x11)))
 (and (<= 0 ?x131) (< ?x131 1))))))))))))))))))))))))))))))))))))
(assert
 (let ((?x8 (+ 0 5)))
 (let ((?x10 (+ ?x8 1)))
 (let ((?x11 (+ ?x10 1)))
 (let ((?x21 (+ ?x11 1)))
 (let ((?x6 ((as const (Array Int Int)) 0)))
 (let ((?x12 (store ?x6 ?x11 0)))
 (let ((?x18 (store ?x12 ?x11 (+ (select ?x12 ?x11) 1))))
 (let ((?x20 (store ?x18 ?x10 (select ?x18 ?x11))))
 (let ((?x24 (store ?x20 ?x21 (+ (select ?x20 ?x11) 1))))
 (let ((?x25 (select ?x24 ?x21)))
 (let ((?x29 (store ?x24 ?x21 (+ ?x25 1))))
 (let ((?x30 (select ?x29 ?x21)))
 (let ((?x46 (store ?x29 ?x10 ?x30)))
 (let ((?x47 (select ?x46 ?x21)))
 (let ((?x51 (store ?x46 ?x21 (+ ?x47 1))))
 (let ((?x52 (select ?x51 ?x21)))
 (let ((?x68 (store ?x51 ?x10 ?x52)))
 (let ((?x69 (select ?x68 ?x21)))
 (let ((?x73 (store ?x68 ?x21 (+ ?x69 1))))
 (let ((?x74 (select ?x73 ?x21)))
 (let ((?x90 (store ?x73 ?x10 ?x74)))
 (let ((?x91 (select ?x90 ?x21)))
 (let ((?x96 (store ?x90 ?x21 (+ ?x91 1))))
 (let ((?x97 (select ?x96 ?x11)))
 (let ((?x106 (+ 0 (* 1 ?x97))))
 (let ((?x107 (select ?x96 ?x106)))
 (let ((?x110 (select ?x96 (+ 0 (* 1 (select ?x96 ?x10))))))
 (let ((?x114 (store ?x96 ?x106 (+ ?x110 ?x107))))
 (let ((?x119 (select ?x114 ?x10)))
 (let ((?x124 (+ 0 (* 1 ?x119))))
 (let ((?x129 (- (select ?x114 (+ 0 (* 1 (select ?x114 ?x11)))) (select ?x114 ?x124))))
 (let ((?x130 (store ?x114 ?x124 ?x129)))
 (let ((?x135 (select ?x130 ?x10)))
 (and (<= 0 ?x135) (< ?x135 1))))))))))))))))))))))))))))))))))))
(assert
 (let ((?x8 (+ 0 5)))
 (let ((?x10 (+ ?x8 1)))
 (let ((?x11 (+ ?x10 1)))
 (let ((?x21 (+ ?x11 1)))
 (let ((?x6 ((as const (Array Int Int)) 0)))
 (let ((?x12 (store ?x6 ?x11 0)))
 (let ((?x18 (store ?x12 ?x11 (+ (select ?x12 ?x11) 1))))
 (let ((?x20 (store ?x18 ?x10 (select ?x18 ?x11))))
 (let ((?x24 (store ?x20 ?x21 (+ (select ?x20 ?x11) 1))))
 (let ((?x25 (select ?x24 ?x21)))
 (let ((?x29 (store ?x24 ?x21 (+ ?x25 1))))
 (let ((?x30 (select ?x29 ?x21)))
 (let ((?x46 (store ?x29 ?x10 ?x30)))
 (let ((?x47 (select ?x46 ?x21)))
 (let ((?x51 (store ?x46 ?x21 (+ ?x47 1))))
 (let ((?x52 (select ?x51 ?x21)))
 (let ((?x68 (store ?x51 ?x10 ?x52)))
 (let ((?x69 (select ?x68 ?x21)))
 (let ((?x73 (store ?x68 ?x21 (+ ?x69 1))))
 (let ((?x74 (select ?x73 ?x21)))
 (let ((?x90 (store ?x73 ?x10 ?x74)))
 (let ((?x91 (select ?x90 ?x21)))
 (let ((?x96 (store ?x90 ?x21 (+ ?x91 1))))
 (let ((?x97 (select ?x96 ?x11)))
 (let ((?x106 (+ 0 (* 1 ?x97))))
 (let ((?x107 (select ?x96 ?x106)))
 (let ((?x110 (select ?x96 (+ 0 (* 1 (select ?x96 ?x10))))))
 (let ((?x114 (store ?x96 ?x106 (+ ?x110 ?x107))))
 (let ((?x119 (select ?x114 ?x10)))
 (let ((?x124 (+ 0 (* 1 ?x119))))
 (let ((?x129 (- (select ?x114 (+ 0 (* 1 (select ?x114 ?x11)))) (select ?x114 ?x124))))
 (let ((?x130 (store ?x114 ?x124 ?x129)))
 (let ((?x131 (select ?x130 ?x11)))
 (and (<= 0 ?x131) (< ?x131 1))))))))))))))))))))))))))))))))))))
(check-sat)

[mem]:17
[MATRIX]:
Clp3002W Empty problem - 0 rows, 0 columns and 0 elements
Problem is infeasible or unbounded.
