problem_id,judge_id,language,features,official_tests,passed_tests,compiled,sha256
ALDS1_11_A,10794101,C,array;loop,8,8,True,2b6d9657c63d1d330684730fd35c6316b95e076cbdaaaf9d65f86a8fdf65e00a
ALDS1_11_A,1371171,C,array;loop,8,8,True,508ee7a6a4b52e5509c3a2a73c6f0c41dde76ab6669eb9f0f21af63d32285739
ALDS1_11_A,1427802,C,array;loop,8,8,True,c279662b0faa69bb05db1934d6f807b3e69dff4e7ed72d6d4d9351e327aa3dd8
ALDS1_11_A,10137037,C,array;loop,8,8,True,579cca2563213f75f84f066ddcab213a32d24166d2e1411e39e2f9b8dcc40ec5
ALDS1_11_A,5082972,C,array;loop,8,8,True,c19649c0eabc4dc2aa547021527ba3989b5b9045266c4554a749878b0ee235f8
ALDS1_11_A,3752239,C,array;loop,8,8,True,f7b020dd115eaaf74406b6ea0156332b5be52673d23e701abf4212eb1cc222af
ALDS1_11_A,895501,C,array;loop,8,8,True,866c4be8ed8c7097b69ef4b988e5b06df7ad743c7dbec003ff032e6cdc47645c
ALDS1_11_A,443373,C,array;loop,8,8,True,86130807c79c5772a2b0776759f01f46145daffb6365823f0a07f5d0e415b03f
ALDS1_11_A,1469546,C,array;loop,8,8,True,37e8737438dd1fa56864a61f72f46dbdbad46dce28936eb5832329eba6d7101f
ALDS1_11_A,442317,C,array;loop,8,8,True,1256cd990f1505c6bc9db4d686acae51c6a9a3dea3c56773ede6f31b231479b8
ITP1_6_D,2463122,C,array;pointer;loop,18,18,True,2a1f83081d3a231f21b48ff12e1c0d8e06912c5ed5b2f6d99b1c34c92e3e875a
ITP1_6_D,1049059,C,array;pointer;loop,18,18,True,cf84c1eb32de77fa80147990ef54dd4a521037edd1996567d667edfa27e0d129
ITP1_6_D,1296787,C,array;pointer;loop,18,18,True,de47cf620f43c23eefb001a29a7fb71bb65fc6b9814032d39b1096fb457a954c
ITP1_6_D,6602723,C,array;pointer;loop,18,18,True,fd08929431dc2567d639e8994758d376b0a0618267288e42d105a30cdc384957
ITP1_6_D,4327522,C,array;pointer;loop,18,18,True,e33985f457c38d2ff000c0d6faf3034e51facac1f4e2793be58060a3553cd65b
ITP1_6_D,3742473,C,array;pointer;loop,18,18,True,d11eab785b5e5aa0a1064e0e4093996f25cee24408075d35eee9f2d2167696ea
ITP1_6_D,1323209,C,array;pointer;loop,18,18,True,c3350bb8b3d7834c0adea3f57dc363029ca32e66e066be9a1b6ca3239900a5fb
ITP1_6_D,2008099,C,array;pointer;loop,18,18,True,a7116afa1673f543f094d36ff4627796df2a75fe1ce3ef241ad9e42adc764b8d
ITP1_6_D,1310703,C,array;pointer;loop,18,18,True,7b0d31ba07a640a84665f390bddfccbe4db385759750c7e0be589258a53880d5
ITP1_6_D,1280519,C,array;pointer;loop,18,18,True,12f25e6c718f3007227fcf641e4916dca847bafb27a8a97d7f744e51af06372b
ALDS1_1_A,376599,C,array;loop,5,5,True,1bf368e450fbaa237b2b22824d708f7d09d66d447439e436c6f88e948cf563c7
ALDS1_1_A,11655236,C,array;loop,5,5,True,b3f85036cfbd87422d00efb3ee5ab8c8de690b61231518cbc72991c8e27bd393
ALDS1_1_A,9925812,C,array;loop,5,5,True,e796b596a2680c143014b8d87e5be5796f0a06224321ba44b7a34bf511a04da6
ALDS1_1_A,3154525,C,array;pointer;loop,5,5,True,e58c3e782d472c3c2f149a34e81dcac2718af14c9e8811cc1f50a88fca0b6391
ALDS1_1_A,6603674,C,array;loop,5,5,True,37cc6c04ea8d30d0eaf07c988fd8df465f53fe619447efe4f61fc3c91aa7ffb1
ALDS1_1_A,1283165,C,array;loop,5,5,True,412f100734d01a559dfb081870a07b4252b21f61ce6a54094a570a8f9d0d2c0a
ALDS1_1_A,9920818,C,array;loop,5,5,True,1dea0f9f924259d4e31383828bf9b54cbb725ed9ada40cb0dff7618309bdd2db
ALDS1_1_A,4952402,C,array;loop,5,5,True,f35a4f8e0f6676818a52fabaf2288078e9830f38b0f5ad02b980b6a0f6b1c850
ALDS1_1_A,3743025,C,array;loop,5,5,True,2398c3fac0d0459b421c1761e0bdedae8a9a37846897979128681794726e5440
ALDS1_1_A,881044,C,array;loop,5,5,True,ba3fde728ee46c7f2e7a7f8a5d507c9ab47e11213141320ef8b4fd78a83305b0
ALDS1_2_A,1285152,C,array;loop,10,10,True,e7219bd8a0c2e29756b40d401c987c6cb43e85d50b9f8b0f0ad5c94523b5524f
ALDS1_2_A,9927622,C,array;pointer;loop,10,10,True,839500a1c1931da7673caf610bd79046cb196f8ed86671fbe29aaddeef391cf4
ALDS1_2_A,378889,C,array;loop,10,10,True,c82c5ae033f0adea43cb5089df41b7fad06c1b19bdba775d76e66139872def86
ALDS1_2_A,1338937,C,array;loop,10,10,True,9c87c59960b600c8615e99adc66fb3e921dd75311c75c9b3068f532498a25a33
ALDS1_2_A,6603737,C,array;pointer;loop,10,10,True,5e2a24e4733270d00f22f1043b5559ec00b6a3ac4c9d74d182b1e2b85f77a963
ALDS1_2_A,1299014,C,array;loop,10,10,True,376c4fa335d240f77c9a4bfd0c9ff1a4a306e32877fea4f0c5b22c23e27b2114
ALDS1_2_A,4953952,C,array;loop,10,10,True,46ce46026d399e9db6d4f074d060098d8151dd4d641a966148a95af7e9bc24a5
ALDS1_2_A,881633,C,array;pointer;loop,10,10,True,27014a79e507982a87bd5814a70a71375443cd3ccdf0134f3edc2868642dc9fd
ALDS1_2_A,954339,C,array;loop,10,10,True,d831e916d6720b99db7d6b738480afc8e9df4c83388746aa996d1b330911da95
ALDS1_2_A,906875,C,array;pointer;loop,10,10,True,aa531aa3b1ceaff9119064e30206b7d6b5071ea81f6cac3233d9a6f6904f10ad
ALDS1_2_B,11655163,C,array;loop,10,10,True,15ed99f2ff37bc287d27316606f377c3f8b07b55d773b79a79f92e899313720d
ALDS1_2_B,1285165,C,array;loop,10,10,True,adfd2cafde0b9a099d6994cd0b417ea3e1e6182c1489999916e438801c0dfa2b
ALDS1_2_B,9930160,C,array;pointer;loop,10,10,True,fa705664804d051ccc92fc7efa4afb5fd0bf7a27f9932f004b4bbe56ff15b285
ALDS1_2_B,378898,C,array;loop,10,10,True,5fdbccf0922c3d82ceb69a793f050ab1239db3343f794694e77f7135cedae7e9
ALDS1_2_B,1339156,C,array;loop,10,10,True,47d18293d25fcf40d93633ebf3e17600d456f377e22a3c488860a904ac7c6bc2
ALDS1_2_B,1299160,C,array;loop,10,10,True,d67d8a0feac72147af4413f39d45271e615aee106383f29fe7af9775ac7dc461
ALDS1_2_B,4954109,C,array;loop,10,10,True,33a24cf7776e012034733865844c192758db403aca2944652c943df0c8fb1d2d
ALDS1_2_B,3743057,C,array;loop,10,10,True,f37e07ee784cdfe67d2ab3550f4706aeb779e98ff00a636fe8b16ce40bbe47c4
ALDS1_2_B,881649,C,array;pointer;loop,10,10,True,05c24b0f880f11b741ea0f9f4a96f3d8d50c1ebed3b43da2df422d4d7c358e78
ALDS1_2_B,954353,C,array;loop,10,10,True,bb4143a2c5ae0d23962795744c9d7820eab37700c1ee0cb1acda670e5728b397
ALDS1_4_A,11655064,C,array;loop,10,10,True,5bc6cc2e2fe0cb055c015b94356fd1f904a5d8eb2420c9bbc7950234bfbfea46
ALDS1_4_A,1329670,C,array;loop,10,10,True,e620dd25f7f32011fe6e865121b2904cafd7dd49d65a5fb6bf0c640f2b877566
ALDS1_4_A,9995536,C,array;pointer;loop,10,10,True,a3dee41554d41f03c0ccc6d82d1fa9afec7c57b39c25fbca85d9fb6f588a3c08
ALDS1_4_A,3750036,C,array;loop,10,10,True,4658c51ca5840150b2148428fb97b950dc2a13122e4271dac544d517ae13d43f
ALDS1_4_A,881747,C,array;loop,10,10,True,faf54bde8c127492b17ee29fd21c2c0dfddbe13bb4d1424e5b2cba42b8345db2
ALDS1_4_A,1390899,C,array;loop,10,10,True,84ab97b590e4023b8763da74d70199c5fbbe07c1a911c2733d141c7578aa83cb
ALDS1_4_A,931416,C,array;loop,10,10,True,ea2b33bf5d50d72819f26ac891a0031ad31a3993ccebc225a3b3b8eff89df5de
ALDS1_4_A,2709662,C,array;loop,10,10,True,6edb84dcad21d69add2f0cfe7376ef7f62235f3c2a152506eda9d259fa63f10a
ALDS1_4_A,1316101,C,array;loop,10,10,True,623c49a470133821cfee4f07cb55e75bcf617700ad88b728ffb9b344bbe05e34
ALDS1_4_A,9806224,C,array;loop,10,10,True,3718b443bf8401f4410a6735309510b7ae7d0a845e31dff2b7d4312ce489bc34
ALDS1_5_A,2324830,C,array;loop,10,10,True,f6a204db6e737c9577d4ba027191d6aa3d344990d03c665c2024ed52cb9d291a
ALDS1_5_A,11371121,C,array;loop,10,10,True,e97b7b3f753e898b81b501313153a99635b6976b9f42f8540a413dfdc9db590c
ALDS1_5_A,1338409,C,array;loop,10,10,True,0b6009c75c4833eb3d4ccbd5b0c2b65f97361487a2081d71fa6c3b9806133e4d
ALDS1_5_A,10016458,C,array;pointer;loop,10,10,True,f34b338a2c21c7ae4e50c00ad556813c72d23f443d1e0affcad9bb89107c5da8
ALDS1_5_A,1349587,C,array;pointer;loop,10,10,True,13366c7ad4f76ea60a76ff64342bb6cd43bcd580ff3df43aaf02d2c02604800d
ALDS1_5_A,4970018,C,array;pointer;loop,10,10,True,b5096ddeb35fcbcfaeaa86bd2b034f10eea1d3b9042d9a1959f94f4555ed654a
ALDS1_5_A,3750233,C,array;loop,10,10,True,3fb0c399d1daddf91f734ad3a3c50ccdbafafe669b3e43c9de5285ac67696ea1
ALDS1_5_A,881817,C,array;loop,10,10,True,b5c86309bb51ee50e489293a61568cd77a091dc6cdde5d17d1dd20046a53f2ef
ALDS1_5_A,405360,C,array;loop,10,10,True,fc3a2761812a2612c366ecb3cb2a2c366b7fe2ec099353c1e5899fb40b4fed5f
ALDS1_5_A,1427191,C,array;loop,10,10,True,e121ef9cb9e70e3b473e04b1e25beef5665670855fea8c2b49387fd1d512ce1c
0006,2480310,C,array;pointer;loop,1,1,True,68c499ac77ba5bc9f897f5ddb5225153fe93fe41fed13f1e9d765d1bcce41a9e
0006,650483,C,array;loop,1,1,True,6cecad66ffb2d166d9eeb4e7394f163c90ff37db6834c66573c9ee1f719f5bac
0006,443216,C,array;loop,1,1,True,abcf1ea0d08a962de6a56ea1ed0d7e39f9d0c7b7d7863bc507d28670d020efef
0006,922650,C,array;loop,1,1,True,b61e44f277aa75474cca1630b0d43b349ec09eec4463efd48b955e48243f2080
0006,351196,C,array;loop,1,1,True,7f5a131c9a8edc1fafaa0cab1ce85268333520bedbf5cd92f17646d58a813f16
0006,1065469,C,array;loop,1,1,True,51a31704b0fda66ceb12c3f21517e7202cc669efcf2a94f43148437da9522c98
0006,96292,C,array;loop,1,1,True,9916198585c9a2bab194e67969d40e2c54c79e1d5a84c63e2c47ad0602974aab
0006,655469,C,array;loop,1,1,True,138f22be326970b033ed4e832aa5a80b70fe2c0c750995285368c25d253b0fb1
0006,481892,C,array;loop,1,1,True,7a6077d218b65324559146129c93f8324abd7733ba7d71fcb552c9dc3d722c0a
0006,648175,C,array;loop,1,1,True,1647f6ed2d91726aadf49d4330699afb3031f6a25ea9d2caa33b344dedc6b8f3
1159,2638371,C,array;loop,1,1,True,5c4a4a93c1d11ecb01f292a0f5be93805bfd9d04a82a591da1c2146c5945f7d4
1159,421632,C,array;pointer;loop,1,1,True,e9299c3089d70e4ec3bbcc888343c1518197b28b1a5aed14ff4b864f10f6dfbd
1159,1823714,C,array;loop,1,1,True,57aa5f35e4682ba33fd99c9e3f19e0cc7df6b1e9ce311e5e048f78ce0da0acab
1159,730972,C,array;loop,1,1,True,73186a875f20b0ab8079791c27407b133cb28743b3befd92db40be22a2eb3a3f
1159,24670,C,array;loop,1,1,True,685f1e57b44a5585b919c8db81555b38a701e65f6285db8b87cbf141dbee8cea
1159,372384,C,array;loop,1,1,True,f741468678e219a2bd7f2c808d9011be7989f198c3270fa7816efce496b38485
1159,957456,C,array;loop,1,1,True,837fe9c8f2393abc442c85c665aa3765089e684df69773f7696f796739a48a37
1159,605926,C,array;loop,1,1,True,ce3a469edc78dab065453331bdd36722be6a240a9ab16571e8c568570556219e
1159,28662,C,array;loop,1,1,True,59895f0972a706bff74784d4d72189b2ce48059758bc1ff8fa891a517e345c79
1159,2193934,C,array;loop,1,1,True,4f83e385a18f903c1757bfaeb40e2ac1e435b8a0d45f5cedf6d76f0d1f55ef73
ALDS1_11_B,7382012,C,array;loop,8,8,True,bc9b4c95809d86c785fa402913432236b1a51b454c594b0bad7d35c9854c29c9
ALDS1_11_B,1371344,C,array;loop,8,8,True,47260b568951cac30a3a7c98f5d57ddbd5a39f3c7c97bba0f3294bd4cb1e1e9c
ALDS1_11_B,1427826,C,array;loop,8,8,True,7bb9cd1e75a76ae83008e203614818b099b7135c00ba522ec1ab6e4d82ec88b5
ALDS1_11_B,10137070,C,array;loop,8,8,True,afcdb3fe200d14df51c0b57e92bb244f54ad60b02e3f02fa80a474f58b732c40
ALDS1_11_B,5077690,C,array;loop,8,8,True,9291d53aa0f2cc489690cb32f6ece06092fabc421254df94c27e184e1f499b0a
ALDS1_11_B,443392,C,array;pointer;loop,8,8,True,08cb272dac385017b517401875dd336e6a460c9b6e5535503950df16876857e2
ALDS1_11_B,442335,C,array;loop,8,8,True,352989ebd0d78eb135d464dcc118957a8c8aad774c585dc1ad4260ea8ff7e97a
ALDS1_11_B,1380123,C,array;loop,8,8,True,0ab7e7b5a3168a897dccb07de7c5167cdd56787dbbf0c12475b2133ea6e0d16b
ALDS1_11_B,3542362,C,array;loop,8,8,True,732aa9424a317cd41a4e50371996d62de2bb196231df7f66c8b85171e163beb5
ALDS1_11_B,2626181,C,array;loop,8,8,True,0bb4e1030cc590bc496d3fa342ac320447459503448526b02bd84c511c7c7cef
ALDS1_11_C,10137091,C,array;loop,8,8,True,6fc2d38f927a08ee862b3433b32dcbe295c38a072f0101f5d2f7a2521e94128c
ALDS1_11_C,5078230,C,array;loop,8,8,True,ed24c769602499af430ed23e552e6437f638a7b8dfc36cad6bddef545ef72d35
ALDS1_11_C,3542364,C,array;pointer;loop,8,8,True,8587710dda73255334f205fdea7a5c320eb2aada4d92b1aabaa9e23b0b602848
ALDS1_11_C,4136370,C,array;loop,8,8,True,badefd16e84a33d9e0ccdead7978bb506fe52f3c700969d7e237ba7f6e74f82d
ALDS1_11_C,1371269,C,array;loop,8,8,True,c3d04a45a190d508895219d78639e23d568df2af6c39296cee22ffad8912c3c3
ALDS1_11_C,949546,C,array;loop,8,8,True,f24c14cffc41e37dcd69eac8b17b9f3dafea672c3a2441e82eeb3cf845f9953e
ALDS1_11_C,1724842,C,array;loop,8,8,True,8c3ae7fda7c4d43f3914724a6d57b97e31a78f139aca6de7a46a8f2c7a936b64
ALDS1_11_C,6353577,C,array;loop,8,8,True,bf166a842b7027398492996549db9b5a74ee7329d1168ec108200da73fdcd10b
ALDS1_11_C,8885104,C,array;loop,8,8,True,3386ac9992b7da9a43155147958d798c99f3e98ec493de6086e588769c50bad9
ALDS1_11_C,5154889,C,array;loop,8,8,True,6c194807366583ec9aabbcb20da3dc3f7600a4d96087493c3cfe4c75e725dc2a
ITP1_11_A,2825313,C,array;pointer;loop,14,14,True,045306be2caa4dfd017ed4e5682307fbefb7d03ab72bdee2192901fd799ba127
ITP1_11_A,1329201,C,array;loop,14,14,True,935ef4cc783ef7f61a44ac8a03c49412db0c01fea96b767320cbd3eeab2bc849
ITP1_11_A,1933946,C,array;loop,14,14,True,ab1823b9fb836c31a0ea45ce3e8957d4a39ae66528b7a05adca1afbae9f13bd1
ITP1_11_A,2291850,C,array;loop,14,14,True,c4d00c773a31bb638329a01b4461096aed033bc7c14c1ddef46657e985e9a546
ITP1_11_A,2207874,C,array;loop,14,14,True,912ca477c54633cf00dcbfbb4968e78d539b244040c23d38499c5b1d8d4219b0
ITP1_11_A,2881290,C,array;pointer;loop,14,14,True,dcc6908f5d44f14ea93cf83da9e59e610a6759dbe881e513b674643caa7375f9
ITP1_11_A,1377423,C,array;loop,14,14,True,5f53958f9c30f152c630d9f2fb0661782fcc3ca5bf6e4114336058f80bfa8195
ITP1_11_A,1453265,C,array;loop,14,14,True,ffa234fd367944fce05ee3b39fe04382ce6a0667bbd5944f1e1918d12cffff11
ITP1_11_A,1397793,C,array;loop,14,14,True,12a1a055340b440d527b0811c24be9047fb296bfd03de6687888653738e6157e
ITP1_11_A,4462222,C,array;loop,14,14,True,db75d8f50c3da1b1dce1e4f03b7e2440d48604cb20dc30ab2b9bb6d1d83e7c31
ITP1_9_B,1049668,C,array;loop,4,4,True,0a70be480ea2421fd75cdf50c3b4437dee06adf2bd2ab5a0da91ddd220baac14
ITP1_9_B,3153844,C,array;pointer;loop,4,4,True,53e1825a0394a92ca247690ffaf5849f607cf471dfd6d32658909291646222fd
ITP1_9_B,1307627,C,array;loop,4,4,True,ac1f7258b6c83c15d9a4cef4704d12f033d28c83bdaac7dc1f7de62efd5b7f08
ITP1_9_B,3742533,C,array;loop,4,4,True,8d4193e63e1ef2fbf4283a51bb6d8b296b908fc97524a20808e288a145ebf731
ITP1_9_B,1340025,C,array;loop,4,4,True,cc9fb4ddda0d749a5299d4b0ed7b9674bb714b98fb1a9ad216b6284b07894c06
ITP1_9_B,1310992,C,array;loop,4,4,True,8be41816a4475da4c6e2de72e93d073b3f73b852d2a839b656d245dbdc3daef5
ITP1_9_B,921900,C,array;loop,4,4,True,652fece9f33cb55d201f767e526cdc94d8dd8417dc6f29877103a3be18cc32d3
ITP1_9_B,911505,C,array;loop,4,4,True,07cfb0a2112e0ddbfc4c8289a74ec6cd0618d0fc80cd307b796565a4208896b1
ITP1_9_B,1933396,C,array;loop,4,4,True,d74e63fe66a293d77cfe8c5a400fc0fa5f874b6ef97666efff457767166047dc
ITP1_9_B,7997020,C,array;loop,4,4,True,522d306023f146c981138019aa30375b056e05e197c56381ca35b81922f53e78
ITP1_9_C,11041400,C,array;loop,4,4,True,721505481c1986bada038ddb38c60bcf2f212c832da5882a8fe9adb4b0bd8c46
ITP1_9_C,1049791,C,array;loop,4,4,True,b574778ab49524253e6c204344abaabb817e664a3791b5a44d67959c8cdd8877
ITP1_9_C,3154058,C,array;loop,4,4,True,2d8281da30a62fe5ed9b5523c3f5603a6b9894e60acee1371a1009639ab56738
ITP1_9_C,1310068,C,array;loop,4,4,True,5166eab6ad15488a27be6caddde2e1a64bb1b9ba3c1b118940885d2d88a08543
ITP1_9_C,4753631,C,array;loop,4,4,True,4bab21198ac87199696a4e50302c21b58d98180ee2131c00373a3cadf8175206
ITP1_9_C,3742544,C,array;loop,4,4,True,f4fb6c8493992e3dd0c8e9855e80ad93ce25f0b3b79f7f4a9966a173b45884aa
ITP1_9_C,879898,C,array;loop,4,4,True,ca8bfd83201e238142a9f5961c9a0d2a6cc8e40660cda073e58f2f6ac79122c5
ITP1_9_C,1340051,C,array;loop,4,4,True,1e7bf317b5cdb4f1fa552200b6047896954c2e04f98b035ea0d70adc2c0fe70b
ITP1_9_C,714214,C,array;loop,4,4,True,519b770dc113b2d19bd0c4d6d6068733e9e0314ece0b8d5397d6ff4ee867d9e3
ITP1_9_C,1311004,C,array;loop,4,4,True,25a8162cde4b2ab7ca9a308b9d279f5b9d128e0ce653e7f6cb521387c92576aa
ITP1_9_D,2826323,C,array;pointer;loop,16,16,True,cfa4e08ebd7e23da3660a5023d1269e8260040bb28537531c695447720eb28fc
ITP1_9_D,11042051,C,array;loop,16,16,True,73c739acb5e785fdb3382d705ac7baf427668ff0aa854d576c57494d22df0539
ITP1_9_D,1049831,C,array;loop,16,16,True,d9fac9da0de8bf75fb371b0ede42568b524e7c7a65a1efef862f659afa00a097
ITP1_9_D,1312267,C,array;loop,16,16,True,f0dc12127c283e9a87aaa745d0460f2a5daa684f38ed40ec141b45f346e6fca5
ITP1_9_D,1341589,C,array;loop,16,16,True,68040fe242b5440c197ee94d4a386ac3843552e3e187d4621fa3369608f00ee1
ITP1_9_D,1311031,C,array;loop,16,16,True,e7ec83fbf0e8f6a7663b04d688e5620d360f17f38177a5ec4f3cdee63f930f49
ITP1_9_D,1285313,C,array;loop,16,16,True,c9f46a94762b0715105b97476ebf83a8d44d730940f071921c3a306d47311da3
ITP1_9_D,2033688,C,array;loop,16,16,True,796e13f5b3515977c627d8c63fa15d0ca6e5891b6aba1d12bd22daea9acb7692
ITP1_9_D,1933442,C,array;loop,16,16,True,2455e10c480ed29739d53ba8ad5aa734722107bf25f7fe1f20b1fd971dabdc85
ITP1_9_D,7997153,C,array;loop,16,16,True,6b343346233264545174357e40d2b7c7145a1b2577732235289767e48869e9ff
0103,159837,C,array;loop,1,1,True,f7dcbfc1b8af6714954330a241cf46920448f67c76f6198640e53feecb3dc893
0103,5542342,C,array;loop,1,1,True,f1315af98f69718b3a7b4df7225fdc12bb6b135ffd0a65c75edb272607ee0bc0
0103,20482,C,array;loop,1,1,True,dc8c83fc668741b786b5e512d6a09d0b5a542f2c7440e50f9aecdee1f1ce4eb1
0103,498200,C,array;loop,1,1,True,00e0bc77b9e316dca448a445dea83b5b8bfdb478284b39fc5ead873df21c4e4c
0103,189049,C,array;loop,1,1,True,c910be4dfeac69d7cb246e426daf335de8a3bd26afa3e688e08430ed017ceac8
0103,389568,C,array;pointer;loop,1,1,True,c41556da2f8147ef4ba9056c76343b8261b47ac6689c70cdc92b89bee6537af2
0103,311806,C,array;loop,1,1,True,78d05fe083a2b4e50d3ee43bdeac38a1b773ab5c55723f84b52dd461b0a58b4d
0103,1019436,C,array;loop,1,1,True,ad7516dab26e7e626f8d3f83ef5e53f2b0936cedc25bf7ea5f6a94b5b24ae79d
0103,208932,C,array;loop,1,1,True,c841a3a95a74405dfd8bc84cc0aaa1f1c56dafa3b91cc50a16049cf962995ac0
0103,873018,C,array;loop,1,1,True,5c8094819116deef34335bd985f37e325a46104ac608440b20bcf3b5cc081275
1129,2530905,C,array;loop,1,1,True,426ef5376ddead0a77192c49b0e5498f59986445c2ebcd5a325934304d05a0f5
1129,713754,C,array;loop,1,1,True,07a98b60a142a3c9ff6322a9685d13c51a8ba1a633286a66c99e8de93c6f78a3
1129,1762435,C,array;loop,1,1,True,6b7fce717267fd446730bb6d1157cf4e6f8219815ef70e350dee44482ce76399
1129,21153,C,array;loop,1,1,True,417db83f86eb7a61b6dcd85f8566268b985f83bdf339c0b86bdad74b7bd8b16e
1129,1325806,C,array;loop,1,1,True,91592528bb7e03a897148b2a90aa65d5a6732b6bb93c61c4d9b52d502791cdd1
1129,371937,C,array;loop,1,1,True,1cf1b779f4b48d2a2f1e762454c9c84311b2ee3a34ee7af6cac058a3910809de
1129,1323584,C,array;loop,1,1,True,f9ed9314e9c173ca5cde9fcf135a0b3d173453999a59516a373c10322879845c
1129,2193923,C,array;loop,1,1,True,7d9ce468456d1727e55cb77b358b4d6a636cc5798f8df5e25eef2c46ce6f28c0
1129,1422627,C,array;loop,1,1,True,d6a9b790cd9f46ff95c56252960ce1d7dce260283532e95fdc37bb0a8b35113d
1129,996898,C,array;loop,1,1,True,376c3f71756e058dfb18619c723327d39edae4279c6d51896c606312d21a957d
ALDS1_10_B,1418302,C,array;pointer;loop,10,10,True,241f7c0fe3cd51fe2151427f824d052f81c0c81ce774828d4b832513b3d679b3
ALDS1_10_B,2625813,C,array;pointer;loop,10,10,True,8270cce4880dd31b689d765f5d9812051d0f1b76017fcae2c3c3e8ff1803b6f7
ALDS1_10_B,780747,C,array;pointer;loop,10,10,True,62ba26159ab8ad891f796c60ed3f6fbde74561415806bd3a1163371da46c7b17
ALDS1_10_B,716928,C,array;pointer;loop,10,10,True,14b135175d9cf1b202052c5bab402df35f62486c9fb3c99f7410c87e71aad813
ALDS1_10_B,5470663,C,array;pointer;loop,10,10,True,51a104156e8e7d542258f0685626f3607a4b7ab5dbde9f0b6e806d000c9b9a2d
ALDS1_10_B,5151633,C,array;pointer;loop,10,10,True,baec53f0e1eb23bcf36ec92488e64e51c475f7d1cfc29c7abc328222950806b9
ALDS1_10_B,1914894,C,array;pointer;loop,10,10,True,34b67d96fa71bde014b66a57a501c478eef2469a7221098af5497452baec0e47
ALDS1_10_B,3950196,C,array;pointer;loop,10,10,True,e142a24a5fc8f93646a135ae48bc4ffd507d1e5db4e0fd9821d13238533a6b2b
ALDS1_10_B,8825877,C,array;pointer;loop,10,10,True,3dbab9ee52df55a16028d1a0d2d4f0017e9cb38253e60ba2212b8d2e26f7de65
ALDS1_10_B,8803775,C,array;pointer;loop,10,10,True,de9350e36396007b08d168bd30054787b4f48fd0dba9fa0b392ec2bcd30a3a81
ALDS1_12_A,1438755,C,array;loop,6,6,True,6673b45d66e7ea1c9452d26d37b5a8dadf22b67a7791fd55fb0a6898b67ca079
ALDS1_12_A,781994,C,array;loop,6,6,True,7af33b175fdd17ce66cdf7eda1d66e9f24289f03c727954280f81ea920edcba5
ALDS1_12_A,3357567,C,array;loop,6,6,True,4dc02830fd202a462e68aea58e5528286df2fe95146fc427f5893d0ab92765ef
ALDS1_12_A,1427105,C,array;loop,6,6,True,f52728c89d6f0a895134bdfaaf1dcb8e0e733aa303806447a779bd42c7dfaa2c
ALDS1_12_A,6377907,C,array;loop,6,6,True,9ca1da367d73fb0c5a0d09cb5d8fb4ee0c72d01017840adf4344e1453110b798
ALDS1_12_A,8844374,C,array;loop,6,6,True,ac4fb8967a402741520c91600ef5926b72de57fe5b5ca5b98e7db191d548357e
ALDS1_12_A,3262145,C,array;loop,6,6,True,2a773e892aecf2da619426bbe1e62ab294628a63edf97ff66d685a295db39356
ALDS1_12_A,10147844,C,array;loop,6,6,True,c9cf0f05fa8a830d5b22c4df23dbaa00e917fcb3e4c08c8b37788f18ce6aa2bc
ALDS1_12_A,6246750,C,array;loop,6,6,True,8a9a32f7e22bc5065877e157f73419e0b57efdb4bcbb79b33436f2459a0e026e
ALDS1_12_A,8872001,C,array;loop,6,6,True,6657071bae0520c6e6752881d0eb3c4356316e62f386c92ab810eaf6ac1d2a37
ALDS1_9_A,431876,C,array;pointer;loop,4,4,True,d2fba5fe270f36ff18a59a1930bbf59decd17f6f59c8d967b6895dfd74fdcdc3
ALDS1_9_A,10101823,C,array;pointer;loop,4,4,True,972186dbfb82ba8de6895798206993d1fed838aeffcf3bbd1f060984268407be
ALDS1_9_A,3752036,C,array;pointer;loop,4,4,True,e0480735e000e1d0574e78ca126e3a5d57c02df7753502b31f7fb45816fda124
ALDS1_9_A,896335,C,array;pointer;loop,4,4,True,72c2b74db1607ebd279bbcf80ef25988a0992379c1191de4afa7285a43d90f0e
ALDS1_9_A,2140961,C,array;pointer;loop,4,4,True,70196227335909b7d5b70a80b65085fe6c291146a6a1751a0224d039d630fd0e
ALDS1_9_A,4121381,C,array;pointer;loop,4,4,True,28bb39cc5a6aca46aceddaca349c09ff191f5c38ebdf6624485dfa9e6fc92444
ALDS1_9_A,2359022,C,array;loop,4,4,True,2e2db970d8e672b0ca65b8ff210fccddd0fa605a64be3abbe3f396b657ee4a76
ALDS1_9_A,778162,C,array;pointer;loop,4,4,True,69ddfe74365fbadc6efc793d8eef62fbf0f8abde04217d956ecd5448c7d46b2d
ALDS1_9_A,3340831,C,array;pointer;loop,4,4,True,f5e9bb19df9437b761d87350692a1624f064458674aebd8b868d18476e0e46ee
ALDS1_9_A,3142856,C,array;pointer;loop,4,4,True,6e4d797b1d4d60a2306165102409cc0156664401fd4ad9775159856d8269cd2b
0000,2463678,C,pointer;loop,1,1,True,70549c26a095cd9a0bb8393de5f9d7a05ec63189ed5595de873ec1937f103481
0000,966999,C,pointer;loop,1,1,True,25774672fa9819dc95ec8e903c3813097150c4907e604f1f1aa51754a4822a28
0000,624511,C,pointer;loop,1,1,True,63008a48039d78d8de56216f422a750714bb1fdce72e0be523bb309355a73766
0000,440852,C,pointer;loop,1,1,True,3bd821ee4c6ff8a8c49d6a3112633171628fe0bd95540d7321a74537382a4953
0000,1939831,C,pointer;loop,1,1,True,1745654605a6c5269bc853f7232da3c3869b045c6471a3dab6c0b217c6d99113
0000,208418,C,pointer;loop,1,1,True,d2b1eeb86eb211c4dc04a1b7e146bf8b6f721222355d39479cb151fa32f1f1bc
0000,80785,C,pointer;loop,1,1,True,4cee32039855045e148d4eaed9bc9bc1364eef0021aa0edd53c3eda0876d116b
0000,168273,C,pointer;loop,1,1,True,46a0cda4663021b0b02b2d05eb4077a618ad29128d09f00265b8f771f76cdb3d
0000,261922,C,pointer;loop,1,1,True,5e7e63248e28b1e0cc747998c45cfa917ef3c412d218e5ebb40161356fa1d0d8
0000,313547,C,pointer;loop,1,1,True,f5b30762b5dff854309dee0a8ed7e69295b6ea758cea5940a76d098523fb1d99
0022,4542893,C,array;loop,1,1,True,e99b2ce7557d9affe4afc3bc29b77068f1ccfd99d639551e1a14752306353e18
0022,614636,C,pointer;loop,1,1,True,82228cea84e6eade0c1ab9031bb86a3280a4ef15e528b727af574e6ad23a8e4b
0022,492809,C,array;loop,1,1,True,07fb5c7908f719e7d3e259e201cee0083e0e16caa018ee53f50888c0a55a0f67
0022,147490,C,array;pointer;loop,1,1,True,06360179d5612d97b9fe6a5abb848aab8ed7681552bbe6fb5ffe5d7f3c81b348
0022,601411,C,array;loop,1,1,True,314c8265cab92a38c2f89279be1e5d423b2d9e8aa4e0b439d1feccc82b355756
0022,581381,C,array;loop,1,1,True,07795d8816f0d54d87d32c74ef4498941b0ef7794afd36d71488f72d93959b8c
0022,85746,C,array;loop,1,1,True,1368e0f4c481b417cbd43d00827847011e89882b6183757001e8f351a3f1f9d6
0022,1064397,C,array;loop,1,1,True,e95c4e7ff41c5fc6c3848576cf78f0573ad935b1a0b23096b2f35ce825b593a4
0022,180226,C,array;loop,1,1,True,31e1bd7724e7d0284ea3d484cffa76cbe479699663a2619a8802714b47657bf5
0022,147461,C,array;loop,1,1,True,271c0934cf6a2618e80d17ce60003b2570d40fbd92ad472f7e30e0d40e7dc830
0026,443023,C,array;loop,1,1,True,ca26cbcad433756579e6055046b07e4aa80fded0b4b660953a2742055f90ceab
0026,151332,C,array;pointer;loop,1,1,True,a9645fd0e403550168f0c5ef726d39c41cfe955f2dd54320d7dd169dfe466dde
0026,949266,C,array;loop,1,1,True,5d9004e6e5a35a487331146149c2084a8f3ef2db13a73934689d5c44ba74eb35
0026,2337658,C,array;loop,1,1,True,ab3fa6b157879ff9770399334410a10c19da3a29a7cde352cef4328897465af1
0026,86081,C,array;loop,1,1,True,592f383c8ae30f3a02013b06216b25473226a46a4a2456edfe0cb28f10119231
0026,338022,C,array;pointer;loop,1,1,True,bf929e954f0fb834b7f39b857fcb5e8a055040b91b0c90c9c5ffd7890bb53021
0026,245735,C,array;pointer;loop,1,1,True,c092c4846f62ad170bd503b5cb04e7110ca324b534f4a7a15b94255df04773c2
0026,1302872,C,array;loop,1,1,True,62c20af85d1fa81fb1b2cd0425b2a21adf811423637f559fe98fdbfe2ecdad31
0026,1385687,C,array;loop,1,1,True,794a982eed037cab17ffcf038c512f06055e496dd04b3ca2a40291b4b5ff2fd9
0026,100120,C,array;loop,1,1,True,4b02eec4404f179da6b5fb2edcfb72fe59a82d70a5e9139054178e7efdc05014
0027,2465011,C,array;pointer;loop,1,1,True,187fb739e050894637a35796f4ca54a8b488e4c06ecaa96ad5538871b1fb065e
0027,443056,C,array;loop,1,1,True,68e71ea86ba1896400ee6df2c64308cee321b17d6d818ca6fbdc89ad3babfed3
0027,297010,C,array;loop,1,1,True,32a3c9815f827c64da4c2e5af0bf258a6a51cca4cb4beedc4690504d49ae9d21
0027,147506,C,array;loop,1,1,True,70d0da93832e9fda7802aedbd44676f01a312c13c29bb0ce290577ad9efa9392
0027,327363,C,array;pointer;loop,1,1,True,ba22fe3c310d3080428a5bc00da5626c355a84d616811d037587f8795789a2a1
0027,180645,C,array;pointer;loop,1,1,True,b7651917de429517a26bdbbcaec1d4d19d786306b50b1341697a433afe5a436a
0027,1385731,C,array;loop,1,1,True,29da2473b0cbebac7eccc865a7a7c5a8f2ad15d6e8c2d1f77dc025691e9c2bb1
0027,94929,C,array;loop,1,1,True,f52d1598860e2da8fab23b495a7992c9a9a00b51eb4f0f65fc52385378739dcb
0027,191631,C,array;loop,1,1,True,0ebaf0305da4b43b7ddba68ba8ff06419943273291c03bea5d0fd512ea39d937
0027,1547217,C,array;loop,1,1,True,313198b3a4457205b9eff8cf3bee345b8c76165f5514f61c61b2e5e5659d620f
0028,664131,C,array;loop,1,1,True,4e79aad9e6d184ca1cff62f90672bb0cd017ea0389c8f546f7ad75cd4cf0f29b
0028,443071,C,array;loop,1,1,True,2ebe41be356d77de699fd6ac62bc1e6f468f3ed7b64303695963b4481f65c1b6
0028,297018,C,array;loop,1,1,True,43bd86275542d196bbfe5ec00d42a7717eb13897cf269a727cd073cd47d9eecd
0028,6647235,C,array;loop,1,1,True,ba9407e6fe31349f0e5553e9898a296e82ae497b1a7342cb9c34e43e5a7e1f13
0028,932039,C,array;loop,1,1,True,fa68f0afc7f0ff949f02c74712b9dc62c09934200e503603d2a24ae7c0a1090b
0028,488417,C,array;loop,1,1,True,0f8bf596f6e5a2cedb0007a5e8804f1fe6d4b4673ec4cc571493f2a0a6b2279b
0028,147509,C,array;loop,1,1,True,a75e88aba3e20012beb4459ec7708065b374008a94038b029f5944ccea7241b1
0028,607439,C,array;loop,1,1,True,52e8ae1b610eeccead4f957c20ecce744cc4f6e5d9428262b166f62c4860d557
0028,957846,C,array;loop,1,1,True,82dc28d4c29639864fb5f6a50256f19b06d86c4a513f63825c7b065e7d25d959
0028,331737,C,array;loop,1,1,True,8eb2b2364d2e4c034a608c85cd2dbda3d50dc277709655a1bc8a7fd9973751a1
1141,371980,C,array;pointer;loop,1,1,True,7fc67d639a85802f6480cffb3849d48aae145bc86e061b84f5b5bca393571c47
1141,1394075,C,array;loop,1,1,True,4ed1c4a9b78b5e03f61587572665a98dc81f7978f4a2eb45d08e0579e36a901e
1141,740219,C,array;pointer;loop,1,1,True,f1b73fce5bcb3091484339a6768bfc00341d099aa2658a341951da07207db8bd
1141,6217193,C,pointer;loop,1,1,True,4930d3ebd9fb9cb9410d18192778be6c5834da9c108d445dfd573f835143f993
1141,161244,C,array;pointer;loop,1,1,True,312b02c33fd4b3ee84ca5fbdfe64db289decc9984cf90b0eb047fce29da36f27
1141,1495385,C,array;pointer;loop,1,1,True,177c0389a748a6f20dadf62bab53e7a12665d06a609c159dcd5cc453d6e06605
1141,2065336,C,pointer;loop,1,1,True,f376d419a27df269aa40eb1427bd8687c1912b717ed9a1565ba3298125be1d48
1141,1368504,C,array;pointer;loop,1,1,True,5daf2a67b7bcb04bf471231bbed730f84fae1688c49f95c6339ad9db7b9e8cb5
1141,1407551,C,pointer;loop,1,1,True,0741824ea774f66e01176da9cd3e37470a7e661d883476c39a74bb7de01d0afc
1141,2065389,C,array;pointer;loop,1,1,True,c5ed487c7895bcf86fc3536afc5825077d17089f588399b7e38d1c2915848512
ALDS1_10_C,1417856,C,array;pointer;loop,5,5,True,6726c0e277ca92452bbbe3520ecbe913477a0608c1e68530183e3a091c745eea
ALDS1_10_C,3347006,C,array;loop,5,5,True,7ab91ebdf43286e8e876ce5dcd2e93a202a22be63ce9f558dd12474be7d2ea42
ALDS1_10_C,7362192,C,array;loop,5,5,True,0659add2cd74756b21d59bb3d72efb15a627580f052d734d6d63486c900b5cd8
ALDS1_10_C,7645816,C,array;loop,5,5,True,f3b2de5e253f613259968b95000f82dd818e57178931dd2c46e71fe121574c3d
ALDS1_10_C,948887,C,array;pointer;loop,5,5,True,fb490462ac1fb15cc40cc9a3aac6fb6cf86dd653ab8d4d1d411e89d569693b40
ALDS1_10_C,1765947,C,array;pointer;loop,5,5,True,116f7b0ad8cf700641047bdff4c3ac12e1ced80c194c493f582f2f5b646c94df
ALDS1_10_C,1938335,C,array;loop,5,5,True,bb8edba91d706dc2ebcc01404e37478ca521daf1cfe2f785028258df9a04fbf5
ALDS1_10_C,6537387,C,array;loop,5,5,True,ca0d7e4df4484eafe89112428c912bce919b4bb635e944f305ab176875d9dea1
ALDS1_10_C,3950673,C,array;loop,5,5,True,e241f39b87adb356647e1b213ed7c9f086985c51b8392900304b84a8e20653f3
ALDS1_10_C,8804725,C,array;loop,5,5,True,9f5948fd5b32862dee3f7921da4cedd73c29ab6af586a67a2375ac381ca215bb
ALDS1_4_D,1339573,C,array;loop,20,20,True,2950e01dd5f3a8b58859bf23047d7ba8466c0c88c18cb3f317c69008c623b986
ALDS1_4_D,9995741,C,array;loop,20,20,True,1bc283d6e4a2213573bd3d7f350622d2e209406bfd61523b16227fcf9c1694e7
ALDS1_4_D,3750215,C,array;loop,20,20,True,de635c916b6d6a971a573f703a357efd995141ffb590acca75a19d6189914322
ALDS1_4_D,1413630,C,array;loop,20,20,True,b321100d96e532e186f9327296905522b6d6c72a9c84f252e87cc08030bd9cf0
ALDS1_4_D,2293920,C,array;loop,20,20,True,0ca8a5350ecce765ac38ca2dcfb62acd9421378509328f8241510e35ab787413
ALDS1_4_D,6877369,C,array;loop,20,20,True,ff8071a5603df497a98c403d6869c97c9cb51b07860af74551d09b971497348d
ALDS1_4_D,5543486,C,array;loop,20,20,True,1d2a3fcb06f65f9e5eb352aeb3f57663be49215e251b91efd17ad94444b05afd
ALDS1_4_D,3978647,C,array;loop,20,20,True,ca835e98e4242599c5bfb3dd3af62664078ee962befdc69da08ebe892118cd0f
ALDS1_4_D,2094979,C,array;loop,20,20,True,0e5b6bbc4f322544a5c963c1a33eb2ae20277d28341f8c959c623e727308392f
ALDS1_4_D,2544469,C,array;pointer;loop,20,20,True,78701c2110473d312524c5ddf32566c1e38f3cb4861666cc5ae6aa3d321f7cdc
ALDS1_7_D,5062581,C,array;pointer;loop,20,20,True,e07f6dae60faff62012d8be7c26d269b49a28c784954baa4f8c66c7289ff9a3f
ALDS1_7_D,968183,C,array;loop,20,20,True,9506b53740317f7e53705c1c098e98af6cfe14046085a0c6853b0f349392eff5
ALDS1_7_D,1430319,C,array;loop,20,20,True,2a3329689740de80bcf65eda7e7067b9b321d41928458fc5ec07951757323ac9
ALDS1_7_D,10079065,C,array;loop,20,20,True,0b5406597485ed970733a49283c3ccb3d3bcd3e85bcb25f2bf6357fa6fd92ddd
ALDS1_7_D,3751426,C,array;loop,20,20,True,646fc87bde661ba8b8e8377e022950d073ac0d3ba0e7d43df796d8a20a8ff8e1
ALDS1_7_D,7300932,C,array;loop,20,20,True,d995fabb8c1bc0474fd3b9581edd4af0c8483e98c29783fcd97ab7d11d395c46
ALDS1_7_D,2915889,C,array;loop,20,20,True,a582b3183a1527f6f229182ffb5266fc802fdde7b1331b451faf583020a408ba
ALDS1_7_D,10275867,C,array;loop,20,20,True,750b2bc5484deae737604b28528e05279079589e7f691a60bbe0d921034a23f4
ALDS1_7_D,3937540,C,array;loop,20,20,True,f1645723f629bce5f37fa3d35296d4c1d7a2f6173034a3ca5baab54db11fac11
ALDS1_7_D,982492,C,array;loop,20,20,True,317c0a2424789303969835fb03f03ae7e3bf85057e60aa8ddabf05c843311953
ITP1_11_B,2825367,C,array;loop,3,3,True,c26f8da6df972fdb6183369ff7c8c7b6828956074734649b23981b2fc1b5b47c
ITP1_11_B,3154347,C,array;loop,3,3,True,b846b8ec2e7ca06641b31d6a7c0ce84120e656dae957981cb6e574794a99424e
ITP1_11_B,1335432,C,array;loop,3,3,True,fa51809be06c26da10c7493818cc3ee505973020e55a4606d7f6a9d59b46e866
ITP1_11_B,4367477,C,array;pointer;loop,3,3,True,eedaa53b66be6e1b1be8b4f705d6dd218a8521423ffdbb397666b25cad2f3e8e
ITP1_11_B,3742624,C,array;loop,3,3,True,e9db494b5f896f751b434a2955248ef6ab4649a593225d5408ef4fa3d2867d87
ITP1_11_B,1301414,C,array;loop,3,3,True,0d639524995b9409ddb31bb019ea8683866f9c46ebbb93e4e860ea8a4fcb2279
ITP1_11_B,1934017,C,array;loop,3,3,True,12461c34a8607e8318b09c7a8cab0e4aa5806011920fb9c199e1c4372453360e
ITP1_11_B,4367595,C,array;loop,3,3,True,f062baeafdcd4e538c673720327747d3876d87b4b1bdf11b95a73205ca0a8ddb
ITP1_11_B,1379723,C,array;loop,3,3,True,9a295cbf608aa390001e84194e51521f4658f6d00776366691b58db855de5b01
ITP1_11_B,1963320,C,array;pointer;loop,3,3,True,0a74e7ae35b7e3fcb1e1e04bfc39225c192c8dd2dfdee2d42d8c1113959b5fab
ITP1_4_D,1001683,C,array;loop,20,20,True,d40300389df03e834734a850307958a7c6d89a3b35a02b3cee585883c907085f
ITP1_4_D,4942423,C,array;loop,20,20,True,3053e16caa18807afc1b8784c8ee8b09c72a512ac43657b0a93d6345e5e0178b
ITP1_4_D,2806226,C,array;loop,20,20,True,ca5c57dd44d08513157910c66225ead09120726caffab488f7329f13eba16d08
ITP1_4_D,3184837,C,array;loop,20,20,True,d68faf2be54a9f447c45e0b55c5dc40673fac9226772fb28114f6cfb5a567afd
ITP1_4_D,2567845,C,array;loop,20,20,True,d4cbc86bb23685eaf7e36e74ff673657f65105be86324813a2098d324a79789c
ITP1_4_D,1953215,C,pointer;loop,20,20,True,d5e71c8ae02e194b52772a9c794830e54143dca25ce61e04bb673ecfd581f030
ITP1_4_D,3509067,C,array;loop,20,20,True,f9817dd57209bd146d9a032b1b890fcbeb4032266e9c8f15062416c56f65c0b4
ITP1_4_D,1306790,C,array;loop,20,20,True,d7fba259c3c5ba256a7641b8a7987458b88f98aa0993106a3f1a61e9e7647688
ITP1_4_D,2295757,C,array;loop,20,20,True,9f1f44eab7c8490d0891b500e37de544ab5dfeeca55cb4de5120d15f1e25f2a5
ITP1_4_D,1298213,C,array;loop,20,20,True,f2923b44203ee2f5ea61b84382e2e4b8eaf656bdd4f17f581a57074bfa3c56e0
ITP1_6_A,2462989,C,array;loop,4,4,True,c7b2c35cca6ab69f007511ef2fd608a949ecf9fed3b67ba4a248a03d710f14e7
ITP1_6_A,11654402,C,array;loop,4,4,True,a019bc17c5b53a837115d5cc3f08891f00e648ad84cf59df9a7e670dbbda65e1
ITP1_6_A,1751274,C,array;loop,4,4,True,6cd6b75dbeef32b9db84421c5fd41d5637b46389766e425b6ae18d53c07cdaad
ITP1_6_A,1048329,C,array;loop,4,4,True,09888070fa2bfcad74340f25bd07ed2083eaa9c0af62e07e7ea176f495f7f575
ITP1_6_A,2746255,C,array;loop,4,4,True,8dfb55ea68fa3d8073b9fd606cf76071eeb70b645ea72f0b789af0c5fecf0f2e
ITP1_6_A,640060,C,array;loop,4,4,True,02633d9f6e0fde9bc6084369e66b999e0c133f841c443c21e7dc51a314148cdc
ITP1_6_A,1292800,C,array;loop,4,4,True,a5ac2932fe9b30ebf1477629f73a87158c840a67c5ae5d9957b4a91710b9cdb0
ITP1_6_A,6597533,C,array;loop,4,4,True,903853e015dee0f325eca76d37ce57ee36585e0af0d615b9a8179ab1828c3645
ITP1_6_A,1353421,C,array;loop,4,4,True,17c350c2ece7a1e0847f8e2f5ce15b4609a67fcfc16456b618e29d5e68ee8a44
ITP1_6_A,1783303,C,array;loop,4,4,True,d51ca52c5597b931697380dd0c048c4386c4b6953a1f089f5f193680213c63ed
ITP1_6_C,2463108,C,array;loop,5,5,True,90e5257a79c8e609894013b277093e5d035c734c8594c46a927965b5ffc27759
ITP1_6_C,11661308,C,array;loop,5,5,True,1fa919f139e0bf52b128157954b89bbccd83d6e2de5315b956b9d583179d7c27
ITP1_6_C,1758102,C,array;loop,5,5,True,53d06c74215d73eee682053b24c7ef90bb22deea4340de97fd3f45a2524cd4d2
ITP1_6_C,1048747,C,array;loop,5,5,True,164887e82ef77f3a134ac07c131f2decbe30e39c27dd9ac2aebd1fcb8b891ad5
ITP1_6_C,2746285,C,array;loop,5,5,True,89c761804fbef4c63a61686ab56221f856bbdc066b62b384b7e4510a6f742b1b
ITP1_6_C,1296632,C,array;loop,5,5,True,2658cd7a3a57c5545e6fa23e5c73b1b68ce74d7a6ac7b864988f7f115fb60adf
ITP1_6_C,6602566,C,array;loop,5,5,True,81a9837635f29bb700741ea59f247a4ca684ed0fe7ca6c06cbb4fca99e15ca3d
ITP1_6_C,4753038,C,array;loop,5,5,True,c7321542f8f96eccfd43b3672212fb751cdc76bc7503562eae17e2b73a9cf280
ITP1_6_C,3742466,C,array;loop,5,5,True,c55887ca45acd61e8f754a3ecd98b75a7c1455f3ac51659b77676c22d4fd9371
ITP1_6_C,879214,C,array;loop,5,5,True,301d3162762fba0ec12b0e435e40d56686cc745d3d36fd2dd91cebc524522609
0001,636205,C,array;loop,4,4,True,544c7864d544f63e57019afc5cac608bed76b61871e82ccdbd4325d2a5418873
0001,440869,C,array;loop,4,4,True,5b47738bfec81b1146709a921d3247e8f145f6af3457efd75c23c8a96c172110
0001,220735,C,array;loop,4,4,True,d8b955bd1ec5bfabf052b51de8b6fffbe3989795b7a254a83c3c250d780cdc4b
0001,80792,C,array;loop,4,4,True,91448310aa5b7c0c202870c04f629a727695bf07f68ce716d8c68d7128649fd8
0001,10220525,C,array;loop,4,4,True,ee1bcdf400bfd839383ba0e11f1767c30e10346a684b7d8223a8f4565a5efeee
0001,261925,C,array;loop,4,4,True,12f079951251943599a678befb69dc57e73bd5b686350aa954869ba416f9f215
0001,1057669,C,array;loop,4,4,True,6c4f69f0fdbe2ba3606a7d82868ceb81594d4c716d30734ff0fdd07375611f44
0001,655064,C,array;loop,4,4,True,8379b8363c9d6d62d7b3cc1304f9edc961294082ffd077fb506eadcc104b2cc1
0001,475012,C,array;loop,4,4,True,18efbf53b4e8b5d3ca20a92f066b5d7bfa8da001ed871b7b9ed1ddb2109ebc8e
0001,141946,C,array;loop,4,4,True,9041c93b9179aaf2d659608b9517181c70403d165857e0111645a3df40abaf25
0100,153563,C,array;pointer;loop,1,1,True,a87be0911b7e720aaae7d8a4ae070679fd309ec938269480fded58ac152dcf07
0100,335724,C,array;pointer;loop,1,1,True,ad1a430858f8334b151b81348ac3f504506690db0899da032465cd34ac82b120
0100,490671,C,array;pointer;loop,1,1,True,e4baf7403a2b2f49e0b6b1441762fea5f684e30dfe676b31b9dc11cbf7d742d4
0100,388120,C,array;pointer;loop,1,1,True,147d678427e2ae67eaecb09e5ff683185a0448cdd6a2acc2bde3b5894f6f28b0
0100,232815,C,array;pointer;loop,1,1,True,b892ee9d2b1e687394939773ed2506eb1b3309a6b526a68c0f0871f001cac4bd
0100,250241,C,array;pointer;loop,1,1,True,9e030c5b88bed9bee533c4dfb81fe089cfa8ded4d13b8841900d673f878bc477
0100,879718,C,array;pointer;loop,1,1,True,5b007729c4f933ac27946ab36dd41bb06c5f8ddd0fc02eae59b7b6f5c3036ba2
0100,223569,C,array;pointer;loop,1,1,True,39b15d69fd1c2306996be37b89531587c69da3fe32ba85158bbac5dc9877bf8c
0100,1093433,C,array;pointer;loop,1,1,True,0fb71fa72177a332d484d7d7d5780fa6d17e1c8b349d0e0dea318fd5e80b0721
0100,563767,C,array;pointer;loop,1,1,True,389de509ac14562fff7741cde5ab7c5a1180dc3eb31431488ca01abe2cf8a132
ALDS1_12_B,1438776,C,array;loop,6,6,True,675b5cd44de98909e50de6c4059c1243e04ffee64f1816d51d805391ed975c77
ALDS1_12_B,2627181,C,array;loop,6,6,True,f816c775743148ae19baffcc5e43286a9e030ff07bd8af9dd3f891c203410563
ALDS1_12_B,4003467,C,array;loop,6,6,True,8cb94d6ab8cb6fdadc7119284753c8867bcadc899b5ed958fad9e0b173c30ebd
ALDS1_12_B,8844566,C,array;loop,6,6,True,5ffad5b12fdf9f703f3dd948628505d616e0e78ddc68f1460a51bc422951b263
ALDS1_12_B,9965743,C,array;loop,6,6,True,727b925ac30b33702500c9b1fd7d60bb4e7f062202940b07ecf82a59c3c10b1d
ALDS1_12_B,3265340,C,array;loop,6,6,True,fb87be4d855fd0f9d54e59d81753ddc4da8578b2167239d9b7fd085202328401
ALDS1_12_B,6246756,C,array;loop,6,6,True,d5f51c6453e3be98167559609d6ad9f5580b016c22d5517129562b366b801282
ALDS1_12_B,1936970,C,array;loop,6,6,True,5c3aa6be4b3b1fc632413a02f90cce3dee6bbd5cbb656437cab4a96a5a8fe897
ALDS1_12_B,8871999,C,array;loop,6,6,True,e92d9411a9d457ac9b82423a2a0593ef8219e0952e43c0f79e587adca59c62ce
ALDS1_12_B,1937032,C,array;loop,6,6,True,138c92accf5ed1325527d7db75f8cb1d7ee72361cc973882a47dbd3b136d8b39
ALDS1_1_C,1276594,C,pointer;loop,4,4,True,cf06e0bfe2f549eaaf0b9972ccc180f383264cffd50e0673dff6dc77060ecd26
ALDS1_1_C,9926380,C,pointer;loop,4,4,True,ac2810d069c0db1c01201f31f6f307caad797fde2562dfafb449e2b15829f3bb
ALDS1_1_C,1278174,C,pointer;loop,4,4,True,4af76b67d40446575653e074cae2f75c940f041419d0ba79ceacffb5807e13e4
ALDS1_1_C,10135235,C,pointer;loop,4,4,True,b241d409d5e50da85b36406c5f7a7dcfb6361b0bc5986a66702100c39ca3ab6f
ALDS1_1_C,4953862,C,array;pointer;loop,4,4,True,91be3e7a7d5f7bb0a0579b7c7fd21f76df9f385b00b6b6a6f501d4eda37a7099
ALDS1_1_C,3743040,C,pointer;loop,4,4,True,c3812311af8cea6a01768c445da257f27f3040e482e76e819ce47705cd16b409
ALDS1_1_C,881051,C,pointer;loop,4,4,True,8b664b149517d716a0393118365cf1e98a5403ce21179f8458927a366fc37a36
ALDS1_1_C,906180,C,pointer;loop,4,4,True,b53a2f743cd52614a6301dd4faaef40557fb4b772ab467504c79530780e6060d
ALDS1_1_C,2213243,C,pointer;loop,4,4,True,4021fbf8dfec121e15b51204186b3720a00c2a229bc7dbd76347e98682332591
ALDS1_1_C,2737221,C,pointer;loop,4,4,True,60c7d3d84da281ba34642393c0477562e6832ec4e228ba8378fc7a54557f9467
ALDS1_3_A,1304573,C,array;pointer;loop,10,10,True,f0950ec0113634968411294a4e57befb908a73d81d6553fae2760590e9870335
ALDS1_3_A,907079,C,array;pointer;loop,10,10,True,e90261810f9a7486c3d9fe324143fedd18612328f05288ebd1266e41cd8e4eb1
ALDS1_3_A,2624473,C,array;pointer;loop,10,10,True,e7c46ee79a39782fdd5efbbfda16efc3e27c85d8f4bf0b22be2511b08228dbc9
ALDS1_3_A,773834,C,array;pointer;loop,10,10,True,cc46765da5b3b0f727718e6e7a5e3a36acd887f197423d1e82207569416d5950
ALDS1_3_A,3283192,C,array;pointer;loop,10,10,True,f9fac7083b9b697492c18fc0644d29d31d00028732c632fd0f09bf1751614188
ALDS1_3_A,8015253,C,array;pointer;loop,10,10,True,5802967d62e6830efa88a7bfe70dce729a42efc2308aab2043a8b38e1f6361d7
ALDS1_3_A,2087009,C,array;pointer;loop,10,10,True,d55aab3889c8b0cff86b5e248034692f92997a46f5ad9a72ccb4dd8c0c0ec8db
ALDS1_3_A,884584,C,array;pointer;loop,10,10,True,af83c90a9c39b190e7533bedb1f04d728ec9c16ad75b2fc34ae594e7386984d9
ALDS1_3_A,6536092,C,array;pointer;loop,10,10,True,27fab485152eb85d7c6ef06bd6879ff387e03f5483bb036eb391dfb1660e221b
ALDS1_3_A,3895702,C,array;pointer;loop,10,10,True,9f4fad199050fa03ec165013e1b04c3ff003972afa248144267817dcb84e333c
ITP1_7_A,2113183,C,array;loop,4,4,True,c60374bc768c7f1defd0d50b1cd6bcf7759bf96331c8b0041340da09f1803564
ITP1_7_A,460505,C,array;pointer;loop,4,4,True,34d4622f7cca7940fb188e5534bdcc244c7cf0c8589ddbdbfef93f13d1d4ec7a
ITP1_7_A,958613,C,array;loop,4,4,True,046065ac9964a4a4b7858d3818f0e4e4ff7d57611752596588657e97abc85719
ITP1_7_A,1903425,C,array;loop,4,4,True,df416ea88413dcb36ee19fd9aeb71b2e5602eb69a95cd0473515c7d5b749e4d3
ITP1_7_A,2872015,C,array;pointer;loop,4,4,True,402912c9c181dfc47c660108a334b01dc40e2b35446e4ede26d0517da9852db0
ITP1_7_A,1960874,C,pointer;loop,4,4,True,3ac6e6376d29a2f98be3b8041f9b760091a152ecd96a547f1f0a708d5dac4100
ITP1_7_A,3508974,C,array;loop,4,4,True,7b329c9256ae078f1feba28e4ec39b76882bf4a695d3e70b42a74fe36392aacd
ITP1_7_A,1479266,C,array;loop,4,4,True,cfed88442610ea77edb0cfdb81f224a1843151579555bf889ccd79723d84c0b3
ITP1_7_A,1163526,C,pointer;loop,4,4,True,23dcc211522e9ec625fcdf3300bc206d845a6b4091e1a88de56eb55415008462
ITP1_7_A,4210393,C,array;loop,4,4,True,2d9e4e2110487dc70afffe292514e235db6968bcea543fcee949c925c5923187
0018,2464602,C,array;loop,4,4,True,1f3331c869e9f98551e881bd28a8d9af3ae90ead2366c418964ec4b191809af9
0018,639825,C,array;loop,4,4,True,5dfa5413d6c20b8ec24e49f9df1a17039bf56005aa700ec166c83353c90d92ca
0018,442671,C,array;loop,4,4,True,2d212a86ee738a107e1c42dfb08533e4e799bdbe662ac1094c4b04eb35fc6c2a
0018,4747668,C,array;loop,4,4,True,80e91e07ee0c17f04a5ea1b6974830ca5c761adcce6a2399c634408c44d333bf
0018,287178,C,array;loop,4,4,True,389884bf60efdec54de092c764049e26854d36cf527e264edf47bdd94985b3d0
0018,934764,C,array;loop,4,4,True,d3bf3d8791565f45d4a78ffaf6c5f4a880cbf022e0bd4864e74eff0e1f054123
0018,128596,C,array;loop,4,4,True,92ee3ca8046aa6a3a609f60cfe6b76edfda68c639101868ce433c5becf582963
0018,489722,C,array;loop,4,4,True,c138cc871166bcb6c093460899bcaaf7113b7a202a8881685ad91d1da55f3b9e
0018,147448,C,array;loop,4,4,True,4bc49eccdcb0e687bd9f082292bae2eb4804746310d5b32ff8f8ca214df0d5ff
0018,956138,C,array;loop,4,4,True,e570857f6e652a9f665adaee2c52fdcf636b0dba553e6febccc89d30f9a4b93c
ITP1_2_C,6593607,C,pointer,5,5,True,b2d5e891305338a61f31e083264ffb0af8e9590cb5fb2420e707a7ef44024d00
ITP1_2_C,4378581,C,array;loop,5,5,True,3ee8dc347a806865280f8d34a4fcaf816b920b83dc7dd2b111ac0dcbb98dcb65
ITP1_2_C,879120,C,array;loop,5,5,True,6634dbdf79681f4057b2c3a39eeabefc4ad484daef4520e2512dbdb7ca85185f
ITP1_2_C,3077437,C,array;loop,5,5,True,e2e392efdc4d379939e68040963a1f3d884614373d9196209e20a975b31344bf
ITP1_2_C,1471483,C,pointer,5,5,True,e48f69ec06342c89b25fe96dd72dd8c1a6724eec783cc181552340d24bdda3ca
ITP1_2_C,911412,C,pointer,5,5,True,086c8302a631775697fce9b07e85e00234139f96cb9ef44997cb426add8f4021
ITP1_2_C,1030120,C,array;loop,5,5,True,46861c9cfccb2ab3cad3c4bc8e2ce1cdcc5965e5092fdc9178c0c3a2460a609f
ITP1_2_C,685740,C,array;loop,5,5,True,22b197410ae5e730714f9fe71b0c49c365fb0ca5b9ba7fbfc671c7171f4ea8df
ITP1_2_C,715316,C,array;loop,5,5,True,12d534274e563642edc3b606d462fe33a1cc81cc0331d51cdf5ed537b6711405
ITP1_2_C,4911995,C,pointer,5,5,True,6a18d60a6f937c75178d7e95551c2f70ba66ad83eb95700d71a72ee81c56618a
0047,458830,C,array;loop,2,2,True,57bb44f334d368672c595b2aeacaa8eec5de2f7d867ecdee18f14c08b42b720f
0047,153931,C,array;loop,2,2,True,6b27653cb8870a86810f575c2e80231fde00c913b0cc94bb9349515b5c13c01a
0047,4284852,C,array;loop,2,2,True,80300e64f6ada916217f19decfd161fb89c916bb3a42fc4de12c57c5ed96075f
0047,946301,C,array;loop,2,2,True,1e4ba1c4c5f1135a3655945bb1f0253bdb11c17b82098bbdb1e566a81e3e89e2
0047,321144,C,array;loop,2,2,True,05bb765773db3b820f0d898208646301c125623eb970f36195ab4580dd95b804
0047,46538,C,pointer;loop,2,2,True,b91dbb0b784e4e80b61057142742bcf5a1c5ee05ecfc8d6430ab126b91525dc3
0047,1019345,C,array;loop,2,2,True,8851a13342228eaac850a44102bb67bd7fc17f39f367b0c1a10558e324f12f9a
0047,246552,C,array;pointer;loop,2,2,True,1314b606c5ccc5683c387f7620406ffd35ee1344b88190c33ff8c669b12a0054
0047,189480,C,array;loop,2,2,True,a2681f845a647782906761377c8af847b02544b671ff40f94a9458335c021c70
0047,100999,C,array;loop,2,2,True,1a4cb8d448896a53bdc1fb76f15b4a90c32ce9dc25c4c205186240fbf119db7e
0512,2514900,C,array;pointer;loop,5,5,True,b8236c7dc63b7df9a075301d41f83d93a9e52b6b56f086e234e1b193987a7bd5
0512,1092153,C,array;loop,5,5,True,ee7853e0b8a77c09167a99f0118a91e70b5863b8e074fd82cd87db6de9cc6911
0512,372229,C,array;pointer;loop,5,5,True,90887955f68a9eb1b9d2240a59ed317abf0f856d0ae7dce62a6616c93489398a
0512,20962,C,array;loop,5,5,True,47dc7f740c29fdb44c99caba84e9268f7678029697b8b753aa74e0590801fe51
0512,484296,C,array;loop,5,5,True,16efc36f3f1728f48cd2094fcc0dabce8d2374a26a2d4b68e201d1dbb45513b9
0512,318490,C,array;loop,5,5,True,cd56a706a83f581d9e1ceed9b0bfce21314ca223dc96a17cc76d699635ed26b9
0512,1323448,C,array;loop,5,5,True,b2dfb51a2856ea1e8b897e699061344ee39307019e43cad9b2af917d570037df
0512,1323763,C,array;loop,5,5,True,10cc5c85596af72c1765586b64e646f19bdc18806dae3eaf97c0777c55116f11
0512,1067186,C,array;loop,5,5,True,304fee509db046788b1b0d88920c778b44102a2698fdf6e9caa22cac77377f65
0512,303317,C,array;loop,5,5,True,c40b12b0546c686624d5691cae2180b335ecf381fd47551581a2872aa3e336c9
1192,2655524,C,array;pointer;loop,2,2,True,7505d40be0c25d03deea3a79b9a5e95fea193fffdf4eb18521147008e1875f1e
1192,2943997,C,pointer;loop,2,2,True,abd3862c6505e7b807a6f5c8904e2fcd96e31172ba3ac5af9bfdc765fb1b88b3
1192,1131999,C,pointer;loop,2,2,True,3171361aa9721c20f9d9b262704f565e392ba8205b49f7029ea6d9d3725b8973
1192,1058244,C,pointer;loop,2,2,True,563249d78b2f04b24391ac86654fd32f64e05c5e8f05a9af392fd8f7ebd92fed
1192,1440068,C,pointer;loop,2,2,True,84695968bfd0ebe748ab746ff35be7e0338a190ba0659eec9c11aa8a0a41c7d6
1192,4768680,C,pointer;loop,2,2,True,f08ba6e1d97baeef97eac7dacb1c92c435e8dd4e6ff3d482a766de6fe33d73f8
1192,1392313,C,pointer;loop,2,2,True,af4dede198d927790617ae1e441c4dec4db3ae6601bc902efb504172f16dda4e
1192,3743641,C,pointer;loop,2,2,True,5a349854674e38d9f9297faaa506643e6c7b76b616a9af8a5b2344c9a210ac32
1192,1603271,C,pointer;loop,2,2,True,fed92efdf1b326c620b154e3ad9fe4ba5c61e1aa74f70f6398a1760ea269860f
1192,6255119,C,pointer;loop,2,2,True,f8146cf13fb9d47870219a7633e6fb274c9c938e24898e901716b7d69bcc5877
ALDS1_13_A,2834943,C,array;loop,20,20,True,33f1c53fc9305caa771d7ad40744fd4f0505614121374e9ead526a0bcf5a108a
ALDS1_13_A,7367848,C,array;loop,20,20,True,a7432b48056cbaa3ca2cce54d16429459725417127903af4387043cc349081f8
ALDS1_13_A,6024865,C,array;loop,20,20,True,0f82433ae1ab7c650d8b30fa7da30ff90070cefbc6756f2e48bf43ba54181ab3
ALDS1_13_A,6339701,C,array;loop,20,20,True,9e31aaaca072dfcced3178ec216ace6bda201cbbf271aa60b1cda30377218ab5
ALDS1_13_A,7756149,C,array;loop,20,20,True,aec08f175c8394d7cd19cc8808766519ce43d2a63ccaeae4a4cefd9566db0a1e
ALDS1_13_A,8292595,C,array;loop,20,20,True,c7014103513a5a9c3338857ada3476bd1f4f07f676f9acd4703399cb6f14fbc3
ALDS1_13_A,4003211,C,array;loop,20,20,True,b876e15bd393f49996f62dda995c105efff7a418784901773816b0c2fcecdb34
ALDS1_13_A,10135233,C,array;loop,20,20,True,2585bc055a162433410fa7681d9103bc97daec7a92646717e8b26c81c2ba79b5
ALDS1_13_A,8884453,C,array;loop,20,20,True,d6ac8d48c76c8d70187e6d86d8029353a33e95e6d76dd1cab0f06454f17e0752
ALDS1_13_A,6083187,C,array;loop,20,20,True,11eaf339601127352a44856b5aeae3037800da30748d3eb1ef2dbc1601c9dac1
ALDS1_3_D,1305124,C,array;loop,20,20,True,35ca596486df706a4c1bc31284668a4f9f54ce6d55f298e58e32eb986b2bca65
ALDS1_3_D,2006951,C,array;loop,20,20,True,0e4e855c273d79770399f50310af72f21a2f3d4e3250735d96514c28a19aebcb
ALDS1_3_D,2656438,C,array;loop,20,20,True,7567d7d500165c9dee3c7f821187e25f3acde546b3e56f2111588b46afa7bbfa
ALDS1_3_D,1603087,C,array;loop,20,20,True,25667219b293ab3c6c478be00b0ed0857f0a745416d470d22808306c741f0e88
ALDS1_3_D,4143724,C,array;loop,20,20,True,41246d873b2c3414ef313275b4ae83664a759d7ce4c2c2ff73725811848ffe3c
ALDS1_3_D,8867032,C,array;loop,20,20,True,0ffceec85924f36cdc0ec5d29c3ee73b6ac91b31a5baa5525913767ba908262e
ALDS1_3_D,11133426,C,array;loop,20,20,True,d899aa1e7679cf415f7081469baefaa4f8c2727783157994731f5aa6f5a2499c
ALDS1_3_D,10196899,C,array;loop,20,20,True,642eab154640e2c6306fbfe33fae6bb7ce607b5c4dc8bbe452a8fa58ae5106ab
ALDS1_3_D,11497381,C,array;loop,20,20,True,8556b1b3c850b0df82257acb83a857337b3e6c15c21ced2c4bd92fcc4eb6cae2
ALDS1_3_D,11269898,C,array;loop,20,20,True,8696e17fc5c4e491ea0f161687321187de0081a5cd6978861a31f787f4ce6ef6
ITP1_7_C,2463215,C,array;loop,5,5,True,ac9856bfe08d43ec5bf63ce3b75e13a1fed551d4d43d525b232477bc2754a161
ITP1_7_C,1049136,C,array;loop,5,5,True,a3233fc81daf97474f0c628983c15a79756680af7bf932cc1ffcc2ef7735f0c8
ITP1_7_C,3153796,C,array;loop,5,5,True,020ea413226f504d0ad35e240dffbf9abfc7ca5b1b41cd2fad4e9bac98caf9ec
ITP1_7_C,1298774,C,array;loop,5,5,True,740cad58908258fba2ef40c3d147f91c6eadadbf20c35c95ccaea5f268e1d87b
ITP1_7_C,6602932,C,array;loop,5,5,True,a5d1cb0a1d95bb2f6c7b89726dff8afc844ffa1ce1f8c615ca0475ad7921005f
ITP1_7_C,1783388,C,array;pointer;loop,5,5,True,92ca20a0f00ef0bcec88241c9770d312f4b3c1e869ec7f024d7bd4fdeb58f957
ITP1_7_C,4753157,C,array;loop,5,5,True,ad673150cce2c6343ccff5e21371faa759f16912a4000c68963abc415046477e
ITP1_7_C,3742488,C,array;loop,5,5,True,b599bd38cee69885503750f693daad617487e862e70cf576363330f766282f2e
ITP1_7_C,879768,C,array;loop,5,5,True,0fb792b25d18257058a3362280d53eb33e9a74cc55f2d1bdbe83e0cc166ebdde
ITP1_7_C,1325442,C,array;loop,5,5,True,e413131c3aa8d1818a6537c63d96c56e13116b64300d27769cbfcb8a6dac46b3
ITP1_8_A,1302426,C,array;loop,4,4,True,5d700f7ea3fa89d94eb3572251e99286c575434d04110148358793da542cfc61
ITP1_8_A,1822781,C,array;loop,4,4,True,fc27bbb8405d508092d86f3d082ed8110fdccbae52f065f33cc94187626b2556
ITP1_8_A,4378085,C,array;loop,4,4,True,00afd538182bb117f6caa0edb9504c55870c7495e80c77e031fddab4d56aba4c
ITP1_8_A,879780,C,array;loop,4,4,True,bb819ec26a66d66ecc92694fb811920059f34ab909607732120aa51f3bd70f3f
ITP1_8_A,1329323,C,array;loop,4,4,True,96cfaa3b1f12569000b3720c37a6d532c5fabe0b7ecc6d33bcd27c5e3353b21b
ITP1_8_A,911448,C,array;loop,4,4,True,d8e237b92dfb13c71fdd85059e9ee5653922607285fb817415b08de472b54043
ITP1_8_A,7992341,C,array;loop,4,4,True,11cd6bddf9fc94de570156cd87d13c7f2ca524765eef73dfc49e29ae1a0a49cf
ITP1_8_A,4986991,C,array;loop,4,4,True,622b1ce1cef3351e95457ab41e79168f30fd580285022f424b89b5aa3a116b92
ITP1_8_A,4362308,C,array;loop,4,4,True,49841f6f8b7ffc54f7bc6fdc38b2e08c4ac4636912c1295c191d8a2a98ff33b0
ITP1_8_A,1262820,C,array;loop,4,4,True,c6644c3ab8046e93f49310755a3784c87277bd550d8c097a57d834fdb1d95b6f
ITP1_8_C,1302956,C,array;loop,4,4,True,35233c8b4c80f407b11009767cea5f4896047100fb832c904f491a87fe5e0ce3
ITP1_8_C,4753385,C,array;loop,4,4,True,5d098303f79902b3885d79bd2f41aba95cd28f2ea0be6e96a3236c9c2dedcb88
ITP1_8_C,879831,C,array;loop,4,4,True,c99c1049ae14a81f9df44f387e1044448f58b783a31b0d6f2fc9813c9fe06e0c
ITP1_8_C,1336898,C,array;loop,4,4,True,a09b3dec513134da2e705ee3a812dabf97a49d34803c1a11e6a9f863d88bb176
ITP1_8_C,1865163,C,array;loop,4,4,True,f87b7898dff6513bd6f2efc37215937583e41f58607e14c489f069b67c972479
ITP1_8_C,908504,C,array;loop,4,4,True,9cbcee44a5f486803c87614d9c54659bb2d48113c2a60a2fede6e53842af84ec
ITP1_8_C,911452,C,array;loop,4,4,True,fda8853f13c0b915269d0309e1fb074024a0fdb1b196bd13791aed3793e47046
ITP1_8_C,1929465,C,array;loop,4,4,True,84b201abc3019b00960728b278484e2595364fc65a4705cfa45e8316b4aec753
ITP1_8_C,7992388,C,array;loop,4,4,True,fc0302c0d17a13120f95385766b6e7e53498e0f457e3deca25e5aabd8aad2225
ITP1_8_C,1001725,C,array;loop,4,4,True,9adb7fcb397d9e2d8d46a67cb91375c111c443eb8a6853c411fef18bc11adfc3
0002,441745,C,pointer;loop,1,1,True,76313dcd8a267cb4fd2b37cd00055266f487a4d8f94ad1706d1489e7c417fc5c
0002,213455,C,pointer;loop,1,1,True,2da1891fd989b690c665e587a467e51ae8704aff498667261c6619a7be0c1b14
0002,914435,C,pointer;loop,1,1,True,3c5fdd7ca92a09217605912182bce580da151eb854b1a54dfd68f562d10d756a
0002,244383,C,pointer;loop,1,1,True,84e29cd76ea6281a63c46231d106efdddc960471ac1bbec53a2b0483d5ed98e0
0002,1293690,C,pointer;loop,1,1,True,f6716b7a166593f80952092c839ae49820ad8cc4fb09c27ac330e07a1c8539c1
0002,1809991,C,pointer;loop,1,1,True,b62a71988f841572afbfbc4e97a9a6d5f484870fb0e51c68af48a2d799a12174
0002,1349151,C,pointer;loop,1,1,True,24e742bbb23064cfd141e32cf0dba0bf2835dbb7f1e8760be16a655a27a80092
0002,68169,C,pointer;loop,1,1,True,77760bfeae6497e1547e9c006bfd595ae7e3a4d9dfd9270e63748686fcf68492
0002,1307178,C,pointer;loop,1,1,True,0f7e0faf5a0e1d11c79c5ee92723bb41ecfe2a3b485c7262691b1d6a04bfc920
0002,2361167,C,pointer;loop,1,1,True,fcc98d290b9db30fbe7649cd392fa72459ea948ae639eedbf42c47089aa5dac5
0003,967105,C,pointer;loop,1,1,True,e7539d326e6608a23906ded4377585e0ce7f1826d0f213fb03f1b93aba179bac
0003,636224,C,pointer;loop,1,1,True,aa1a0ae3f7927ab206c516e898fefb64ea41d886e8c69b51e6528b30d89225f8
0003,212236,C,pointer;loop,1,1,True,d9434d6d05b9ae80416e15401ae6869b66975985ed6c4841724db841fc0b9d86
0003,80379,C,pointer;loop,1,1,True,b94216dccce114ad2435cedc0812c8ce0c7dded57540156e90d69d60af80878b
0003,11325078,C,pointer;loop,1,1,True,4659de0a020484f6b1e28ec10d9888a4c348b5379c51048a3effa60651111cc6
0003,297347,C,pointer;loop,1,1,True,614be84f7369e548a0cd0a5275bc14cffc989e7ebd38b6f87cc75f7aa4606ee2
0003,914489,C,pointer;loop,1,1,True,12f6f9495585f7c39d6cc9dd53f8f0c1267a12ede940926375550ba3544ea268
0003,3230267,C,pointer;loop,1,1,True,327442d72063d3dc2dfdcae61c17babafc30aeeb04a323d6a354f397a9f2b92c
0003,126661,C,array;pointer;loop,1,1,True,948d96e09fae904b65dcffb9f4f6427644a3bb7d9da1c31f74cbbbb99b2d8904
0003,655205,C,pointer;loop,1,1,True,0438526a68497748d99f90bd82f3376465e438100a8bf8ae411b51181a237090
0007,2480328,C,pointer;loop,1,1,True,acf1d974ac49a44dcc758efc44192f2e0524120abbf95949ef156f0f0e8d78cd
0007,637827,C,pointer;loop,1,1,True,05d631f57c22a438f970e78722798b5a9d5da8c5ddcd514f8322a261b6bce190
0007,441641,C,pointer;loop,1,1,True,4d3b26775ec831e52156e11df2584e949d30db56af4ded85c89b0c4d1ad3008c
0007,6707109,C,pointer;loop,1,1,True,38f0b0a99f76e424a6dbfd78e5a2394f6a0ce93a6b41e1d292adca9e5a88cfb0
0007,267763,C,pointer;loop,1,1,True,653acaaa954f4f9c0feefac9e3c7a2d92d124d1924c1b7ad4d9f5a1f40c64f28
0007,924314,C,pointer;loop,1,1,True,138194b1cb81069a1ced8697e01001592401c79ed73660395d40c4b598fe4187
0007,1065478,C,pointer;loop,1,1,True,e526914a82f8887822358b1da79d7380b8d19aa0071e01666d3b152ec3ad49f2
0007,126688,C,pointer;loop,1,1,True,c4366b0401e97da6c9ed9522c2b082114bdcbc07ab46179185f5204d5637d8b7
0007,96294,C,pointer;loop,1,1,True,f5d83eaa9b226187c4a68d831100865e8c592a4965601af4b51d319545b200d7
0007,484433,C,pointer;loop,1,1,True,96d3d2348f01e0fd640b6305bde6e67b8aeb0bee60fa26eb40df191a413de091
0011,650513,C,array;loop,1,1,True,e0d3332772e3d6fe8324d55decaa2560f7f193ee51272cf96522efcff7588519
0011,295810,C,array;loop,1,1,True,bde40006c4838af971349d8ad4ac27098c550274f4dd24e2c3fb16b85556d3a2
0011,924456,C,array;loop,1,1,True,ef72469199ab3a62a96583a86189049256aa96b831daaaeef53a80e92ec13393
0011,1065670,C,array;loop,1,1,True,f6f12737242bb71689d39c31b47702a8db8b19773d3a635ec024d8099bdb7339
0011,485805,C,array;loop,1,1,True,d8fffe54e4875cfdff1d300dd0f3a71096e41fca3714938bf7dc33791983bd10
0011,671217,C,array;loop,1,1,True,122eab7313059520ca933dc3498eaf1b5c4898082f91e76b691b140b5c514653
0011,141994,C,array;loop,1,1,True,22c86117bb7c599a4cef3d377bb9e844299fa233d1ae9564ea8e40dbaf961f42
0011,596472,C,array;loop,1,1,True,fb6169f54c896e41223bb68a940c3641307f74316c830319064e3d664126f6c4
0011,998367,C,array;loop,1,1,True,06c9f7a007051dab96cfc183b3edc8768a82365299801a523b91b4660aaa3c18
0011,311958,C,array;loop,1,1,True,5f7074efd3f1b7cafafb3364a158b2f8edbd9cbd2781c3090e6181c93a18a904
0014,51042,C,pointer;loop,1,1,True,13007dc77851d54705e32d9c6615914a18ed06f03ebcc66df423e66ba50b0e4a
0014,441872,C,pointer;loop,1,1,True,22bde98906326284fb7ecf86b53a4302e3cdec2e617a988e71a318b9a8609e07
0014,234802,C,pointer;loop,1,1,True,427f05a368fea1a791b8ca617388c57f03570166c095048b372b5c156f90307d
0014,6714399,C,pointer;loop,1,1,True,4296c6ffe1799f583cd892820b09e25f4ef3eafd642d5bc6b71cd6121476f4e6
0014,286380,C,pointer;loop,1,1,True,b08ba01d85e1c9c0dc1d0d3ad98f5c642c40ada99cf9e93f166f61ec97c58f44
0014,344075,C,pointer;loop,1,1,True,54585b9f2c200c396afe7e85fb20144f377182a9289559a045ca74d94e633b8f
0014,924272,C,pointer;loop,1,1,True,af02490de713bec9e87114faabc7b236364c048d014259d9e8c5704b92359c45
0014,1070206,C,pointer;loop,1,1,True,98b1ab9e29895cd223be5d9cb7b7105e317b9f99c4f3f7f698e3875661567881
0014,488283,C,pointer;loop,1,1,True,9e9297700a7ed6aa107ba4dd0eb2781a6a155ca8cfc425637f0abb23966469b9
0014,953043,C,pointer;loop,1,1,True,78b2f63da69ee7e01fde8190498eb7742a3fa0e1e9c1181ea52de39395fe03fc
0015,296665,C,array;pointer;loop,1,1,True,25c7f4dacc9ac8a971706f2115353dd5a848025d2437d198959ea796b57769e5
0015,142077,C,array;loop,1,1,True,cc4c40096999fef7831d5f343d40e72cafd8b97c6a3601fa5cda33d45f78f5a1
0015,85101,C,array;loop,1,1,True,464f2a56ce3e88b25f548a8f81820e02e5d02c9ef6c6721b3b17beb8a0ba9ab2
0015,1065019,C,array;loop,1,1,True,ebdb802f37e6d0e37576d274e6969de75c0a8f0a54facbc32a365a497a6e903e
0015,424953,C,array;pointer;loop,1,1,True,c20cad158a6d73f97adcaadc826e65267c39d2d9ddf0f3577c916513b7f1d1f8
0015,1371662,C,array;loop,1,1,True,f9408aa65249714aa94c55ef4b1036c7efdeda4de3497db2b0b1883929b3046a
0015,1302688,C,array;loop,1,1,True,2d67fff095ffb1b5d9aef76c09c9f1529b05490b2eaecea348b1e9559f111c63
0015,502606,C,array;loop,1,1,True,9b68cb88cd7ec7ce64085b997a2bf6316a06e1829b65d46c28815bbf1a0fc6f6
0015,814880,C,array;pointer;loop,1,1,True,7b2aec0cebc0c51b1be4647f46ba7f9329398fc6221d4b2239c3f7f1098df7e2
0015,1477473,C,array;loop,1,1,True,d9c9e3fab28d8395674517ed9546007488a10f825614d1098f38a3be055d7701
0017,489685,C,array;loop,1,1,True,ca7ee2a77f760feb5e13da4e7d73d524e5b17530804729687e3e2a55e7707738
0017,85172,C,array;loop,1,1,True,ae93842ab574e77aa424a67e5e0f14ef21c9ee0d985e0407640094d02aa25e57
0017,1066819,C,array;loop,1,1,True,05ebd5de6e9f14ef164c8fc2469db735d4883bce0331d28fc815a195726cb030
0017,239355,C,array;loop,1,1,True,0165ac2a2f248fcbdecb755f258b4d47d32f7d4426420280ff7f9cab16985318
0017,367304,C,array;loop,1,1,True,559e1cbe85a7bf4180dd4033aad89770724cf00a4260344527ac80166634c8c7
0017,1381860,C,array;loop,1,1,True,a0afad18d48adabfa6f3fd572798004c222c80259025fafdc787d103f310a8f0
0017,99761,C,array;loop,1,1,True,338f4be977682ae9e2b5840f4bb5fa50d69ac90d39214974d6d0df64157cd4b0
0017,502710,C,array;loop,1,1,True,a37635bdd9e6aea94809a714a647b62be7e8de75d4299d46d6e6507d186eb997
0017,269316,C,array;loop,1,1,True,8714c58f57611f31658e6b2da9ed89242a43043d24e641ed58ea1a96729df025
0017,509467,C,array;loop,1,1,True,9bd1aafa624988f33607cbbcb91d8a12ca34c1f0cc2b6e30373cbe124a196535
0019,2464557,C,pointer;loop,1,1,True,f791995c36c842c136df83478fb68565c58f1d5a729b38c3833e342572b73b7d
0019,11630112,C,pointer;loop,1,1,True,b064b234fe59aa9d8a6da87a88f4da1278893e559268da417700af5fe3f2fb1b
0019,287197,C,pointer;loop,1,1,True,6c9b13340fb7692950f2421a29200eb1b392a28191718ba7ffe78c2fcb4296a9
0019,934807,C,pointer;loop,1,1,True,6802c0147a9abbe46011d1173480b0857431265519f512b7ed6ca90af91e2bd5
0019,715698,C,pointer;loop,1,1,True,765899d3e977f43c15eaf7a6670c6d6248fa7c2ee77c4bdd7aed3eb29557b4b5
0019,490583,C,pointer;loop,1,1,True,885e102ecae404a7f556ae32dfd9c1d973bc21f78176b5ca0192ee33c931bc83
0019,147454,C,array;pointer;loop,1,1,True,a46a45e14e4fe2e00f61166d4d26c262b83a536fcbb19d325ff2fdb5040d0da3
0019,1653519,C,pointer;loop,1,1,True,51d1cf6896749fbf78d4bc4d1d71c77139110aeb3641d7c56158dcdcc40f6b26
0019,237326,C,pointer;loop,1,1,True,d6992ea18ebf3836c25c3177da2028f630cdce120733eb91d67156d88b2a16c1
0019,245278,C,pointer;loop,1,1,True,f0def17146173050480e30f1fb02590ccdab8afaf602d0af2abb2a3b04cb2519
0020,442727,C,array;loop,1,1,True,66351ef02dc9c246362c6c8658ca2584e4efcff0fc5aeb9cc8f123a7e8ea4c61
0020,936197,C,array;loop,1,1,True,838091f455b5493410a5282948f2f6d6edce1777adecf2b13293c8cdfd78b034
0020,492763,C,array;loop,1,1,True,0bc12c99de020e5e2f8d050158bdc619cbc5d1d24bd3a5d91c6572fb62ba412c
0020,601340,C,array;loop,1,1,True,46bd92c87ef25e354427de9e8c888b9a340f866ed3ede12e1433842fab4bbb6c
0020,85498,C,array;loop,1,1,True,8350bb64db85c77b2beeadbbcb68f02dceec2a56cc123d56187f6f22765d9e8e
0020,1053772,C,array;loop,1,1,True,c096611fb8b1870bf0aed12dc11e82cccfabbed450a0d55295af3991a3c9decb
0020,245294,C,pointer;loop,1,1,True,ba119f0903197d7fc989f941b0b628927caa78efa63ee3a2c500bee4298b358a
0020,180037,C,array;loop,1,1,True,1bbaf76dc1d6517329c8995bd15ed0d2dbd070a743dbd5d8ba6ebaa6a2ae7ce8
0020,367444,C,array;loop,1,1,True,072b0f048d066170160fbd69e6d361fc54f670669ecc15b4ace66789824fd138
0020,191627,C,array;loop,1,1,True,db7a3204ac6e8425be5f9ff5a04f668ab56b8f1b62ed4e19c609a9f7dd0545ff
0025,2465429,C,array;loop,1,1,True,03e90ecaa2fa64a8a419e56a6d67af3725842fb0e176fadf3f6a23e652ffb8b9
0025,680300,C,array;loop,1,1,True,ee4ce8cafc33099e885abdacd3f925f12662a593d1df185b671e5a4acf25f29f
0025,442984,C,array;loop,1,1,True,56171d0fe7549dde245e9c62037c2e4328f623944e4f6e97b80b1c432e0d67e2
0025,151317,C,array;loop,1,1,True,98bb5e674b8678320c23be940b3b5d29806de3432f1557b6ec683a9db963e858
0025,7267297,C,array;loop,1,1,True,5b7d1e4ac43b21832ee7df7991b07fba81bc100c06c1301d38b0ad3061517a78
0025,287221,C,array;loop,1,1,True,b9ad55dbbdf775f2a51347136740d23fe7ad5eacffe957916aa6c497f35c5989
0025,299226,C,array;loop,1,1,True,91786cc1e1f661fff1137a2b4fa38ef163ed72837c3e28f5f3d857c0448ba52b
0025,946122,C,array;loop,1,1,True,7f985d4d0f6a3a4a327acbdde69a5f547a2350c5577106b1c33393af2a31307f
0025,606566,C,array;loop,1,1,True,1896b455aa9336860a3b68a4492d00c25df8b57b313bcdab101248b8f835edf3
0025,956432,C,array;loop,1,1,True,4f74e76d0cd19370dbfd0bf5a88be56b9611c66acae71b0641496ce5549763ab
0030,150649,C,array;loop,1,1,True,3fe824f2ac6226c0e1f6f070d5036859f00289eaf45ad9ae601dc1a3c6f5fd6c
0030,105008,C,array;loop,1,1,True,171557d18cab9978fa03a2f1967473e99862dc94e09f6ce95b982ae37d35eaec
0030,180865,C,array;loop,1,1,True,2aa77cb3abb51a6f77aa11a1732ff4e614a71a622c37125d19673055a83a9bcd
0030,1404262,C,array;loop,1,1,True,a7642147ff80d1e03453e149ab1c544047cbe72d4f390340541e9f94006e8f9d
0030,1034223,C,pointer;loop,1,1,True,d470a40162e820069073fe8cbcf73b1e09ef1328d66229d5ed4f91a425b09235
0030,502952,C,array;loop,1,1,True,fb3b24ff02f5c03eabb9b995e589039800ee1a6fc495710e52d6aded9d7a8684
0030,1479756,C,array;loop,1,1,True,ae9f1516c61104f543639a936851ce8f92a76fad6a27a6e2dfbfa1f909d3c10c
0030,431324,C,array;loop,1,1,True,dd6beea711dd81de6c42473fb82b89673785513e9be4a6876444f0f61a50a9de
0030,5818425,C,array;loop,1,1,True,76a968e75a9153d9302a4b5aba2962f85f94cabac9d887bcb1f6425d186b87be
0030,2034110,C,array;loop,1,1,True,87c5aaa3906834abe34c006c94a42c484969d168e0d61656bfe59f0d98b430d9
0031,446375,C,pointer;loop,1,1,True,df14ac00f3eda4d5c3a18adf044be1bf3e67b91598630ba1b6e2a8240c883164
0031,153372,C,array;loop,1,1,True,6a40505a13f36d3b4bcd2e04010f8145857f0f4469c7599463b17014b0009d4f
0031,958338,C,array;loop,1,1,True,f11ea5000e6f7c26d683844ca68e34bbf280dd1c53662a361382313a68112214
0031,37911,C,pointer;loop,1,1,True,10ac0f9e246c5c9f36d7aff71524b05fd076043f6e94bc9aaee2cc82342dc68c
0031,104915,C,array;pointer;loop,1,1,True,b860e8188697dfc02717627f9d783735b634d3ccc4259895f81806a1e8a6651c
0031,1070548,C,pointer;loop,1,1,True,83e804541410f18c72749acc43dc719506b9a14168b461fdf263d5aaf23fa178
0031,245954,C,pointer;loop,1,1,True,ee9382c5855db4d607a2512baf00200fc6a3e93311a99a558cd992e267b3d1ee
0031,180875,C,pointer;loop,1,1,True,0e98b8336fd0c35a8a4994512e8cd48fccc627347d474cb303e3ab2863a1e97a
0031,867227,C,array;loop,1,1,True,6353b8198640287bd27a09fb037b5c2f11e580cdcd7c3b2d465948f15ebdbfdb
0031,1392383,C,array;loop,1,1,True,a24f347824bc1412a1bf26f4e27f93ddbbbb4182124a65067960c660e76d26bb
0032,2466256,C,pointer;loop,1,1,True,c7fa892557d87a93257a58cd4bfa37bec0459931f9628bc0d7c94fdc2014551d
0032,446416,C,array;pointer;loop,1,1,True,24f29869512aeddeb6967cbe386866fcd52a4e9b52beeace7a43d6cdb7f412a6
0032,150662,C,pointer;loop,1,1,True,69657851af561c61b0912ac0075249a6939aec972d13fc5f4f9c791098690d4d
0032,4038961,C,pointer;loop,1,1,True,73bf42d48471cbfd73d066b8d838d89c2e8fa445f0d64c4ce3fffe609e9b7b10
0032,304491,C,pointer;loop,1,1,True,1582748d4a01116f8d2eec813db7cd9eebc061bf2c97128e4d5354102dff2852
0032,951734,C,pointer;loop,1,1,True,a62328cae8221fb8f3e91a84135ea69ea88d562ac0ac8505e168079b76832109
0032,147521,C,pointer;loop,1,1,True,c49f04792e0b514973b65f8c149497a4dd897c45bc6f3fb68a89a79156b106e4
0032,328767,C,pointer;loop,1,1,True,78d36606664eff0bc202dc3a51ed044f9f050fe44b3cdc4586742794f1de8563
0032,807555,C,pointer;loop,1,1,True,605af0ec30d189967fb1cf58fdb6ce5641bd652a40e50736833691df2142afc5
0032,104753,C,pointer;loop,1,1,True,35ba308b6b33436a3f21e6ff76bc3663f9435d537b728269895b892ce9da3252
0033,448028,C,array;pointer;loop,1,1,True,fe002a85af4cb76bc0830fd0d2efa9272896261e6ac0e7f5efa37323a7ec320e
0033,4218539,C,array;loop,1,1,True,908b6b8176c41fb4d2196eec9d01a901fdd7f2e85c9d8b502ac53efe587ab34f
0033,147522,C,array;loop,1,1,True,67e79bbe507825b4bf8e81edbb05a2974d5e2766145d3bfdf3b0ff38a03a5d26
0033,315469,C,array;loop,1,1,True,1ac8371d6c62ea275941d09d72b21e4c34222dfee5ad1463e36be32f31c26f2e
0033,458648,C,array;pointer;loop,1,1,True,c67597d71c74a98638b8ea470016bbb8b034eafdf8b38532536190c94717181a
0033,104755,C,array;loop,1,1,True,885bd41554ddf8c3d79bc7526194bef6d9b62082884df90574ee9d630a76e7c7
0033,1054892,C,array;loop,1,1,True,16c39433a2462e350a0fbcd578ab3c92ca93c9dbef64c51a887ea7ade97cdc50
0033,73540,C,array;loop,1,1,True,2e2f640b7804352d3f6bc49efbd03e7eb4b9dadfe03caa5953189693c8e82c1a
0033,1392438,C,array;loop,1,1,True,2111a139f5e26101ed23011f939c407857375ef417b7795ec2cdef63ec1dc4f7
0033,100171,C,array;loop,1,1,True,11096e87a725c122f0c85307fddeb9eb6e7e43979aba6215c2b569b6fb80fd28
0045,2465636,C,pointer;loop,1,1,True,982416c0128d3902af39d23ad088856a93f29227f2518f31152450d757b7a789
0045,951788,C,pointer;loop,1,1,True,0e729345326f0114e2fbb574bbd3f5f19220cb8de89c4c29cb19c0a259a9ed3e
0045,1054951,C,pointer;loop,1,1,True,02ad73745a915928fcf555eb7e2800dfb5df181068d0cc13a418a939aacb725c
0045,230357,C,array;pointer;loop,1,1,True,e721dd4e4695dd0c267d0385e627e266353f9977fbb1ccecb2e94dab9b2f8013
0045,498480,C,pointer;loop,1,1,True,a66ec9edb8a3860391792f5be0c75536081e93c1a6a02eb6e958823d6c4511fc
0045,146759,C,pointer;loop,1,1,True,e446f1a4414b781bc25716f5422e63e0713da8eb8f2f00b64b8c410f3381eb73
0045,527359,C,pointer;loop,1,1,True,c1812f44bdc889c2c13299fcbeb9a717a1c336edaf90af3864fa15f510dc40f6
0045,941964,C,pointer;loop,1,1,True,de70a778cd819bcf420ea925b55ead87feff6db2e61490132236d365d01098a3
0045,728081,C,pointer;loop,1,1,True,98a34a0f78c5d724b5127fa7d7ac95f38fb150540d80038639fbd0884171efac
0045,44483,C,pointer;loop,1,1,True,81fa4e8300607175537f459f54b8cb556d481508b7e2189a5a743915aa147bed
0051,669665,C,array;pointer;loop,1,1,True,04e6c814e2ae5aeeb919a55a6f525ec6d47d696dc2291e9316b0715e4b555803
0051,950162,C,array;loop,1,1,True,2b3a7049e3845dd737438d358ba8d402766eb97643edd9f989a5704e9de5e73b
0051,147680,C,array;pointer;loop,1,1,True,3add2af6e0ae89c936acb74066b3b91b2f37f457009a52a8e639b54089a138b9
0051,1068527,C,array;pointer;loop,1,1,True,857de46e9182149f272b5d40ebc2acaff3105c4c73a63d1a881003aea8b6c121
0051,189614,C,array;pointer;loop,1,1,True,7cc1b2d11339846a1fe1149af3eb5532a1baa74e7cc8a7aa9aff6ff55b6205c5
0051,103334,C,array;pointer;loop,1,1,True,4e63fa70676985816482f493145e45ecd93f3a3c91a9651370e8e2c20e2b3da6
0051,1035054,C,array;pointer;loop,1,1,True,37563467ccd61b62d92d78bbaf3151cef9967e6a66c1eb0b234de49f9a6510d5
0051,2553561,C,array;pointer;loop,1,1,True,327c8503c5b7e6eea1e6a7c7056c8c0b35d7df3aaaef1045279f17a7559f1665
0051,71165,C,array;pointer;loop,1,1,True,616efb31c9ae5a12c96ab93e13b4e42b46946f75b073eefa428e9db73209442e
0051,681105,C,array;pointer;loop,1,1,True,f02928bf3c4921c8da1f7e58f5a8ba68d1dc3826154d464707b2270f7de651ad
0052,462376,C,pointer;loop,1,1,True,c47f7300c7274a953a67fce7fb0df5222496218edf0eb4b76d269e9f9cd6b05d
0052,153955,C,pointer;loop,1,1,True,13977bed72758c86d5e52e2a7eaaf1319af9976dc0f42dcd5193ee45312122b2
0052,350112,C,pointer;loop,1,1,True,ade3312c744d21d723473b7f2575bd7c32271f9aa751255fa9bcb3d0b8726ca7
0052,147683,C,pointer;loop,1,1,True,4f9e24977e34c640a74dc7cd6ec26e76ce127b2fa32ae4f437cec2af32400876
0052,105019,C,array;pointer;loop,1,1,True,858ea4c7ff6c51db4821862698830abbb0e1f6a1ca8e23838b47849a60f3ffc8
0052,246779,C,pointer;loop,1,1,True,26fa5775b85543ed3500e91d6cc16b561ed9c505dc6af0748d853769038c2448
0052,520542,C,pointer;loop,1,1,True,5b1dd55f663adb349e7b2ad5031a9c81fa557e2fe94822eed12b79b37c6b7334
0052,160491,C,pointer;loop,1,1,True,5dc0788dcec2a37c3af81324ebc08f35ae6966ebbd3e153b97fbeb4bc2d75aeb
0052,6053126,C,pointer;loop,1,1,True,a00a6649736025920aff57603721f78afcb376247446fe9e68fc9574121eef88
0052,872692,C,array;pointer;loop,1,1,True,a17be6fcaf623f6c5737294e49af2a09a7b6d3f5d009d659224059c17e7861b3
0057,681343,C,pointer;loop,1,1,True,e1218011f3e48e66290146ab676c1a24cc7ebdb0aa2b03beb14f81f8a9c6352b
0057,462453,C,pointer;loop,1,1,True,c81d230bc62c906245f338e90d61970cd5cde9b513d32dac85eaa0cf7a21458d
0057,247019,C,pointer;loop,1,1,True,7aaa2ee19e89f2ffce0d782ff9b8145cce27a5b92c60cc3b34ab3b247a999623
0057,153424,C,pointer;loop,1,1,True,75fdce33c1b4a5614f185543e73172efe6befdc16530e3bd835f74902fe4e575
0057,300891,C,pointer;loop,1,1,True,1e13f84b69378ecf0884aac6c2a81599852c1495f43206e834e9e9523ca5736c
0057,922850,C,array;loop,1,1,True,7a4a8887e45dad73865d18fdc4fc98d0d9dc4c7d665789a9b559204222ec0a5e
0057,94092,C,pointer;loop,1,1,True,ca696e15c6792a8a1cd0c221051d43b4f4c709a4f730c3c8d34aeda6ab3452ae
0057,247107,C,pointer;loop,1,1,True,7245e467f6b685549bcd3d4d9aa96f6d834fae2b875854ec494274b747007c1f
0057,83723,C,pointer;loop,1,1,True,80d51b3706e0f474ab34072bace2d2bf1daaa9680c2e47870d883c9d5b01bcc5
0057,249259,C,pointer;loop,1,1,True,832cb78b5f31ff1a6a4fd589caa019769681e3bd227e414e4b773664d0ed7b32
0063,2465853,C,array;pointer;loop,1,1,True,ddd729e56e98dbc6c3e1af6df3efbcc8165ff3dfdb189c3ca30ea2a869916d89
0063,677047,C,array;loop,1,1,True,358987c1ca45a8f22a9d4103442763c6b97750a73f3d08c379ec036cd8a383b7
0063,154027,C,array;loop,1,1,True,e7be7ef8b988b0f516109adb8bee14a2d693dd6fe4e43d75bbe09b25aa57582d
0063,5110439,C,array;loop,1,1,True,5a1957ae1ea67d29f9f41c8033d9ac80fd1a7af8271ffa4b952c974ed8f2cd64
0063,950457,C,array;loop,1,1,True,4bcf26b46617772514abd05edf096fd6a3e5608bb0cdc82c4aed35665ccbcf77
0063,502802,C,array;loop,1,1,True,608648376571ce1898a5c118904c01140631306cbf83eaab7676bb9f463f16f9
0063,149105,C,array;loop,1,1,True,8bdec7cf3715cf397ca04dec271d5c1b8b9f8cf6a58d74912eb020766e8aebf3
0063,316438,C,array;pointer;loop,1,1,True,63e93bde840f9c34c2e0e637343f3bfc842b32b86d7e11f8b58293ddd123d407
0063,98023,C,array;loop,1,1,True,749eaee05cf0677e9401e471eafdae2a7ee7d737623c64e4f9f1ecdc5a3d3514
0063,247374,C,array;pointer;loop,1,1,True,048af560dc5c67348ab9e9c37af01ea8329b3e060e594c99d65e042d88ab6670
0276,1327193,C,array;loop,8,8,True,23759e38a54998d9e41b6390e8e8e7cc822ff7358e02f33b9a90c9d993f1a98a
0276,1327092,C,array;loop,8,8,True,d1964ac206d3babb0ad19288bee2a6f9d0d869d48ff046faf4fe7255f4bc4633
0276,1798581,C,array;loop,8,8,True,372c1a5b3c7a2a081490cbf190011ea09303c3baf37b4da05496c2ebd54ad7bd
0276,863664,C,array;loop,8,8,True,4e5745cc4de658f11a9fc85d2292cf3c393c7a14f4a93cded8d96af20e3918f9
0276,1813712,C,array;loop,8,8,True,5dd8a9fe04662ad8fa3f95baaf31061a6502ec1c668aa7cfcef8014a82d9622c
0276,2071493,C,array;loop,8,8,True,a3f1e4ef87612c7136a5688802e1710a22ebcb88c5e8fc0b6f3e6c8be24a234c
0276,2314675,C,pointer;loop,8,8,True,06894b32cae55a71292e56e6c9e97dbfb5d083dca01aef9eefa8b17ba7200fbb
0276,3797707,C,array;loop,8,8,True,bc251493bcbd83f426d2f428ae320ab2c277f5f3549519d8846cbe07509b3484
0276,842723,C,array;loop,8,8,True,a91df25fbc89df419dff0e48d34416bbc0ffdb68c4dacfd7b13326d223b15fa9
0276,2507554,C,array;loop,8,8,True,c9bcef7bcbc4b2fb23d2f79a9163af3d5c2721f14694f43d1a436b0c2ecf1831
0335,3139223,C,pointer,7,7,True,0c7f3e9edfbddb66d0e114e4d68f0fd4d5312b6d657e2645dfae0be32ec3a5aa
0335,6593467,C,pointer,7,7,True,e5e8c0fb0f35d87e87c8ea5a25ef09d27cad937cee065b372016dc6814acd89e
0335,4738664,C,pointer,7,7,True,5a2cf1d9c304372adfccc32747c1ea519e031800e8ccef17903ab9f9b88c380b
0335,5976745,C,pointer,7,7,True,ef7dae958e85db8425e67c460ab1cb9372daf708c0410df2e11d8698cf720f69
0335,2525801,C,pointer,7,7,True,869d49004cdf4f0be7d42d89b2715bbd7b469230dd1f8020d3be7b7a65d3cb05
0335,4273092,C,pointer,7,7,True,b2650e4bf1794aa51602070cc838335a1eb65b6e0c5c8e22bf569b5c9f4c1ae7
0335,6221479,C,pointer,7,7,True,0aa16d6644b0686df01514d7e5164ab7a6e3b0c6506686955dd2d3803af53e2c
0335,2451783,C,pointer,7,7,True,0671c3a49bb118bcfa83f70a6d900147bb96e873b828c169c514bb1dc7182042
0335,2513065,C,pointer,7,7,True,15a3fda65a5de7935f9e4753799947b95fd70cbe658f965f0ac28deb8e8a0045
0335,3745097,C,pointer,7,7,True,77dda1b15a866e1565456ff59a988636e2969e4605d0b1b84c893dc235b54e7b
0521,2515245,C,array;loop,1,1,True,8e39e17f0e40d0db8ffc2bdbfedd682af977fa6630f661ce2369a68e5353da27
0521,162767,C,array;loop,1,1,True,de69246e3df180662fef60cf8f8bbd2cba15b389f82403c5b69f0fada5a65857
0521,369406,C,pointer;loop,1,1,True,790116e3121ee629efaccb3d130f1fd4bf2b5656c18fdeeae7e4cb89e50d308a
0521,24478,C,array;loop,1,1,True,8f8875a6ba9e9b5fbf2893ad79fd693eb8a62d4aa9daf45c0befb4554a388ea5
0521,1324146,C,array;loop,1,1,True,08959972072a8dfaf4bb039bf23aeceafaa3c73e0e5fdcc28ed30093eebcc52a
0521,318518,C,array;loop,1,1,True,01169ac6862309c270ee505c3e0208d1032c71458656ca4c06d6434f7a71c003
0521,1067713,C,array;loop,1,1,True,b806a48b4f903328d97ce8f6ff4765bb4aa04c6cfb88b0586b5ba14a60b65b94
0521,800288,C,array;loop,1,1,True,0f1cc10704d5e883e6190ff6b2846020c278942378f607856223014fe4e2c6da
0521,284741,C,array;loop,1,1,True,e533002a8d47fcb52ed931729afa33c67c5f0e7bc94122bf79f9f3116be95024
0521,68170,C,pointer;loop,1,1,True,8176ff56df6b6139b5d205e43812c80289f202af578772026a06a4a7e67fe678
0522,2515275,C,array;pointer;loop,1,1,True,5b423d94f58cbcde13fe6e080ea3c60a10e8d412fbcca98e3f8863a767720795
0522,647560,C,array;loop,1,1,True,4ac97728e6fa02f155e4622601ee1d500ecfe7bec9da21fe7fc6430266e56e94
0522,321680,C,array;loop,1,1,True,68efaf822524dde1ad7a7d9b7d7c9a74fa58968c61d1cf7c85e3458f5ab23c8e
0522,484378,C,array;loop,1,1,True,37834b98e10e103413ce95b42c2ceb32f7e65f2370764c67b2f97ebb7f6902d6
0522,318519,C,array;loop,1,1,True,77711c8e02e271194f24d44dc68dca8d3a8a949e6ded931007cb48d13769eaf2
0522,315788,C,array;loop,1,1,True,1e93c33164ae43ff9ea966ee27bf93cb6e4278652cc0480037b02957dbc95127
0522,1292298,C,array;loop,1,1,True,165dd81ecccb1cdb0e3a26523045cc86a43eeea2ff316b4298d7918295a311a9
0522,340130,C,array;loop,1,1,True,879390c3e7c138fab10e311a43f4be50def81083b64a388b53c7bea4d40b376c
0522,78673,C,array;loop,1,1,True,10a91ab6f4ff899bf2f6d62dfe8fc276e5395102078ac5e5a58c48b1b42900ea
0522,149353,C,array;loop,1,1,True,72618e8591352f346bb50ff9fa4b3df291d14febd4681e2c973f4f05aea938ff
0532,2515142,C,array;pointer;loop,5,5,True,284339954990496187660defcc8399b8be2bfc591501edde5aa529b6b8152d05
0532,651988,C,array;pointer;loop,5,5,True,01c92488a5f110e5ba6a6d26e8dd2d7ebb2fa60522b3f23f765c9efbaf59e72f
0532,330488,C,array;pointer;loop,5,5,True,db7ce21e8d9153cc2f18ae538fc74aa6200c2341a381cae9a98adb25fb32b480
0532,1929090,C,array;loop,5,5,True,f3b7250e3d0d89dfb4edd4c50f4c4a15113d1dfec448aa9753a1bd7eea95385b
0532,24475,C,array;pointer;loop,5,5,True,434801708c6f94f5c01e26431e7fed3463500141b261aff713e48dae8432c2bc
0532,483900,C,array;loop,5,5,True,79534a58ab7e187c52d8d4663a4bc425d38e460bfb185582233a08ab4ada14f9
0532,318524,C,pointer;loop,5,5,True,47f0cb7d93d2143146dfa2e3474c4da37f3d2127339c36c99c6e8eac281e5896
0532,1067728,C,array;loop,5,5,True,f60764908a866b73bf477efca3f8980a04cc7abb882f8f814eee22d7a2559935
0532,1291460,C,array;loop,5,5,True,f610403676da9437168955b46f92cd17cd2137ca50e13852214645bf828ecbdb
0532,1070207,C,pointer;loop,5,5,True,276991b88a2cc57c587169701dd430321022c0bb9b1b8c792cc93d4ac90aecae
0554,267408,C,pointer;loop,5,5,True,8d868e611b12a634cda03f44bd7dc43ff5d37577e91098c11955143a0558a133
0554,313078,C,array;loop,5,5,True,81fa8d4b1f002c897782b195f488f60fc6d77e5337f8a21da9e3d00ffc1b278d
0554,320910,C,array;pointer,5,5,True,e9a4bf350767fec92f5b0a443ec5cf2e05e11181b836ced535230ec9ae43f836
0554,4998738,C,pointer,5,5,True,abc9bcacea1bd09f5cc5db3be5cb50dac7459e29042971733587627bdeb5d346
0554,1367478,C,array;loop,5,5,True,858dcdadd39ecc943e518a0f4e816964d2e7a45a0a476c1f92670e018c9e5113
0554,2202071,C,pointer,5,5,True,93d589ba12235378deb00d7acfecd298673d5dfbc8ee47ed18836c7cfe2b3263
0554,1136425,C,array,5,5,True,b87fb4a27fb8b14b015cadb5d518e8694c329f5bc426262a9e6e51bec3b7a0c6
0554,1367365,C,array;loop,5,5,True,69c422566bc5a864dd60f60d187093ee5128efabcb35a5251375d4fc4e3f39d6
0554,319596,C,array,5,5,True,04207718c5f7d845da0e559faa583911735520539b683ebc3ff717e78fe9b52d
0554,262354,C,pointer;loop,5,5,True,9d8a48319a34fd0d42917c13dcdeacc60eede2df972cf9e35ccd209d3fecfd6a
0592,1327103,C,array;loop,5,5,True,74c67f7d2033736d786831f5acdb0e9c0bda53d98f7018d11a9e62f9af1da821
0592,1292484,C,array;loop,5,5,True,4059f194cc24ada38e64714454df5a35bff6f73868994fe9a6a818be9c6867fd
0592,1327098,C,array;loop,5,5,True,86a7e26fc1a9c4762ab4b1196bf547301b7828dd0d4a881aa3ab758d0459eec8
0592,1327112,C,array;loop,5,5,True,8f8a4796f07c81e177b3258947a855e8a70fc45aaf28945bdf9948941bead1e6
0592,1797299,C,array;loop,5,5,True,d263624dbca3d548ba61d081cbfe7b766d02ed053fec0630d16d69080dd1352a
0592,4986967,C,array;loop,5,5,True,18b6bd2b4e58787e296bce1d32e00c3f87b94dbef096fa9f5891b86abd6cce8a
0592,1367474,C,array;loop,5,5,True,d510b1421aec34f42dd6f34ca0e8334321b690169bb2067b0e68279f2092fafd
0592,863203,C,array;loop,5,5,True,14dd3b78994f6434e0e20b510682804e9eb1ffc93abdf2c25e5ef9cdef47103b
0592,1813705,C,array;loop,5,5,True,69c30d8d463b36d09d6ceef89eb9e1783bdc7d21d5e984e9808127e95cea7a99
0592,2065206,C,array;loop,5,5,True,d1e8594fa0b49981e13b3d3d4cd9b16e035937697c37690c8b1c56d5f98b5ca4
1130,2530918,C,array;loop,1,1,True,61f4291d7464cf6b15d88d042bc7c86366ec0b72f02a04366662d8d681796808
1130,713818,C,array;loop,1,1,True,8b59185c857f523a32ed1bf0db65246cbcf553ea0082427d36cc042dae67efe9
1130,115424,C,array;pointer;loop,1,1,True,60974597284f98ebf9a26d7b3cf29be81ec7862ef63012f100357d655ef166e7
1130,21155,C,array;loop,1,1,True,cf10d66a1547c5e8a04b491805df26df1f52f9c1198815fcc4943c74af1e294b
1130,371968,C,array;loop,1,1,True,0af572b31d7cd7cf7ea6461ecb4f3621587175c79f40fa7794fbb28b1da3e41b
1130,1355485,C,array;loop,1,1,True,e76a63637ddb8f537920845d3cd2f7b41af57639fa9ec9726cf9e5205e356941
1130,531146,C,array;pointer;loop,1,1,True,302f942eb8bc778e3d286cf3af19bce7f3835d02c1957d92f058b0c1171f82ec
1130,1441860,C,array;loop,1,1,True,b6198f1aff5b5043dc92c975b6da88184f4d2b33d955aafcbac796a69f4fefe2
1130,80601,C,array;loop,1,1,True,9193e774ddc6d5eb818248edf1a4a061aabcd415a09d2ce1416f255208b04bf5
1130,1364866,C,array;loop,1,1,True,b5ef1953628f3916b9c7dd1af7f6cada1f6874c1a04bebb29153b53af851fa1a
1160,235664,C,array;loop,1,1,True,43afc80e425da0757de36fd7697d5176456a4d5757cb40ec55cb4c7b6ad036dd
1160,1348862,C,array;loop,1,1,True,28bf2335b8778167bcf07af6d7d51a5da8dc84da671ac0838baf923f5cc0102a
1160,302405,C,array;loop,1,1,True,fac6f5b86a167f99e595ebf58fa3618eec463e9d15c8a76e2088000ea5d2af52
1160,21160,C,array;loop,1,1,True,8b36baf411977ca9214c427605723db83cc4131e3e9e77e02f6e2f9c307bbd4f
1160,372387,C,array;loop,1,1,True,c4fa561b7089f5d1806d4d09302443a24e64504fea66decb18a0252f4bf68f25
1160,1357313,C,array;loop,1,1,True,0f3e1a93915a2f831220b102cf946e270ed4fb4fef99534cc5cd301df340ddc7
1160,1410086,C,array;loop,1,1,True,ba9e2e5b7e82cc859dbf669b270d3f64edcb8cabfad0c1f5e78c5a64f99be6b3
1160,74852,C,array;loop,1,1,True,a89753136f20d972f5acaa338963d950b59bcd7691c5142f4368fda0093be369
1160,630397,C,array;loop,1,1,True,6d9915d08800b802bb7118187947191bd72d02c87ef807f97773ba2fcdc6646e
1160,1771598,C,array;loop,1,1,True,144d17e12f2878ee2c988c6f07634d45956bcc740e69cde925dfbe0a534f7f64
1186,1875848,C,pointer;loop,2,2,True,457c0bd79d095c81ff00986bf0053bca92717486fb357e8156e8edfaf33d8f74
1186,730986,C,pointer;loop,2,2,True,b42b5b12d5659e5a404c1e55e91fbe038fc86e318079478bca6bf7e017638d79
1186,1442606,C,pointer;loop,2,2,True,1e856700815c71a46f270bc677c762b15a5d1d03ba46dc8ebe1a856bf6e39a9d
1186,1160410,C,pointer;loop,2,2,True,1574aa3860ad601f28437f9e9df679ad24896b05b5e5928f9319f88cc0e0f5d3
1186,1392271,C,pointer;loop,2,2,True,abac5d74fb2a019a042d8c9c4dc044ae360e019801c7e627b1b6c1a159d40c2d
1186,1572695,C,pointer;loop,2,2,True,f67edfe8d4e0073f1251bbb3074e44b4ce14243c694e6b698d87107c4ba41c23
1186,1017694,C,pointer;loop,2,2,True,182d165412abc971a7e97946da398f8e6a366f002a21433cf515ed47dfbc972a
1186,1419519,C,pointer;loop,2,2,True,db1deb2f0f99efe8e4560da7121431f407c88f24d338f697f9dab6995f57fe70
1186,2031189,C,array;pointer;loop,2,2,True,d66e567c24e3ab186b29091e3d512d45ffe13963e559d44a37a30fb0b78b5ca8
1186,1503292,C,pointer;loop,2,2,True,cf46c1b869c580b6f85a7e5955ddfd0780690c86116ff8b991825964539cd1f0
2000,2488847,C,array;loop,1,1,True,8ddceaa5ea056889e1c602d6180ced38a8dcb887106184817020a2fead9a76cd
2000,78252,C,array;loop,1,1,True,b96a40a121480c7a54cc71596a79e64171f6cedda04d27502e25a781187f07f6
2000,1318960,C,array;loop,1,1,True,d1025a4fe9675f62bdc9048f73f3fc639fd6557b0905cff7f7a88015daa7535a
2000,1318575,C,array;loop,1,1,True,cc0d63d6d9a9adcb2ff7d86c0e086be24af4d02a600cdcdacae4863b2f1fc81a
2000,947803,C,array;pointer;loop,1,1,True,67c36cbc929edb64d1527f24d661b8ded638db63432a239b3a7a7490f6f60a4b
2000,1396184,C,array;loop,1,1,True,643445563e8de1d258f4674b98d11030f255a7b3d8a97e5ab7e4c4bb3906dddb
2000,80134,C,array;loop,1,1,True,0b9fb6387f606c942a2c1a932641dd91f3caa38801e69236c5b6024058d1285f
2000,475960,C,array;loop,1,1,True,aeb8a6d935fdf54ef4adf248c7535702f69f3f6dfd357e1bf39a166ec22f529f
2000,1717348,C,array;loop,1,1,True,627ab812f5832c156cedc2506ad699b663fbc30247f5343d3a860f86acbe632a
2000,6229618,C,array;loop,1,1,True,3a4d03886e9b5383077cfa35290a110eee5f084b68bbf6232e88430037687e03
2197,604096,C,pointer;loop,1,1,True,7c8cd5fcc69704bf25d268bf7b18bd826a42c3859ccb7c7088e80fd5c4fd9682
2197,1472896,C,pointer;loop,1,1,True,9cf009675362863d9f14ef9cf025cda997e17649051e3621227b675e7f08fcf7
2197,80599,C,array;loop,1,1,True,3123650d44992c589cb812a41dd2927a1c826f330bd214c3fba26612455f2d6e
2197,2074895,C,pointer;loop,1,1,True,5c000277a2d5e84fa1a380d1d85ea66f7787759c069da383836cdffd3796a419
2197,1347880,C,pointer;loop,1,1,True,9dc073e5dbdfa9770d4a2d742b67a41da805c10256a7a905b3d1ddcfe06b435a
2197,1347751,C,pointer;loop,1,1,True,82e235b4b012b9f12397f51dc7efabd5c5d04ed3e7ca41980f2b8477fdfc09f5
2197,674875,C,pointer;loop,1,1,True,77c8d0014702cbdd84e9450795d3efc98c6d4c0342996cb1a0145ebda1c2ba55
2197,4296048,C,array;loop,1,1,True,bd2e79ce377d8a2fc48babff53d4e1a5a3c6ee503ab52349b8c199f94b45682a
2197,1717476,C,array;pointer;loop,1,1,True,26af03d8561bf70702164dfd8faaf132cd069131807acf2b9ec1f7922aca0e4f
2197,1171633,C,array;loop,1,1,True,b5542252b812869c8933a79a37b87422b89b553322c8c88a842a2e91b6f0b144
ALDS1_11_D,5080873,C,array;loop,20,20,True,38a0be9d42fd918195830be3b96f1543e5ea7d9a6e19ad7e404142ecd14b3648
ALDS1_11_D,2627116,C,array;loop,20,20,True,29761dcb3e2689b8a3b3977cabab2f6a36e1a705631354bd7fd66153902c3299
ALDS1_11_D,2438107,C,array;loop,20,20,True,277e93b06c37c12c8f6534af0ed55c156869ef535983e6a4db3e614cd208d36b
ALDS1_11_D,5085530,C,array;loop,20,20,True,be2564ea6a03950198fa42115fd875675ec906ec73d0947c0b853caa113d937e
ALDS1_11_D,3271704,C,array;loop,20,20,True,e01852d1765fc1421ff81489dd638b64885a615e75ed3fe9ad5fea5e06ebe7ee
ALDS1_11_D,5098843,C,array;loop,20,20,True,1909b22ccfeb22a3338d6683b3d9ccd90c16d5cb89659d442c551141c9b108ef
ALDS1_11_D,11600051,C,array;loop,20,20,True,94cc32759ad569354aee94f8424a608f82f4a5d75022d7313ac93677d5e16de3
ALDS1_11_D,5079004,C,array;loop,20,20,True,9e32f4e8e6656e6413cdc0d3125ed6beb6aa0b44a0274abff7fbfb726a32f127
ALDS1_11_D,5081495,C,array;loop,20,20,True,cfa310c72d9c01bc51e7aac17ca326efb321630281136d0dd64c67c4f11d4d9a
ALDS1_11_D,11287969,C,array;loop,20,20,True,9b8cc924bc7ddf91d7778ce491e938a6b56dc9d0d887db5d558d46ec5c89bdd9
ALDS1_13_B,6262281,C,array;pointer;loop,20,20,True,5d81c270f6ac357e23da4ad58fd796d9eb404784effc1775156f5ee6a7e68e08
ALDS1_13_B,3542367,C,array;loop,20,20,True,c24315bc00a82b6e94e050beb99c0425997096c8f77c976232a55078f8d9a6f4
ALDS1_13_B,2549420,C,array;pointer;loop,20,20,True,8d9a660d8593368dc5f64f39d687bc5f5dee8f1cb20ebec0ca2722bf418455f5
ALDS1_13_B,5190346,C,array;loop,20,20,True,f0c83f56eed4acb400dd32df4cafcfdbcd518b4b18c3a38554796472d7a463c6
ALDS1_13_B,8868468,C,array;pointer;loop,20,20,True,19340e276a625eebd454ce4b97756b7c3989f7fda0509b7c9dc5a1ed6c73cd62
ALDS1_13_B,2462510,C,array;pointer;loop,20,20,True,2f4c01a4e2741c13aa613d589d1bc675497e5060fa777704adf018a09f36b6c1
ALDS1_13_B,8853822,C,array;pointer;loop,20,20,True,e8a5b680d07c2ab2f805fad23674b36069e3ec079d525520ab8c38c09235e43f
ALDS1_13_B,8881249,C,array;pointer;loop,20,20,True,3154fd4dfdf0c587902319ff043860968b132ec2969a103407016876efcb05e8
ALDS1_13_B,8853618,C,array;loop,20,20,True,fbb475ed58a3ab4ffca495857e2906e6be580103286440479da5b45be18a27cd
ALDS1_13_B,8877845,C,array;pointer;loop,20,20,True,2dcefacaebd86f3bfca1abd806734c8b6c7ce81783ef08a89577fb3cfd0b03e5
ALDS1_13_C,7381441,C,array;loop,20,20,True,d330dc86299bcd08c0db1651250f9360a7fe5f8a940082143bd8ff1f8a3a448e
ALDS1_13_C,3755904,C,array;loop,20,20,True,49f7046f29ef5d677c58ebe9594f8f37482e82aa6c3b2ed4d2b8947e429b1260
ALDS1_13_C,8886413,C,array;pointer;loop,20,20,True,c60949ed2dd11490ba90dd288fc31dc8634ebe2d9663f8dedcf1b64742850956
ALDS1_13_C,8859208,C,array;loop,20,20,True,6b6c0d032ff6f8ce7d043b3d7e27326894216df5f59556a5bbd35bbeb9841bd0
ALDS1_13_C,11280410,C,array;pointer;loop,20,20,True,46d6a37683d9834ab60b5180a773ff05fce42db2f59582e1afcfffe56ea86c57
ALDS1_13_C,3085946,C,array;pointer;loop,20,20,True,cddc606f2cd81d3fe172d7ed868c9dccd2bae942a3f2fc9fce68ba9d0083a1b1
ALDS1_13_C,8884241,C,array;pointer;loop,20,20,True,788112fc58896b97b2e2ee65bb7f9c4c19182341b817aeaca2553e0c6dceb341
ALDS1_13_C,11311371,C,array;pointer;loop,20,20,True,3d18985c2327393fd8962185419b9075773bcd8b325a2b12faa0dee8e6c9e441
ALDS1_13_C,5206056,C,array;pointer;loop,20,20,True,10b239b5e51c2cdc2981c4c8330c2fef502776f204c9010ed058fe15106c3c15
ALDS1_13_C,6876488,C,array;pointer;loop,20,20,True,447584b8b552056d6b4d05da3616eaf2f2adfc2af68b0371252f1c903c1fa0ee
ALDS1_1_D,1296885,C,array;loop,20,20,True,619de725e904e58d24ce4dca80107fcc3836f13e261014582bdcadae2917dbb5
ALDS1_1_D,2032203,C,array;loop,20,20,True,40640c131eacb1c34acc1b1a894f869bae3398027a3c1498db7e482f3db9ceb9
ALDS1_1_D,1592106,C,array;loop,20,20,True,6b283bdc54f455164a6e63d121a8c91c0330625a8dfc874c770887733fb9e24b
ALDS1_1_D,1364312,C,array;loop,20,20,True,377b8412640e114fd5e4123c404ca19891215553edb3ce61fffa9d954aecd2af
ALDS1_1_D,2577955,C,array;loop,20,20,True,552b93036aa00df302f7cc861940b3982b3b05bf5c8aa7265b7149ddb55a4c1d
ALDS1_1_D,2150835,C,array;loop,20,20,True,714392ad1fa2cc72d9890e99e16b72c7020f96bb6ea24d7b09e6ebf7830b2069
ALDS1_1_D,1256709,C,array;loop,20,20,True,6cf9f5918e4474310787cdbfc0e270d03193966518241cee4256d100aa8c7d11
ALDS1_1_D,3264707,C,pointer;loop,20,20,True,ce73e0f6c94f890ad4af71119d89ee18a1a59d1cfa2cee6b90390baa82571607
ALDS1_1_D,8603223,C,array;loop,20,20,True,fbab948c98d058101aad7ec729a77328d79c3174265fb19d8925f0edf17193d3
ALDS1_1_D,1429876,C,array;loop,20,20,True,453fd81833696e4a760c3ef7c33061deebe2738fd5f8f93c8d1d8c02c2352b0f
DPL_1_A,1684634,C,array;loop,20,20,True,52ff3430a334d962dddeacb03ce4622a12861e84d9003357bc71b779f0f42ee9
DPL_1_A,6288522,C,array;loop,20,20,True,7ae0e54cc34d52afa5298336e48c391e880e35d05db5a99e1502beac4a8ed9f7
DPL_1_A,1684688,C,array;loop,20,20,True,fcc8b9428201baf3ddff0bfc1931f9529bb519d7448521819647c0363c255608
DPL_1_A,2348087,C,array;loop,20,20,True,1f2d0848eaf512f114e08d4b4596035fb5bcb4578a2bce9b590687e2732f321b
DPL_1_A,9018876,C,array;loop,20,20,True,9b9ea0de8dd6ca6bfa0f0e62c50c2717ca01175bca38c281d0a3d3bb4286f3b5
DPL_1_A,856026,C,array;loop,20,20,True,745ab74776732134e346e04286468ec2a31d3c5af76737a76dfd5f25e761c053
DPL_1_A,2412962,C,array;loop,20,20,True,b1616759512923894ef1a7923bf2c358529843745a2683bd0da4598265a14114
DPL_1_A,2343184,C,array;pointer;loop,20,20,True,23d3fe9ef88083fdb63e405ab4f0faef0d5b21a13815485ac1da0fb6e1574008
DPL_1_A,3772727,C,array;loop,20,20,True,f8473d23c40bfdd58457d53991849453753c87c0816ba14167662724ad88e775
DPL_1_A,3160132,C,array;loop,20,20,True,37e06af89f84332d7e420dc82536401e196a461ba67de65d1c58426ff267d74b
INFO1_04_C,8199258,C,pointer,8,8,True,b90da5ba6e2662225b2c700c0226c59d909f2eaafc8e570ab76c08ff917fcbdb
INFO1_04_C,9775665,C,pointer,8,8,True,ac9dfe7b91feab7ab368f08c04f6af0e8039004718283819e793704f492a6bd4
INFO1_04_C,8170200,C,pointer,8,8,True,9765ac54dd6b0525563a808e10ea23eb43882de501ba117b0144cfca6d6562e5
INFO1_04_C,7408752,C,pointer,8,8,True,6f1733da65a245caccffb185550ca0e85e99785383b3537a6a129818307ffd20
INFO1_04_C,8232254,C,pointer,8,8,True,4e66a60e83bc75d9cd964113add136fb8d9c622bc8cd196e141e578781dc5ba9
INFO1_04_C,8269319,C,pointer,8,8,True,c5c07bb849de4becac83d323328e188dd92765be1de061ce81db57b718d24245
INFO1_04_C,7927446,C,pointer,8,8,True,27a18a8fd109d28752c0d20c99090afebf4ca4edae01d490510206d59ef26a8e
INFO1_04_C,8713528,C,pointer,8,8,True,b7316f7462b42f7c5b18c268543ac0827ace6dc7a8daa37e381a066c1e2ff8b5
INFO1_04_C,7592437,C,pointer,8,8,True,0c5fc04bf1f5e6d18692d680dbd2ae14b57d28f51dbe9f84b9ded19abd1e18c5
INFO1_04_C,11365672,C,pointer,8,8,True,6e068530f55ccf6e1db5046eb5e734a4dd26036dbde88a923659154c0a99879f
INFO1_04_F,8199265,C,pointer;loop,8,8,True,a6a66cca172260bd3d1cd41ebefd663ea058c834b6210aa7769df7748751cf14
INFO1_04_F,9776289,C,pointer;loop,8,8,True,3358055d82145a671ecaf1eff31733e881a6988956da57fc63e5001c9604a533
INFO1_04_F,8905963,C,pointer,8,8,True,4cea8150d78544de22bf8135eebf35640a9f52129b74f8dc50bdbe04ef59e59d
INFO1_04_F,8232264,C,pointer,8,8,True,d41b4cf27edd08093801e3239fd7a90d7bfd16fccea738c0b12c74baafcc9979
INFO1_04_F,10207673,C,pointer;loop,8,8,True,543b3359125af69d88e0ac006a6421c2cc87c76b1522395f00b48641aa095f00
INFO1_04_F,7956718,C,pointer,8,8,True,b4076ad147b5a93308fc163939fa53150e3ce662cb0e97bef8dc810ae60a0cea
INFO1_04_F,7593000,C,pointer,8,8,True,8d127219a56b28dd55e63ac7fe9b72a9114f4cdc30796869a853d59d4d17caf4
INFO1_04_F,11366297,C,pointer;loop,8,8,True,c7482f49bae82b504ec87d65744592713ce258c7b60dfeb5f66e52d5ab00cd4e
INFO1_04_F,9662574,C,pointer,8,8,True,0dea9d935d9dabefb0626e9af2efd1b96accc980378ecf46c2fb36de8b897a58
INFO1_04_F,6830952,C,pointer;loop,8,8,True,46d6aafb7a497fb85c61f752c9973e594a245e84933f401f9d6d0df85da7ad19
INFO1_04_G,8199271,C,pointer,10,10,True,5a8ef34bdec5cdb3ea46dbcc0d05f0dda2ae9bf6ca55039c4b88dd0c1fe1f55e
INFO1_04_G,9776295,C,pointer,10,10,True,19fc7a132acdd7f1fb679d07067292ad22412a660385351dc3b4446c935ba444
INFO1_04_G,8170236,C,pointer,10,10,True,077a93bd86b4f63d768109c2de9437e8fc111fd964ce97373d7dc9cadd33fbf1
INFO1_04_G,7408763,C,pointer,10,10,True,00b37f776e9af4c6175c7890c7cd8460eae0e720a448f5101f5fa583b112fe03
INFO1_04_G,8232267,C,pointer,10,10,True,1b32bc5bebeb60bb41536b47e2568178589c36183040a62a8015fac7f622cb34
INFO1_04_G,10207676,C,pointer,10,10,True,349bcd84889e7f7773599b02a0f215b94692ffa97126d05b125882691886c360
INFO1_04_G,7956730,C,pointer,10,10,True,14f77319c03b1d6d816d4a3d3f65a8c44457a54fe0b9741bd8daf6a74dd21ce7
INFO1_04_G,8714154,C,pointer,10,10,True,d307e3f944d5334410aa8954d506e998f42040449728b810c9457b89a11b44b1
INFO1_04_G,10373657,C,pointer,10,10,True,4f89af2485b20fbf3c4f5e905a1ee3de2206300c1380906e3e831a2d6d5bfe4e
INFO1_04_G,7307848,C,pointer,10,10,True,dc1552b555c6f13ee738fc182728876fdf627c68751042ec07ed66397bf957b7
INFO1_04_H,8199274,C,pointer,10,10,True,6c83bf45868799cc3cdf2fc3f9f50ee780cbbec297a42464aaaa3f2be1f0f073
INFO1_04_H,9776303,C,pointer,10,10,True,c4ebd11c1d21890d5dcaa520f2c6afb873fa17de7fee377ecad5f74c2d6945da
INFO1_04_H,8905965,C,pointer,10,10,True,a976a7a0c06e00da7c763dd0f3adb9e7b04746fd39ddbdebe53280a7fdebda49
INFO1_04_H,8170241,C,pointer,10,10,True,c70b646ffcb19b41b721875c659764f711e34cfcb43cabb1f42c43eb547195f1
INFO1_04_H,8232269,C,pointer,10,10,True,a31bf2bf4b3f6697c14c618f4945d5f5ac1d355150862dea6fe6b00dd775eced
INFO1_04_H,10207680,C,pointer,10,10,True,45c5bdd77479a6aae6376e025df70cde32828a72d08552707c844b30344f55a4
INFO1_04_H,7957241,C,pointer,10,10,True,c70517d8ea35cf404a0096faba5f8a9070c6389b07d54a4a7efeba1289af2cbb
INFO1_04_H,8714159,C,pointer,10,10,True,d2ffb6b000b0123788c89dbc933d8f3fd68e704c963694b5eb598f58e7a80de5
INFO1_04_H,7593021,C,pointer,10,10,True,af63d8e4da16cee646759a3899a8664236898b0b8c70a1de082002d760c40f8c
INFO1_04_H,11106089,C,pointer,10,10,True,89e37cb1e232fe82b33c557074a7efcab73eb47d0ccf5cd1bd4c14c5aa05fd49
INFO1_04_I,8199276,C,pointer,10,10,True,3cd0d192950cde5ce413673570f5385e9c236fab4c73b83d70f8d5690f37231c
INFO1_04_I,9776311,C,pointer,10,10,True,fcd3ca15d16e0868f4bd2d947ccf8f8d2a02ae1781fc64c4e36bae295abdd5cb
INFO1_04_I,8905967,C,pointer,10,10,True,6b4bbb15918b77403385950049f56acec1aefe736f4a189ab5417209884a8ece
INFO1_04_I,8170249,C,pointer,10,10,True,70f87e3640ac9bc4e95a075510503409238ad3cdae47b3cf23e7eccabf54104d
INFO1_04_I,7408776,C,pointer,10,10,True,933fcd56d3353df9ff6da66e47f9a8e75392c2f802585ffd07482455ae06db6b
INFO1_04_I,8232271,C,pointer,10,10,True,f0f41a43404999621ab8207dd9b271f30325713101ad928e0ef0bb1af910938b
INFO1_04_I,10207682,C,pointer,10,10,True,80580d5cd2e7901ebb40ec65dde5949066b4ce5e9c6be5823ca68911a4edd3b1
INFO1_04_I,7957250,C,pointer,10,10,True,7aa7493e0c066cc04800c155825e78c1959a93d632f0d62b955e5493264396d5
INFO1_04_I,8714164,C,pointer,10,10,True,1cf09b9ade570a99f3c4fad06d31278f5288f345927a9348bec00988594dedc1
INFO1_04_I,6830959,C,array;pointer;loop,10,10,True,5af8a5b28f262cd443609699ec9322d5c689aa5672877f43d028ace4532e0919
ITP1_11_C,2825471,C,array;loop,20,20,True,a77c1fda17b8d4868283caa6df03b75f3c95d92ab9f273ec67f63036032a4c50
ITP1_11_C,1335459,C,array;loop,20,20,True,b1f14d3c86fbb4a028c42b66af6e615156532c5f28441991488be8cfa6977e23
ITP1_11_C,4378418,C,array;pointer;loop,20,20,True,28b2488953be687ca21b5c0d1c0f3169810e18dc959ab135c336b73d4d28aad8
ITP1_11_C,3742665,C,array;loop,20,20,True,0833f55f0acf22bea09a11aaca050d50c1179e0d7b6b357f957902706b066713
ITP1_11_C,1301918,C,array;loop,20,20,True,f47297beadfc066774551879cdf11f0eff8f7afcb529f684d6c27adb4e656839
ITP1_11_C,2035031,C,array;loop,20,20,True,1d0169da3cb3fc92acf783c11a0af8a236c2a056537be1b10e8e9a342051bdd0
ITP1_11_C,4368162,C,array;loop,20,20,True,c69119baf68356bc2ea9ec3078ee582c64c65faca12752e847a27bec50cc034e
ITP1_11_C,2881570,C,array;pointer;loop,20,20,True,d4d5f1b7eb258051280ffe8e31cd5721bae22dad7e953e107dbb942443777124
ITP1_11_C,1388430,C,array;loop,20,20,True,8fa0cd01e9dfd8ca8155dccadc3dc8601898c55caf94e05ff477640cf0ceaba6
ITP1_11_C,3073998,C,array;pointer;loop,20,20,True,bcafe0acc8fd2d6ba67a49aabb5de3eeee8bcdd3dd4449a92a5c0fd5b55ba650
ITP1_11_D,3154376,C,array;loop,20,20,True,fe11e248db807eb880c7a1fce7e71ea9a0b5f6a336de656f3cf68abf69c773d5
ITP1_11_D,1335542,C,array;loop,20,20,True,94762873867da9c437bb5d766b0e01135803bf796070e9e9c3f5a91ca3126404
ITP1_11_D,4378430,C,array;pointer;loop,20,20,True,faa54ab7f1d8b2e3f4fc3cf6d5c2a6aeec5d4a5cfabfe80ad82c7ab53922e1f5
ITP1_11_D,3742673,C,array;pointer;loop,20,20,True,7a72a8b07e5088fe7adbdd088b5d32a2ea44a7e36dd388bc413ff67223173104
ITP1_11_D,1303216,C,array;loop,20,20,True,168f575a1520d913a9f0f195444d06cd02f490caf9651972d8c4f7dbc11bcfb1
ITP1_11_D,2035038,C,array;loop,20,20,True,b6b706aa579eae0329f92a81373099ccdceadc4bc3d6b2d9585780fd1365923f
ITP1_11_D,2090148,C,array;loop,20,20,True,bfe16b6bbe01753521b945c2586e86ce49995f6a920f2b194644d7a5f7d790b9
ITP1_11_D,6668539,C,array;loop,20,20,True,a720a8ea66b3bc14c467f797cb9d1706dad278b076266d8529c6769886966cfd
ITP1_11_D,3293126,C,array;loop,20,20,True,4f0785eef4020405d5263ce2bc1b456ef67459f3ba51414efc0fdd874de8c693
ITP1_11_D,4382577,C,array;pointer;loop,20,20,True,b2cd192c12e0e420271c4a93840dc7beaf51285e316b8fc0d1a4ce6b4761f8c3
ITP1_1_B,650410,C,pointer,4,4,True,7ff98ec92f1994e863b0c8bffdbb7acb98e21786b9a28ee4c59a8e20d1027ca6
ITP1_1_B,1800823,C,pointer,4,4,True,b5f3819820f8c5d312bd99bf682edb5f6396b5d3e2947bc792ab06fcec8d813b
ITP1_1_B,377144,C,pointer,4,4,True,95ebda8cdd1f9264ec19ac5aa5b960dddaa994a833cee235dd827648ae4155ff
ITP1_1_B,11636276,C,pointer,4,4,True,fcb6eceb9303e49774ad4e523d3d09ee2b496bf993b2accfedceac8cb2ef1921
ITP1_1_B,1733726,C,pointer,4,4,True,760680564e75e7caaa484ef0b60d00b90f823a75f69e6b6b190d87a9c45b3b0d
ITP1_1_B,1047885,C,pointer,4,4,True,f28240cab9f6f5da04f96e9444cfe7828a5c01f5572456d96f703d26e53fa88c
ITP1_1_B,644503,C,pointer,4,4,True,105f70d66fa37b6d5123c52d145e8b661ab9413f5b5ebfb03bfd897719892937
ITP1_1_B,3139388,C,pointer,4,4,True,9d265f9f15c8bc376c8490782da7d4d452fb448852ab7afad4c4490f00c46691
ITP1_1_B,6593461,C,pointer,4,4,True,5305beb410a0b27ad62edabafb6f569303a9a5653bd077a6e8ce19dbd7e5e3d9
ITP1_1_B,1292449,C,pointer,4,4,True,a53f4f303ddc0d662c71dcb4300d2f31abdec270c87a2c330d6f332e387110b7
ITP1_1_C,2462057,C,pointer,2,2,True,0eccf51451d0e3eb01296c7eb7e8f4322d83d71eb34a921c6719ad3505a5dc64
ITP1_1_C,650415,C,pointer,2,2,True,fc8c3fb6589577ca2b148402313d0c3bcdb7b19251aae8483e8ac7b227e41e0c
ITP1_1_C,1766364,C,pointer,2,2,True,74da0d10ddbee52726818b6343c84fabd2c28b5736f609eefc00b2112c708bcb
ITP1_1_C,11632542,C,pointer,2,2,True,34fc1387aa611894250018129dbb7c2fb5d5731440c89ac945c231f0d33dd872
ITP1_1_C,1733738,C,pointer,2,2,True,933bdb7904c0d91f147fe78df49e8f13fc06a1ab4928ecc3b3c3007b667d0067
ITP1_1_C,1047887,C,pointer,2,2,True,20c8f8b86865a999aaae4c44986690c46cbab41ebd272e00347ce920b0bc228b
ITP1_1_C,644508,C,pointer,2,2,True,17440eda6158f8a82a8cd08b884ecfe4d35f45c7004a5285f3e12d5dff116348
ITP1_1_C,588813,C,pointer,2,2,True,4092d53a4153a71e1f7a54e82b7c6728456684ba19b33170151891736dad691d
ITP1_1_C,3139390,C,pointer,2,2,True,b3810300524931525407d9d43a1f0c2c6a97bfcfc9c3dc4cd7db0d1c9757aabb
ITP1_1_C,1285933,C,pointer,2,2,True,3b940920bcb9ff85fb06ae8046908dc7dfc543722564cb22bff5dd97f8d5cd6d
ITP1_1_D,1753434,C,pointer,10,10,True,694268f66e5e0933af9cbd4d1471ed5e301239a94f81e117a9e28300056313d8
ITP1_1_D,5799547,C,pointer,10,10,True,39289a2be20a517e7650ace6e843d2055f90cde6875118b00f211c1deded9b43
ITP1_1_D,1030108,C,pointer,10,10,True,79c103cfd573dae6915ef4cb8cfb894b28c875a6139338272eb612c0e020e2eb
ITP1_1_D,4911982,C,pointer,10,10,True,41c12002c054d0c0359dcb7f1d82b8ad234e9f9d8344ec25d42c801978f918f6
ITP1_1_D,4358527,C,pointer,10,10,True,8dbfa97fcd770bb8c0b4109e4ab1863a8d57c685c13e254b3861d2640c39f645
ITP1_1_D,2328515,C,pointer,10,10,True,1b0d4603cee9c56803455df2a1d647d4cdcc385b4db7311541219447996393bb
ITP1_1_D,2768068,C,pointer,10,10,True,3e91aecf9e4e0270e79dbb9cc9f2f45e04f65551846cb7767aac15ecbf02d83a
ITP1_1_D,1156332,C,pointer,10,10,True,6717ff4cba610dc5d4d80b9580552ff942d9c37a916d9aedc6c56c22b0922934
ITP1_1_D,2326242,C,pointer,10,10,True,a81f104966f871d9f847fba3a23f45bf58ee0304bded926b615d44271551d88e
ITP1_1_D,2269969,C,pointer,10,10,True,2253cbad7ee9ee7fe89b63c543b7f1aa7329beb156054d4295da9eec1d09e5a5
ITP1_3_C,6594407,C,pointer;loop,1,1,True,cfa996dbb60ffc795b0440b1ca24c00598b993d15a5d0024cb3461f5a66482b1
ITP1_3_C,3183771,C,array;loop,1,1,True,6f8a769bf8130ad28107cb8dd65447cbdcb4e3ac5a6150447d05b86442431004
ITP1_3_C,1943965,C,array;loop,1,1,True,7c256638a682249eecefbcb14502f90bdd1649fea3f28cf4a7a9a014a9330bb4
ITP1_3_C,2488487,C,array;loop,1,1,True,3f33644f1179bdb5e5d7897a72cbb0e494eefa1d94c9fd72c02856065c027c35
ITP1_3_C,5319158,C,pointer;loop,1,1,True,03f0699fb9042075d2b29a842680a1ca2ee34d7b311a48c9f4fde0c8293695a7
ITP1_3_C,2870397,C,array;loop,1,1,True,9f58a8969734083ecb15d3dabf505d0b506889ab2e7e2b106ddd0e6e3b5fda11
ITP1_3_C,1953121,C,pointer;loop,1,1,True,01859b69207983dd98f395ac2d0b9f1c5b7b40dde49ecdd5d883a5a002966f48
ITP1_3_C,8885820,C,array;loop,1,1,True,fdb685a5f3f3c151e3bb21b9a3178a8d75f001ea1ba06214df4b0218000c1863
ITP1_3_C,1163360,C,pointer;loop,1,1,True,bc8198e71d9f924552fa94b39cfe8e76eb937c2786ba2498e60f6a1f4ea915b0
ITP1_3_C,871641,C,pointer;loop,1,1,True,896b536f22675da2ffa3f69590492a36bd0eae414df72ec03a1548d0066b5c62
ITP1_5_A,460387,C,array;pointer;loop,4,4,True,10fb3172bc37878abc2e200e27183b63cbe9ad736a2977ecb631356d81ed862c
ITP1_5_A,1972431,C,array;loop,4,4,True,fe49d1275269226ee7c7083ae5223afa9126d4c7580dffe55258df6a692ae857
ITP1_5_A,2567888,C,array;loop,4,4,True,8bb7559cc9dd566186dc0d914bf1295429696bf0d96e587dc073f45eccf2c972
ITP1_5_A,2871352,C,array;loop,4,4,True,c1ad53bcf536d45b9e0e83fdaa85d38e3f9041bb63e6afea01da4e541e0f9483
ITP1_5_A,1959317,C,pointer;loop,4,4,True,f7ad20afe43a295cfa55cb676d7c8816e25b99210cbe15066e7e179c75442a4d
ITP1_5_A,1163440,C,pointer;loop,4,4,True,47add602b10ce5c12ac15ee050a63683e9e1f50bed57a3162c6e7a9662050d7e
ITP1_5_A,879318,C,array;loop,4,4,True,249d29e0165a055088e69d709110c02622339bd9f3c9843280d3423edfe47fca
ITP1_5_A,2471115,C,array;loop,4,4,True,3fa609a9b31e3c8de0b2dbd509ada0e9c50c59e8f31ac26fb7d97192ae95151d
ITP1_5_A,1908232,C,array;loop,4,4,True,99c9bfd29aac25fe997b90cfce496e778486f8c8a6acedf1d9d78c1713489bde
ITP1_5_A,2638691,C,array;loop,4,4,True,b02f8f17e81378a3a46c6f32c0fc2b5a0cffbbc67a190da475077f3e74388533
ITP1_5_B,1048278,C,pointer;loop,2,2,True,c047754b4a56637071894823d61544afcac36ba6c29c5b3b2687c870363c0100
ITP1_5_B,6597466,C,pointer;loop,2,2,True,804a3090513483a05cdae245749aa07f7b444c09ea95b7f51475587a10eedc52
ITP1_5_B,460388,C,array;pointer;loop,2,2,True,727d88a9b03349850f55721b811c7228bf4e8559d100c83fbeda57020be8256c
ITP1_5_B,2568208,C,array;loop,2,2,True,522e07d5a6235addeac9b7d795a25e8ec277b5f39829677dd2026b9ac86a20bd
ITP1_5_B,2871360,C,array;loop,2,2,True,8b235b2cd212c0b4644f99c7129c764ac30ec44659e0b950394196cd530c6d1f
ITP1_5_B,1959364,C,pointer;loop,2,2,True,93e6168d71df7a5099cf4de48b5b8259764fb69edc4b86d40e28ff04f31d3990
ITP1_5_B,1163442,C,pointer;loop,2,2,True,7dffd64582d6c94111223c68dc2eb21680ea440faf072f3ef1b93ed58867561a
ITP1_5_B,879323,C,array;loop,2,2,True,4f9944a6a35f5a15bbce88700940fa1bee24b133143e1274c3ae918579bded8a
ITP1_5_B,773261,C,array;loop,2,2,True,035a8c26851a486c8d6347c16933dfde54d9b98107ddfd3335a907cf7a8d7a50
ITP1_5_B,2471125,C,array;loop,2,2,True,e1697fcd11108043ab1bfc2d254e7d8cb6ce100f67e9ce2c62ba2738c666a2ae
ITP1_5_C,460389,C,array;pointer;loop,4,4,True,2f8e62cba278f064cd53c58e7608d2b0f35ea32e6878ba86a4c6b08c2bd3487e
ITP1_5_C,2206629,C,pointer;loop,4,4,True,a1b3dd4626ca84b08c3edeacba5beea7473c3cefe530220adffe83efd68b705e
ITP1_5_C,2568229,C,array;loop,4,4,True,bc6e588dfe31aae8a7bb4916e1ebba586eea21c855c3f16cf4a3ec8a9aa5cad1
ITP1_5_C,2871526,C,array;loop,4,4,True,dc6431fc10577c452142c1527228e1dd238996443dab61b081c16d10aee8de90
ITP1_5_C,1959406,C,pointer;loop,4,4,True,46e3b7376e0c7d912808433ad9a1c576883c945583ec1e9cd6e1217b57503b8e
ITP1_5_C,1163460,C,pointer;loop,4,4,True,f41406aa5cd19eeececca96a8a28701cc6dccafd6d35b2b0e03da64f5a70fad1
ITP1_5_C,879337,C,array;loop,4,4,True,9d0b83262bab217ce5264cb0141762b34f64ce9aa6d6590d9dbcd837dd8b75ed
ITP1_5_C,773274,C,array;loop,4,4,True,800dfdd99a8cd5bcc18bad268d4f14f56a7ba261aaa39937714664e0e103572a
ITP1_5_C,2471129,C,array;loop,4,4,True,dcd79378549ac17753cef548891f49f32bce05bff2cdc1c1edacd620032d23a0
ITP1_5_C,1908230,C,array;loop,4,4,True,634be5400180f0909dbf1599adbe3e8ea666553b78b7bdaf02ab7a148ae84d3c
ITP1_8_B,11661460,C,array;loop,4,4,True,192035751c2566e7fa623a4f9e94f10b4fb510eab98e83e753efa9eb0ab75e2c
ITP1_8_B,1049156,C,array;loop,4,4,True,0fd97007244c7e34d63d5e5d41cba721be31faae0128677f958389fa6a0e4b94
ITP1_8_B,3153826,C,array;pointer;loop,4,4,True,3cbd5f81553687fb60f2a8f31a80af904eb114121508d7ce73fab4a755af0525
ITP1_8_B,1302801,C,array;loop,4,4,True,b67312943440d762fe96a9486c35ac5da99b20c39eb978b01b8ff28e9530f185
ITP1_8_B,4753326,C,array;loop,4,4,True,baa91ba64a3e14a253b37ffed2dd3b50b11902c51c4a421a1bf2cee45fa34512
ITP1_8_B,879787,C,array;pointer;loop,4,4,True,e8313eedae09eb6b20c57fe55be7bf13a95fed4aac1bdc5ba21dcd5425f321d6
ITP1_8_B,1310802,C,array;loop,4,4,True,f417027cd35fcc60cf8c50e320cdd4d088c82b73946177277d4467a24d5ec892
ITP1_8_B,2113523,C,array;loop,4,4,True,5238250d5ef98cccdf3966f03c537c57451ec7e41b3832cf69da9aac66da22b2
ITP1_8_B,911440,C,array;loop,4,4,True,3e6cbd1a8b0cbbe3050e889f6c59d8678fef0cda004a765b91e2de6000671a48
ITP1_8_B,1929444,C,array;loop,4,4,True,1cee2fbf74563ab5ce71484de99c3958d42a91e860cc4dfc6c0a4bfe8dd8f25c
